Site,Date,Month,Day,Year,ambient_precip
SGS,4/1/2014,4,1,2014,0
SGS,4/2/2014,4,2,2014,0
SGS,4/3/2014,4,3,2014,0
SGS,4/4/2014,4,4,2014,0
SGS,4/5/2014,4,5,2014,0
SGS,4/6/2014,4,6,2014,0
SGS,4/7/2014,4,7,2014,0
SGS,4/8/2014,4,8,2014,0
SGS,4/9/2014,4,9,2014,0
SGS,4/10/2014,4,10,2014,0
SGS,4/11/2014,4,11,2014,0
SGS,4/12/2014,4,12,2014,0
SGS,4/13/2014,4,13,2014,1.225
SGS,4/14/2014,4,14,2014,0
SGS,4/15/2014,4,15,2014,0
SGS,4/16/2014,4,16,2014,0
SGS,4/17/2014,4,17,2014,0
SGS,4/18/2014,4,18,2014,0
SGS,4/19/2014,4,19,2014,0
SGS,4/20/2014,4,20,2014,0
SGS,4/21/2014,4,21,2014,0
SGS,4/22/2014,4,22,2014,0
SGS,4/23/2014,4,23,2014,0
SGS,4/24/2014,4,24,2014,0
SGS,4/25/2014,4,25,2014,0
SGS,4/26/2014,4,26,2014,0
SGS,4/27/2014,4,27,2014,0.735
SGS,4/28/2014,4,28,2014,0
SGS,4/29/2014,4,29,2014,1.225
SGS,4/30/2014,4,30,2014,0
SGS,5/1/2014,5,1,2014,0
SGS,5/2/2014,5,2,2014,0
SGS,5/3/2014,5,3,2014,0
SGS,5/4/2014,5,4,2014,0
SGS,5/5/2014,5,5,2014,0
SGS,5/6/2014,5,6,2014,1.47
SGS,5/7/2014,5,7,2014,8.33
SGS,5/8/2014,5,8,2014,3.92
SGS,5/9/2014,5,9,2014,2.205
SGS,5/10/2014,5,10,2014,1.225
SGS,5/11/2014,5,11,2014,14.7
SGS,5/12/2014,5,12,2014,0
SGS,5/13/2014,5,13,2014,0
SGS,5/14/2014,5,14,2014,0
SGS,5/15/2014,5,15,2014,0
SGS,5/16/2014,5,16,2014,0
SGS,5/17/2014,5,17,2014,0
SGS,5/18/2014,5,18,2014,0
SGS,5/19/2014,5,19,2014,0
SGS,5/20/2014,5,20,2014,0
SGS,5/21/2014,5,21,2014,0
SGS,5/22/2014,5,22,2014,0
SGS,5/23/2014,5,23,2014,2.695
SGS,5/24/2014,5,24,2014,1.96
SGS,5/25/2014,5,25,2014,6.86
SGS,5/26/2014,5,26,2014,3.185
SGS,5/27/2014,5,27,2014,0
SGS,5/28/2014,5,28,2014,0
SGS,5/29/2014,5,29,2014,0
SGS,5/30/2014,5,30,2014,5.39
SGS,5/31/2014,5,31,2014,17.395
SGS,6/1/2014,6,1,2014,0
SGS,6/2/2014,6,2,2014,0
SGS,6/3/2014,6,3,2014,0
SGS,6/4/2014,6,4,2014,0
SGS,6/5/2014,6,5,2014,0
SGS,6/6/2014,6,6,2014,0
SGS,6/7/2014,6,7,2014,0
SGS,6/8/2014,6,8,2014,3.92
SGS,6/9/2014,6,9,2014,0
SGS,6/10/2014,6,10,2014,1.47
SGS,6/11/2014,6,11,2014,2.205
SGS,6/12/2014,6,12,2014,0
SGS,6/13/2014,6,13,2014,0
SGS,6/14/2014,6,14,2014,0
SGS,6/15/2014,6,15,2014,0
SGS,6/16/2014,6,16,2014,0
SGS,6/17/2014,6,17,2014,0
SGS,6/18/2014,6,18,2014,7.595
SGS,6/19/2014,6,19,2014,0
SGS,6/20/2014,6,20,2014,0
SGS,6/21/2014,6,21,2014,0
SGS,6/22/2014,6,22,2014,12.495
SGS,6/23/2014,6,23,2014,34.3
SGS,6/24/2014,6,24,2014,6.35
SGS,6/25/2014,6,25,2014,0
SGS,6/26/2014,6,26,2014,0
SGS,6/27/2014,6,27,2014,1.778
SGS,6/28/2014,6,28,2014,0
SGS,6/29/2014,6,29,2014,0
SGS,6/30/2014,6,30,2014,0
SGS,7/1/2014,7,1,2014,0
SGS,7/2/2014,7,2,2014,0
SGS,7/3/2014,7,3,2014,0
SGS,7/4/2014,7,4,2014,0
SGS,7/5/2014,7,5,2014,0
SGS,7/6/2014,7,6,2014,0
SGS,7/7/2014,7,7,2014,0
SGS,7/8/2014,7,8,2014,0
SGS,7/9/2014,7,9,2014,0
SGS,7/10/2014,7,10,2014,0
SGS,7/11/2014,7,11,2014,0.508
SGS,7/12/2014,7,12,2014,0
SGS,7/13/2014,7,13,2014,1.016
SGS,7/14/2014,7,14,2014,0
SGS,7/15/2014,7,15,2014,4.572
SGS,7/16/2014,7,16,2014,9.398
SGS,7/17/2014,7,17,2014,0
SGS,7/18/2014,7,18,2014,0.762
SGS,7/19/2014,7,19,2014,0
SGS,7/20/2014,7,20,2014,0
SGS,7/21/2014,7,21,2014,0
SGS,7/22/2014,7,22,2014,0
SGS,7/23/2014,7,23,2014,0
SGS,7/24/2014,7,24,2014,0
SGS,7/25/2014,7,25,2014,0
SGS,7/26/2014,7,26,2014,0
SGS,7/27/2014,7,27,2014,0
SGS,7/28/2014,7,28,2014,0
SGS,7/29/2014,7,29,2014,18.288
SGS,7/30/2014,7,30,2014,13.97
SGS,7/31/2014,7,31,2014,0
SGS,8/1/2014,8,1,2014,0
SGS,8/2/2014,8,2,2014,0
SGS,8/3/2014,8,3,2014,0
SGS,8/4/2014,8,4,2014,0
SGS,8/5/2014,8,5,2014,0
SGS,8/6/2014,8,6,2014,1.016
SGS,8/7/2014,8,7,2014,0
SGS,8/8/2014,8,8,2014,0
SGS,8/9/2014,8,9,2014,0
SGS,8/10/2014,8,10,2014,0
SGS,8/11/2014,8,11,2014,0
SGS,8/12/2014,8,12,2014,0
SGS,8/13/2014,8,13,2014,0
SGS,8/14/2014,8,14,2014,5.334
SGS,8/15/2014,8,15,2014,0
SGS,8/16/2014,8,16,2014,0
SGS,8/17/2014,8,17,2014,0
SGS,8/18/2014,8,18,2014,10.924
SGS,8/19/2014,8,19,2014,0
SGS,8/20/2014,8,20,2014,0
SGS,8/21/2014,8,21,2014,0
SGS,8/22/2014,8,22,2014,1.778
SGS,8/23/2014,8,23,2014,2.286
SGS,8/24/2014,8,24,2014,0
SGS,8/25/2014,8,25,2014,0
SGS,8/26/2014,8,26,2014,0
SGS,8/27/2014,8,27,2014,0
SGS,8/28/2014,8,28,2014,0
SGS,8/29/2014,8,29,2014,1.778
SGS,8/30/2014,8,30,2014,0.508
SGS,8/31/2014,8,31,2014,2.032
SGS,9/1/2014,9,1,2014,0
SGS,9/2/2014,9,2,2014,0
SGS,9/3/2014,9,3,2014,0
SGS,9/4/2014,9,4,2014,0
SGS,9/5/2014,9,5,2014,0.508
SGS,9/6/2014,9,6,2014,0
SGS,9/7/2014,9,7,2014,0
SGS,9/8/2014,9,8,2014,0
SGS,9/9/2014,9,9,2014,1.778
SGS,9/10/2014,9,10,2014,0.762
SGS,9/11/2014,9,11,2014,0.508
SGS,9/12/2014,9,12,2014,0
SGS,9/13/2014,9,13,2014,0
SGS,9/14/2014,9,14,2014,0
SGS,9/15/2014,9,15,2014,0
SGS,4/1/2015,4,1,2015,0
SGS,4/2/2015,4,2,2015,2.032
SGS,4/3/2015,4,3,2015,0
SGS,4/4/2015,4,4,2015,0
SGS,4/5/2015,4,5,2015,0
SGS,4/6/2015,4,6,2015,0
SGS,4/7/2015,4,7,2015,0
SGS,4/8/2015,4,8,2015,0
SGS,4/9/2015,4,9,2015,1.27
SGS,4/10/2015,4,10,2015,0
SGS,4/11/2015,4,11,2015,0
SGS,4/12/2015,4,12,2015,0
SGS,4/13/2015,4,13,2015,0
SGS,4/14/2015,4,14,2015,0
SGS,4/15/2015,4,15,2015,1.524
SGS,4/16/2015,4,16,2015,8.89
SGS,4/17/2015,4,17,2015,17.526
SGS,4/18/2015,4,18,2015,0
SGS,4/19/2015,4,19,2015,0
SGS,4/20/2015,4,20,2015,0
SGS,4/21/2015,4,21,2015,0
SGS,4/22/2015,4,22,2015,0
SGS,4/23/2015,4,23,2015,0
SGS,4/24/2015,4,24,2015,0.762
SGS,4/25/2015,4,25,2015,0
SGS,4/26/2015,4,26,2015,6.35
SGS,4/27/2015,4,27,2015,0.508
SGS,4/28/2015,4,28,2015,0
SGS,4/29/2015,4,29,2015,0
SGS,4/30/2015,4,30,2015,0.508
SGS,5/1/2015,5,1,2015,0
SGS,5/2/2015,5,2,2015,0
SGS,5/3/2015,5,3,2015,0
SGS,5/4/2015,5,4,2015,0
SGS,5/5/2015,5,5,2015,1.524
SGS,5/6/2015,5,6,2015,26.924
SGS,5/7/2015,5,7,2015,0
SGS,5/8/2015,5,8,2015,20.574
SGS,5/9/2015,5,9,2015,25.4
SGS,5/10/2015,5,10,2015,0
SGS,5/11/2015,5,11,2015,0
SGS,5/12/2015,5,12,2015,0
SGS,5/13/2015,5,13,2015,2.032
SGS,5/14/2015,5,14,2015,0
SGS,5/15/2015,5,15,2015,0
SGS,5/16/2015,5,16,2015,0
SGS,5/17/2015,5,17,2015,2.794
SGS,5/18/2015,5,18,2015,0.508
SGS,5/19/2015,5,19,2015,30.226
SGS,5/20/2015,5,20,2015,0
SGS,5/21/2015,5,21,2015,0
SGS,5/22/2015,5,22,2015,13.716
SGS,5/23/2015,5,23,2015,4.826
SGS,5/24/2015,5,24,2015,1.778
SGS,5/25/2015,5,25,2015,1.524
SGS,5/26/2015,5,26,2015,0.508
SGS,5/27/2015,5,27,2015,0.762
SGS,5/28/2015,5,28,2015,0.508
SGS,5/29/2015,5,29,2015,0.508
SGS,5/30/2015,5,30,2015,0
SGS,5/31/2015,5,31,2015,12.446
SGS,6/1/2015,6,1,2015,0.762
SGS,6/2/2015,6,2,2015,0
SGS,6/3/2015,6,3,2015,4.826
SGS,6/4/2015,6,4,2015,0
SGS,6/5/2015,6,5,2015,18.796
SGS,6/6/2015,6,6,2015,0.762
SGS,6/7/2015,6,7,2015,2.54
SGS,6/8/2015,6,8,2015,0
SGS,6/9/2015,6,9,2015,0
SGS,6/10/2015,6,10,2015,0
SGS,6/11/2015,6,11,2015,20.066
SGS,6/12/2015,6,12,2015,0
SGS,6/13/2015,6,13,2015,0
SGS,6/14/2015,6,14,2015,0
SGS,6/15/2015,6,15,2015,0
SGS,6/16/2015,6,16,2015,2.032
SGS,6/17/2015,6,17,2015,0
SGS,6/18/2015,6,18,2015,0
SGS,6/19/2015,6,19,2015,0
SGS,6/20/2015,6,20,2015,0
SGS,6/21/2015,6,21,2015,0
SGS,6/22/2015,6,22,2015,0
SGS,6/23/2015,6,23,2015,0
SGS,6/24/2015,6,24,2015,0
SGS,6/25/2015,6,25,2015,0
SGS,6/26/2015,6,26,2015,0
SGS,6/27/2015,6,27,2015,0
SGS,6/28/2015,6,28,2015,0
SGS,6/29/2015,6,29,2015,0
SGS,6/30/2015,6,30,2015,1.524
SGS,7/1/2015,7,1,2015,0
SGS,7/2/2015,7,2,2015,3.302
SGS,7/3/2015,7,3,2015,0
SGS,7/4/2015,7,4,2015,0
SGS,7/5/2015,7,5,2015,0
SGS,7/6/2015,7,6,2015,1.27
SGS,7/7/2015,7,7,2015,0
SGS,7/8/2015,7,8,2015,11.684
SGS,7/9/2015,7,9,2015,0
SGS,7/10/2015,7,10,2015,0.254
SGS,7/11/2015,7,11,2015,1.016
SGS,7/12/2015,7,12,2015,0
SGS,7/13/2015,7,13,2015,0
SGS,7/14/2015,7,14,2015,0.762
SGS,7/15/2015,7,15,2015,6.858
SGS,7/16/2015,7,16,2015,0
SGS,7/17/2015,7,17,2015,0
SGS,7/18/2015,7,18,2015,0
SGS,7/19/2015,7,19,2015,0
SGS,7/20/2015,7,20,2015,0
SGS,7/21/2015,7,21,2015,8.89
SGS,7/22/2015,7,22,2015,0
SGS,7/23/2015,7,23,2015,0
SGS,7/24/2015,7,24,2015,0
SGS,7/25/2015,7,25,2015,0
SGS,7/26/2015,7,26,2015,0
SGS,7/27/2015,7,27,2015,0
SGS,7/28/2015,7,28,2015,0
SGS,7/29/2015,7,29,2015,0
SGS,7/30/2015,7,30,2015,0
SGS,7/31/2015,7,31,2015,0
SGS,8/1/2015,8,1,2015,0
SGS,8/2/2015,8,2,2015,0
SGS,8/3/2015,8,3,2015,0
SGS,8/4/2015,8,4,2015,0
SGS,8/5/2015,8,5,2015,0
SGS,8/6/2015,8,6,2015,0
SGS,8/7/2015,8,7,2015,0
SGS,8/8/2015,8,8,2015,6.858
SGS,8/9/2015,8,9,2015,0.508
SGS,8/10/2015,8,10,2015,0
SGS,8/11/2015,8,11,2015,0
SGS,8/12/2015,8,12,2015,0
SGS,8/13/2015,8,13,2015,0
SGS,8/14/2015,8,14,2015,0
SGS,8/15/2015,8,15,2015,7.112
SGS,8/16/2015,8,16,2015,0
SGS,8/17/2015,8,17,2015,0
SGS,8/18/2015,8,18,2015,1.016
SGS,8/19/2015,8,19,2015,0
SGS,8/20/2015,8,20,2015,0
SGS,8/21/2015,8,21,2015,0
SGS,8/22/2015,8,22,2015,0
SGS,8/23/2015,8,23,2015,0
SGS,8/24/2015,8,24,2015,0
SGS,8/25/2015,8,25,2015,0
SGS,8/26/2015,8,26,2015,0
SGS,8/27/2015,8,27,2015,0
SGS,8/28/2015,8,28,2015,2.286
SGS,8/29/2015,8,29,2015,0
SGS,8/30/2015,8,30,2015,0
SGS,8/31/2015,8,31,2015,0
SGS,9/1/2015,9,1,2015,0
SGS,9/2/2015,9,2,2015,0
SGS,9/3/2015,9,3,2015,0
SGS,9/4/2015,9,4,2015,0
SGS,9/5/2015,9,5,2015,0
SGS,9/6/2015,9,6,2015,0
SGS,9/7/2015,9,7,2015,0
SGS,9/8/2015,9,8,2015,0
SGS,9/9/2015,9,9,2015,0
SGS,9/10/2015,9,10,2015,0
SGS,9/11/2015,9,11,2015,0
SGS,9/12/2015,9,12,2015,0
SGS,9/13/2015,9,13,2015,0
SGS,9/14/2015,9,14,2015,0
SGS,9/15/2015,9,15,2015,0
SGS,4/1/2016,4,1,2016,0
SGS,4/2/2016,4,2,2016,0
SGS,4/3/2016,4,3,2016,0
SGS,4/4/2016,4,4,2016,0
SGS,4/5/2016,4,5,2016,0
SGS,4/6/2016,4,6,2016,0
SGS,4/7/2016,4,7,2016,0
SGS,4/8/2016,4,8,2016,0
SGS,4/9/2016,4,9,2016,0
SGS,4/10/2016,4,10,2016,8.636
SGS,4/11/2016,4,11,2016,0.508
SGS,4/12/2016,4,12,2016,0
SGS,4/13/2016,4,13,2016,0
SGS,4/14/2016,4,14,2016,0
SGS,4/15/2016,4,15,2016,0.508
SGS,4/16/2016,4,16,2016,2.286
SGS,4/17/2016,4,17,2016,0
SGS,4/18/2016,4,18,2016,0
SGS,4/19/2016,4,19,2016,0
SGS,4/20/2016,4,20,2016,0.508
SGS,4/21/2016,4,21,2016,0
SGS,4/22/2016,4,22,2016,0
SGS,4/23/2016,4,23,2016,0
SGS,4/24/2016,4,24,2016,0
SGS,4/25/2016,4,25,2016,5.08
SGS,4/26/2016,4,26,2016,15.748
SGS,4/27/2016,4,27,2016,0
SGS,4/28/2016,4,28,2016,0
SGS,4/29/2016,4,29,2016,8.636
SGS,4/30/2016,4,30,2016,1.27
SGS,5/1/2016,5,1,2016,0
SGS,5/2/2016,5,2,2016,0
SGS,5/3/2016,5,3,2016,0
SGS,5/4/2016,5,4,2016,0
SGS,5/5/2016,5,5,2016,0
SGS,5/6/2016,5,6,2016,0.762
SGS,5/7/2016,5,7,2016,10.414
SGS,5/8/2016,5,8,2016,0
SGS,5/9/2016,5,9,2016,3.048
SGS,5/10/2016,5,10,2016,0
SGS,5/11/2016,5,11,2016,0
SGS,5/12/2016,5,12,2016,0
SGS,5/13/2016,5,13,2016,0
SGS,5/14/2016,5,14,2016,0
SGS,5/15/2016,5,15,2016,0.508
SGS,5/16/2016,5,16,2016,8.636
SGS,5/17/2016,5,17,2016,3.048
SGS,5/18/2016,5,18,2016,0
SGS,5/19/2016,5,19,2016,0
SGS,5/20/2016,5,20,2016,0
SGS,5/21/2016,5,21,2016,0
SGS,5/22/2016,5,22,2016,0
SGS,5/23/2016,5,23,2016,0.508
SGS,5/24/2016,5,24,2016,0
SGS,5/25/2016,5,25,2016,0
SGS,5/26/2016,5,26,2016,3.81
SGS,5/27/2016,5,27,2016,0
SGS,5/28/2016,5,28,2016,2.032
SGS,5/29/2016,5,29,2016,0
SGS,5/30/2016,5,30,2016,0
SGS,5/31/2016,5,31,2016,1.016
SGS,6/1/2016,6,1,2016,0
SGS,6/2/2016,6,2,2016,0
SGS,6/3/2016,6,3,2016,0
SGS,6/4/2016,6,4,2016,0
SGS,6/5/2016,6,5,2016,0.508
SGS,6/6/2016,6,6,2016,2.286
SGS,6/7/2016,6,7,2016,0
SGS,6/8/2016,6,8,2016,0
SGS,6/9/2016,6,9,2016,0
SGS,6/10/2016,6,10,2016,0
SGS,6/11/2016,6,11,2016,0.508
SGS,6/12/2016,6,12,2016,21.338
SGS,6/13/2016,6,13,2016,0
SGS,6/14/2016,6,14,2016,0
SGS,6/15/2016,6,15,2016,0
SGS,6/16/2016,6,16,2016,0
SGS,6/17/2016,6,17,2016,0
SGS,6/18/2016,6,18,2016,0
SGS,6/19/2016,6,19,2016,0
SGS,6/20/2016,6,20,2016,0
SGS,6/21/2016,6,21,2016,0
SGS,6/22/2016,6,22,2016,0
SGS,6/23/2016,6,23,2016,0
SGS,6/24/2016,6,24,2016,0
SGS,6/25/2016,6,25,2016,0
SGS,6/26/2016,6,26,2016,0
SGS,6/27/2016,6,27,2016,0
SGS,6/28/2016,6,28,2016,0
SGS,6/29/2016,6,29,2016,1.524
SGS,6/30/2016,6,30,2016,0
SGS,7/1/2016,7,1,2016,8.636
SGS,7/2/2016,7,2,2016,2.286
SGS,7/3/2016,7,3,2016,0
SGS,7/4/2016,7,4,2016,0
SGS,7/5/2016,7,5,2016,1.27
SGS,7/6/2016,7,6,2016,0
SGS,7/7/2016,7,7,2016,0
SGS,7/8/2016,7,8,2016,0
SGS,7/9/2016,7,9,2016,0
SGS,7/10/2016,7,10,2016,0
SGS,7/11/2016,7,11,2016,0
SGS,7/12/2016,7,12,2016,0
SGS,7/13/2016,7,13,2016,0
SGS,7/14/2016,7,14,2016,0
SGS,7/15/2016,7,15,2016,0
SGS,7/16/2016,7,16,2016,0
SGS,7/17/2016,7,17,2016,0
SGS,7/18/2016,7,18,2016,0
SGS,7/19/2016,7,19,2016,0
SGS,7/20/2016,7,20,2016,0
SGS,7/21/2016,7,21,2016,0
SGS,7/22/2016,7,22,2016,0
SGS,7/23/2016,7,23,2016,0
SGS,7/24/2016,7,24,2016,0
SGS,7/25/2016,7,25,2016,0
SGS,7/26/2016,7,26,2016,0
SGS,7/27/2016,7,27,2016,10.922
SGS,7/28/2016,7,28,2016,1.524
SGS,7/29/2016,7,29,2016,11.43
SGS,7/30/2016,7,30,2016,0
SGS,7/31/2016,7,31,2016,0
SGS,8/1/2016,8,1,2016,0
SGS,8/2/2016,8,2,2016,0
SGS,8/3/2016,8,3,2016,0
SGS,8/4/2016,8,4,2016,0
SGS,8/5/2016,8,5,2016,0
SGS,8/6/2016,8,6,2016,0
SGS,8/7/2016,8,7,2016,0
SGS,8/8/2016,8,8,2016,0
SGS,8/9/2016,8,9,2016,3.81
SGS,8/10/2016,8,10,2016,0
SGS,8/11/2016,8,11,2016,0
SGS,8/12/2016,8,12,2016,0
SGS,8/13/2016,8,13,2016,0
SGS,8/14/2016,8,14,2016,0
SGS,8/15/2016,8,15,2016,0
SGS,8/16/2016,8,16,2016,0
SGS,8/17/2016,8,17,2016,0
SGS,8/18/2016,8,18,2016,2.54
SGS,8/19/2016,8,19,2016,1.778
SGS,8/20/2016,8,20,2016,0
SGS,8/21/2016,8,21,2016,0
SGS,8/22/2016,8,22,2016,0
SGS,8/23/2016,8,23,2016,0
SGS,8/24/2016,8,24,2016,2.032
SGS,8/25/2016,8,25,2016,0
SGS,8/26/2016,8,26,2016,0.508
SGS,8/27/2016,8,27,2016,0
SGS,8/28/2016,8,28,2016,0
SGS,8/29/2016,8,29,2016,0
SGS,8/30/2016,8,30,2016,0.508
SGS,8/31/2016,8,31,2016,0
SGS,9/1/2016,9,1,2016,0
SGS,9/2/2016,9,2,2016,0
SGS,9/3/2016,9,3,2016,0
SGS,9/4/2016,9,4,2016,0
SGS,9/5/2016,9,5,2016,0
SGS,9/6/2016,9,6,2016,0
SGS,9/7/2016,9,7,2016,0
SGS,9/8/2016,9,8,2016,0
SGS,9/9/2016,9,9,2016,0
SGS,9/10/2016,9,10,2016,0
SGS,9/11/2016,9,11,2016,0
SGS,9/12/2016,9,12,2016,0
SGS,9/13/2016,9,13,2016,0.762
SGS,9/14/2016,9,14,2016,1.778
SGS,9/15/2016,9,15,2016,0
SGS,4/1/2017,4,1,2017,1.27
SGS,4/2/2017,4,2,2017,0
SGS,4/3/2017,4,3,2017,0.762
SGS,4/4/2017,4,4,2017,0
SGS,4/5/2017,4,5,2017,0
SGS,4/6/2017,4,6,2017,0
SGS,4/7/2017,4,7,2017,0
SGS,4/8/2017,4,8,2017,0
SGS,4/9/2017,4,9,2017,0
SGS,4/10/2017,4,10,2017,0
SGS,4/11/2017,4,11,2017,0
SGS,4/12/2017,4,12,2017,0
SGS,4/13/2017,4,13,2017,0
SGS,4/14/2017,4,14,2017,0
SGS,4/15/2017,4,15,2017,0
SGS,4/16/2017,4,16,2017,0
SGS,4/17/2017,4,17,2017,0
SGS,4/18/2017,4,18,2017,0
SGS,4/19/2017,4,19,2017,0
SGS,4/20/2017,4,20,2017,7.874
SGS,4/21/2017,4,21,2017,38.862
SGS,4/22/2017,4,22,2017,3.302
SGS,4/23/2017,4,23,2017,0
SGS,4/24/2017,4,24,2017,6.604
SGS,4/25/2017,4,25,2017,1.27
SGS,4/26/2017,4,26,2017,0
SGS,4/27/2017,4,27,2017,4.826
SGS,4/28/2017,4,28,2017,0
SGS,4/29/2017,4,29,2017,0
SGS,4/30/2017,4,30,2017,0
SGS,5/1/2017,5,1,2017,0
SGS,5/2/2017,5,2,2017,0.508
SGS,5/3/2017,5,3,2017,4.318
SGS,5/4/2017,5,4,2017,0
SGS,5/5/2017,5,5,2017,0
SGS,5/6/2017,5,6,2017,0
SGS,5/7/2017,5,7,2017,0
SGS,5/8/2017,5,8,2017,4.826
SGS,5/9/2017,5,9,2017,1.016
SGS,5/10/2017,5,10,2017,0.762
SGS,5/11/2017,5,11,2017,0
SGS,5/12/2017,5,12,2017,0
SGS,5/13/2017,5,13,2017,0
SGS,5/14/2017,5,14,2017,0
SGS,5/15/2017,5,15,2017,0
SGS,5/16/2017,5,16,2017,1.778
SGS,5/17/2017,5,17,2017,9.144
SGS,5/18/2017,5,18,2017,44.196
SGS,5/19/2017,5,19,2017,2.794
SGS,5/20/2017,5,20,2017,0
SGS,5/21/2017,5,21,2017,0.508
SGS,5/22/2017,5,22,2017,0
SGS,5/23/2017,5,23,2017,0
SGS,5/24/2017,5,24,2017,0
SGS,5/25/2017,5,25,2017,7.366
SGS,5/26/2017,5,26,2017,0.762
SGS,5/27/2017,5,27,2017,0
SGS,5/28/2017,5,28,2017,0.508
SGS,5/29/2017,5,29,2017,4.318
SGS,5/30/2017,5,30,2017,0
SGS,5/31/2017,5,31,2017,0
SGS,6/1/2017,6,1,2017,0
SGS,6/2/2017,6,2,2017,7.366
SGS,6/3/2017,6,3,2017,0
SGS,6/4/2017,6,4,2017,0
SGS,6/5/2017,6,5,2017,0
SGS,6/6/2017,6,6,2017,0
SGS,6/7/2017,6,7,2017,0
SGS,6/8/2017,6,8,2017,0
SGS,6/9/2017,6,9,2017,0
SGS,6/10/2017,6,10,2017,0
SGS,6/11/2017,6,11,2017,0
SGS,6/12/2017,6,12,2017,4.826
SGS,6/13/2017,6,13,2017,0
SGS,6/14/2017,6,14,2017,0
SGS,6/15/2017,6,15,2017,0
SGS,6/16/2017,6,16,2017,0
SGS,6/17/2017,6,17,2017,0
SGS,6/18/2017,6,18,2017,0
SGS,6/19/2017,6,19,2017,0
SGS,6/20/2017,6,20,2017,0
SGS,6/21/2017,6,21,2017,0
SGS,6/22/2017,6,22,2017,0
SGS,6/23/2017,6,23,2017,0.762
SGS,6/24/2017,6,24,2017,0
SGS,6/25/2017,6,25,2017,0
SGS,6/26/2017,6,26,2017,0
SGS,6/27/2017,6,27,2017,0
SGS,6/28/2017,6,28,2017,0
SGS,6/29/2017,6,29,2017,1.27
SGS,6/30/2017,6,30,2017,0.762
SGS,7/1/2017,7,1,2017,0
SGS,7/2/2017,7,2,2017,0
SGS,7/3/2017,7,3,2017,0
SGS,7/4/2017,7,4,2017,0
SGS,7/5/2017,7,5,2017,0
SGS,7/6/2017,7,6,2017,0.508
SGS,7/7/2017,7,7,2017,0.508
SGS,7/8/2017,7,8,2017,0
SGS,7/9/2017,7,9,2017,4.318
SGS,7/10/2017,7,10,2017,0.762
SGS,7/11/2017,7,11,2017,0
SGS,7/12/2017,7,12,2017,0
SGS,7/13/2017,7,13,2017,0
SGS,7/14/2017,7,14,2017,0
SGS,7/15/2017,7,15,2017,0
SGS,7/16/2017,7,16,2017,0
SGS,7/17/2017,7,17,2017,0
SGS,7/18/2017,7,18,2017,0
SGS,7/19/2017,7,19,2017,0
SGS,7/20/2017,7,20,2017,0
SGS,7/21/2017,7,21,2017,0.762
SGS,7/22/2017,7,22,2017,13.716
SGS,7/23/2017,7,23,2017,0
SGS,7/24/2017,7,24,2017,0
SGS,7/25/2017,7,25,2017,0
SGS,7/26/2017,7,26,2017,0.508
SGS,7/27/2017,7,27,2017,0
SGS,7/28/2017,7,28,2017,0.762
SGS,7/29/2017,7,29,2017,0
SGS,7/30/2017,7,30,2017,5.588
SGS,7/31/2017,7,31,2017,0
SGS,8/1/2017,8,1,2017,0
SGS,8/2/2017,8,2,2017,0
SGS,8/3/2017,8,3,2017,0
SGS,8/4/2017,8,4,2017,0
SGS,8/5/2017,8,5,2017,4.064
SGS,8/6/2017,8,6,2017,5.334
SGS,8/7/2017,8,7,2017,3.556
SGS,8/8/2017,8,8,2017,6.35
SGS,8/9/2017,8,9,2017,0
SGS,8/10/2017,8,10,2017,3.302
SGS,8/11/2017,8,11,2017,0
SGS,8/12/2017,8,12,2017,0.762
SGS,8/13/2017,8,13,2017,0
SGS,8/14/2017,8,14,2017,0
SGS,8/15/2017,8,15,2017,1.016
SGS,8/16/2017,8,16,2017,0
SGS,8/17/2017,8,17,2017,0
SGS,8/18/2017,8,18,2017,0
SGS,8/19/2017,8,19,2017,0
SGS,8/20/2017,8,20,2017,0
SGS,8/21/2017,8,21,2017,0
SGS,8/22/2017,8,22,2017,0
SGS,8/23/2017,8,23,2017,2.032
SGS,8/24/2017,8,24,2017,0
SGS,8/25/2017,8,25,2017,0
SGS,8/26/2017,8,26,2017,0
SGS,8/27/2017,8,27,2017,0
SGS,8/28/2017,8,28,2017,0
SGS,8/29/2017,8,29,2017,0
SGS,8/30/2017,8,30,2017,0
SGS,8/31/2017,8,31,2017,0.508
SGS,9/1/2017,9,1,2017,0
SGS,9/2/2017,9,2,2017,0
SGS,9/3/2017,9,3,2017,0
SGS,9/4/2017,9,4,2017,0
SGS,9/5/2017,9,5,2017,0
SGS,9/6/2017,9,6,2017,0
SGS,9/7/2017,9,7,2017,0
SGS,9/8/2017,9,8,2017,0
SGS,9/9/2017,9,9,2017,0
SGS,9/10/2017,9,10,2017,0.508
SGS,9/11/2017,9,11,2017,0
SGS,9/12/2017,9,12,2017,0
SGS,9/13/2017,9,13,2017,0.762
SGS,9/14/2017,9,14,2017,0
SGS,9/15/2017,9,15,2017,3.048
SGS,4/1/2018,4,1,2018,1.2
SGS,4/2/2018,4,2,2018,0
SGS,4/3/2018,4,3,2018,0
SGS,4/4/2018,4,4,2018,0
SGS,4/5/2018,4,5,2018,0
SGS,4/6/2018,4,6,2018,4.9
SGS,4/7/2018,4,7,2018,0
SGS,4/8/2018,4,8,2018,0
SGS,4/9/2018,4,9,2018,0
SGS,4/10/2018,4,10,2018,0
SGS,4/11/2018,4,11,2018,0
SGS,4/12/2018,4,12,2018,0.4
SGS,4/13/2018,4,13,2018,0
SGS,4/14/2018,4,14,2018,0
SGS,4/15/2018,4,15,2018,0
SGS,4/16/2018,4,16,2018,0
SGS,4/17/2018,4,17,2018,0
SGS,4/18/2018,4,18,2018,0
SGS,4/19/2018,4,19,2018,0
SGS,4/20/2018,4,20,2018,3.5
SGS,4/21/2018,4,21,2018,5.4
SGS,4/22/2018,4,22,2018,0
SGS,4/23/2018,4,23,2018,3.1
SGS,4/24/2018,4,24,2018,0.3
SGS,4/25/2018,4,25,2018,0
SGS,4/26/2018,4,26,2018,0
SGS,4/27/2018,4,27,2018,0
SGS,4/28/2018,4,28,2018,0
SGS,4/29/2018,4,29,2018,0
SGS,4/30/2018,4,30,2018,5.1
SGS,5/1/2018,5,1,2018,8
SGS,5/2/2018,5,2,2018,27.5
SGS,5/3/2018,5,3,2018,9.6
SGS,5/4/2018,5,4,2018,0
SGS,5/5/2018,5,5,2018,0
SGS,5/6/2018,5,6,2018,0
SGS,5/7/2018,5,7,2018,0
SGS,5/8/2018,5,8,2018,0
SGS,5/9/2018,5,9,2018,0
SGS,5/10/2018,5,10,2018,0
SGS,5/11/2018,5,11,2018,4.1
SGS,5/12/2018,5,12,2018,2.8
SGS,5/13/2018,5,13,2018,5.5
SGS,5/14/2018,5,14,2018,1.6
SGS,5/15/2018,5,15,2018,2.9
SGS,5/16/2018,5,16,2018,0
SGS,5/17/2018,5,17,2018,0
SGS,5/18/2018,5,18,2018,5.2
SGS,5/19/2018,5,19,2018,13.3
SGS,5/20/2018,5,20,2018,0
SGS,5/21/2018,5,21,2018,0
SGS,5/22/2018,5,22,2018,15.3
SGS,5/23/2018,5,23,2018,0
SGS,5/24/2018,5,24,2018,0
SGS,5/25/2018,5,25,2018,0
SGS,5/26/2018,5,26,2018,0
SGS,5/27/2018,5,27,2018,3.5
SGS,5/28/2018,5,28,2018,2.6
SGS,5/29/2018,5,29,2018,0
SGS,5/30/2018,5,30,2018,0
SGS,5/31/2018,5,31,2018,0
SGS,6/1/2018,6,1,2018,0
SGS,6/2/2018,6,2,2018,0
SGS,6/3/2018,6,3,2018,0
SGS,6/4/2018,6,4,2018,0
SGS,6/5/2018,6,5,2018,0
SGS,6/6/2018,6,6,2018,0
SGS,6/7/2018,6,7,2018,0
SGS,6/8/2018,6,8,2018,0
SGS,6/9/2018,6,9,2018,0
SGS,6/10/2018,6,10,2018,0
SGS,6/11/2018,6,11,2018,0
SGS,6/12/2018,6,12,2018,0
SGS,6/13/2018,6,13,2018,0
SGS,6/14/2018,6,14,2018,0
SGS,6/15/2018,6,15,2018,0.5
SGS,6/16/2018,6,16,2018,7.8
SGS,6/17/2018,6,17,2018,0.5
SGS,6/18/2018,6,18,2018,9.8
SGS,6/19/2018,6,19,2018,6.9
SGS,6/20/2018,6,20,2018,0
SGS,6/21/2018,6,21,2018,0
SGS,6/22/2018,6,22,2018,0
SGS,6/23/2018,6,23,2018,0
SGS,6/24/2018,6,24,2018,1.5
SGS,6/25/2018,6,25,2018,0
SGS,6/26/2018,6,26,2018,0
SGS,6/27/2018,6,27,2018,0
SGS,6/28/2018,6,28,2018,0
SGS,6/29/2018,6,29,2018,0
SGS,6/30/2018,6,30,2018,6.3
SGS,7/1/2018,7,1,2018,0
SGS,7/2/2018,7,2,2018,0
SGS,7/3/2018,7,3,2018,0
SGS,7/4/2018,7,4,2018,1.5
SGS,7/5/2018,7,5,2018,0
SGS,7/6/2018,7,6,2018,0
SGS,7/7/2018,7,7,2018,0
SGS,7/8/2018,7,8,2018,0
SGS,7/9/2018,7,9,2018,0
SGS,7/10/2018,7,10,2018,0
SGS,7/11/2018,7,11,2018,0
SGS,7/12/2018,7,12,2018,4.9
SGS,7/13/2018,7,13,2018,0
SGS,7/14/2018,7,14,2018,0
SGS,7/15/2018,7,15,2018,3
SGS,7/16/2018,7,16,2018,0
SGS,7/17/2018,7,17,2018,0
SGS,7/18/2018,7,18,2018,0
SGS,7/19/2018,7,19,2018,0
SGS,7/20/2018,7,20,2018,0
SGS,7/21/2018,7,21,2018,0
SGS,7/22/2018,7,22,2018,0
SGS,7/23/2018,7,23,2018,0.5
SGS,7/24/2018,7,24,2018,0
SGS,7/25/2018,7,25,2018,1.6
SGS,7/26/2018,7,26,2018,4.3
SGS,7/27/2018,7,27,2018,0
SGS,7/28/2018,7,28,2018,0.3
SGS,7/29/2018,7,29,2018,0
SGS,7/30/2018,7,30,2018,0
SGS,7/31/2018,7,31,2018,0
SGS,8/1/2018,8,1,2018,0
SGS,8/2/2018,8,2,2018,0
SGS,8/3/2018,8,3,2018,0.3
SGS,8/4/2018,8,4,2018,0
SGS,8/5/2018,8,5,2018,0
SGS,8/6/2018,8,6,2018,0.4
SGS,8/7/2018,8,7,2018,0
SGS,8/8/2018,8,8,2018,0
SGS,8/9/2018,8,9,2018,0
SGS,8/10/2018,8,10,2018,0
SGS,8/11/2018,8,11,2018,0
SGS,8/12/2018,8,12,2018,0
SGS,8/13/2018,8,13,2018,0
SGS,8/14/2018,8,14,2018,0.5
SGS,8/15/2018,8,15,2018,0
SGS,8/16/2018,8,16,2018,0
SGS,8/17/2018,8,17,2018,0
SGS,8/18/2018,8,18,2018,4.1
SGS,8/19/2018,8,19,2018,0
SGS,8/20/2018,8,20,2018,0
SGS,8/21/2018,8,21,2018,1.3
SGS,8/22/2018,8,22,2018,0
SGS,8/23/2018,8,23,2018,0
SGS,8/24/2018,8,24,2018,0
SGS,8/25/2018,8,25,2018,0
SGS,8/26/2018,8,26,2018,0.5
SGS,8/27/2018,8,27,2018,0
SGS,8/28/2018,8,28,2018,0
SGS,8/29/2018,8,29,2018,0
SGS,8/30/2018,8,30,2018,0
SGS,8/31/2018,8,31,2018,0
SGS,9/1/2018,9,1,2018,0
SGS,9/2/2018,9,2,2018,0
SGS,9/3/2018,9,3,2018,0
SGS,9/4/2018,9,4,2018,0
SGS,9/5/2018,9,5,2018,0
SGS,9/6/2018,9,6,2018,0
SGS,9/7/2018,9,7,2018,0
SGS,9/8/2018,9,8,2018,0
SGS,9/9/2018,9,9,2018,0
SGS,9/10/2018,9,10,2018,0
SGS,9/11/2018,9,11,2018,0.4
SGS,9/12/2018,9,12,2018,0
SGS,9/13/2018,9,13,2018,0
SGS,9/14/2018,9,14,2018,0
SGS,9/15/2018,9,15,2018,0
SGS,4/1/2019,4,1,2019,0.5
SGS,4/2/2019,4,2,2019,1.7
SGS,4/3/2019,4,3,2019,0.4
SGS,4/4/2019,4,4,2019,0
SGS,4/5/2019,4,5,2019,0
SGS,4/6/2019,4,6,2019,0
SGS,4/7/2019,4,7,2019,0
SGS,4/8/2019,4,8,2019,0
SGS,4/9/2019,4,9,2019,0
SGS,4/10/2019,4,10,2019,8.5
SGS,4/11/2019,4,11,2019,0
SGS,4/12/2019,4,12,2019,0
SGS,4/13/2019,4,13,2019,0.6
SGS,4/14/2019,4,14,2019,0
SGS,4/15/2019,4,15,2019,0
SGS,4/16/2019,4,16,2019,0
SGS,4/17/2019,4,17,2019,0
SGS,4/18/2019,4,18,2019,0
SGS,4/19/2019,4,19,2019,0
SGS,4/20/2019,4,20,2019,0
SGS,4/21/2019,4,21,2019,0.8
SGS,4/22/2019,4,22,2019,0
SGS,4/23/2019,4,23,2019,0
SGS,4/24/2019,4,24,2019,0
SGS,4/25/2019,4,25,2019,0
SGS,4/26/2019,4,26,2019,0.3
SGS,4/27/2019,4,27,2019,0
SGS,4/28/2019,4,28,2019,3.8
SGS,4/29/2019,4,29,2019,10.6
SGS,4/30/2019,4,30,2019,4.7
SGS,5/1/2019,5,1,2019,2
SGS,5/2/2019,5,2,2019,0
SGS,5/3/2019,5,3,2019,0
SGS,5/4/2019,5,4,2019,0
SGS,5/5/2019,5,5,2019,0
SGS,5/6/2019,5,6,2019,0.3
SGS,5/7/2019,5,7,2019,1.3
SGS,5/8/2019,5,8,2019,0.3
SGS,5/9/2019,5,9,2019,5.9
SGS,5/10/2019,5,10,2019,0
SGS,5/11/2019,5,11,2019,0
SGS,5/12/2019,5,12,2019,0
SGS,5/13/2019,5,13,2019,0
SGS,5/14/2019,5,14,2019,0
SGS,5/15/2019,5,15,2019,0
SGS,5/16/2019,5,16,2019,0
SGS,5/17/2019,5,17,2019,12.6
SGS,5/18/2019,5,18,2019,0
SGS,5/19/2019,5,19,2019,3.9
SGS,5/20/2019,5,20,2019,17.7
SGS,5/21/2019,5,21,2019,8
SGS,5/22/2019,5,22,2019,0
SGS,5/23/2019,5,23,2019,0
SGS,5/24/2019,5,24,2019,0
SGS,5/25/2019,5,25,2019,4.9
SGS,5/26/2019,5,26,2019,0.3
SGS,5/27/2019,5,27,2019,14.9
SGS,5/28/2019,5,28,2019,12.1
SGS,5/29/2019,5,29,2019,0
SGS,5/30/2019,5,30,2019,0
SGS,5/31/2019,5,31,2019,1.3
SGS,6/1/2019,6,1,2019,0
SGS,6/2/2019,6,2,2019,0
SGS,6/3/2019,6,3,2019,20.1
SGS,6/4/2019,6,4,2019,0
SGS,6/5/2019,6,5,2019,0.6
SGS,6/6/2019,6,6,2019,0
SGS,6/7/2019,6,7,2019,0
SGS,6/8/2019,6,8,2019,0.9
SGS,6/9/2019,6,9,2019,0
SGS,6/10/2019,6,10,2019,0
SGS,6/11/2019,6,11,2019,0.6
SGS,6/12/2019,6,12,2019,0
SGS,6/13/2019,6,13,2019,0
SGS,6/14/2019,6,14,2019,4.9
SGS,6/15/2019,6,15,2019,0
SGS,6/16/2019,6,16,2019,1.5
SGS,6/17/2019,6,17,2019,4.3
SGS,6/18/2019,6,18,2019,4.2
SGS,6/19/2019,6,19,2019,0
SGS,6/20/2019,6,20,2019,2.9
SGS,6/21/2019,6,21,2019,4
SGS,6/22/2019,6,22,2019,5.4
SGS,6/23/2019,6,23,2019,1.7
SGS,6/24/2019,6,24,2019,0
SGS,6/25/2019,6,25,2019,0
SGS,6/26/2019,6,26,2019,0
SGS,6/27/2019,6,27,2019,0
SGS,6/28/2019,6,28,2019,0
SGS,6/29/2019,6,29,2019,0.9
SGS,6/30/2019,6,30,2019,0
SGS,7/1/2019,7,1,2019,18.7
SGS,7/2/2019,7,2,2019,2.3
SGS,7/3/2019,7,3,2019,0
SGS,7/4/2019,7,4,2019,0
SGS,7/5/2019,7,5,2019,6.9
SGS,7/6/2019,7,6,2019,0
SGS,7/7/2019,7,7,2019,0
SGS,7/8/2019,7,8,2019,0.3
SGS,7/9/2019,7,9,2019,0
SGS,7/10/2019,7,10,2019,0
SGS,7/11/2019,7,11,2019,0
SGS,7/12/2019,7,12,2019,0
SGS,7/13/2019,7,13,2019,0
SGS,7/14/2019,7,14,2019,0
SGS,7/15/2019,7,15,2019,0
SGS,7/16/2019,7,16,2019,0
SGS,7/17/2019,7,17,2019,0.5
SGS,7/18/2019,7,18,2019,0
SGS,7/19/2019,7,19,2019,0
SGS,7/20/2019,7,20,2019,0
SGS,7/21/2019,7,21,2019,0
SGS,7/22/2019,7,22,2019,0
SGS,7/23/2019,7,23,2019,0
SGS,7/24/2019,7,24,2019,0
SGS,7/25/2019,7,25,2019,0
SGS,7/26/2019,7,26,2019,0
SGS,7/27/2019,7,27,2019,0
SGS,7/28/2019,7,28,2019,0
SGS,7/29/2019,7,29,2019,0
SGS,7/30/2019,7,30,2019,0
SGS,7/31/2019,7,31,2019,2.2
SGS,8/1/2019,8,1,2019,0.3
SGS,8/2/2019,8,2,2019,0
SGS,8/3/2019,8,3,2019,0
SGS,8/4/2019,8,4,2019,0
SGS,8/5/2019,8,5,2019,0.8
SGS,8/6/2019,8,6,2019,0
SGS,8/7/2019,8,7,2019,0
SGS,8/8/2019,8,8,2019,0
SGS,8/9/2019,8,9,2019,0
SGS,8/10/2019,8,10,2019,0
SGS,8/11/2019,8,11,2019,0
SGS,8/12/2019,8,12,2019,0
SGS,8/13/2019,8,13,2019,0
SGS,8/14/2019,8,14,2019,0
SGS,8/15/2019,8,15,2019,0.3
SGS,8/16/2019,8,16,2019,0
SGS,8/17/2019,8,17,2019,0
SGS,8/18/2019,8,18,2019,0
SGS,8/19/2019,8,19,2019,0
SGS,8/20/2019,8,20,2019,0.5
SGS,8/21/2019,8,21,2019,0
SGS,8/22/2019,8,22,2019,0
SGS,8/23/2019,8,23,2019,0
SGS,8/24/2019,8,24,2019,0
SGS,8/25/2019,8,25,2019,0
SGS,8/26/2019,8,26,2019,0
SGS,8/27/2019,8,27,2019,0
SGS,8/28/2019,8,28,2019,0
SGS,8/29/2019,8,29,2019,0
SGS,8/30/2019,8,30,2019,0.3
SGS,8/31/2019,8,31,2019,18
SGS,9/1/2019,9,1,2019,0
SGS,9/2/2019,9,2,2019,0
SGS,9/3/2019,9,3,2019,0
SGS,9/4/2019,9,4,2019,0
SGS,9/5/2019,9,5,2019,0.6
SGS,9/6/2019,9,6,2019,0.6
SGS,9/7/2019,9,7,2019,0
SGS,9/8/2019,9,8,2019,6.7
SGS,9/9/2019,9,9,2019,0
SGS,9/10/2019,9,10,2019,0.8
SGS,9/11/2019,9,11,2019,1.3
SGS,9/12/2019,9,12,2019,0
SGS,9/13/2019,9,13,2019,0
SGS,9/14/2019,9,14,2019,0
SGS,9/15/2019,9,15,2019,0
SGS,4/1/2020,4,1,2020,0
SGS,4/2/2020,4,2,2020,0.6
SGS,4/3/2020,4,3,2020,0
SGS,4/4/2020,4,4,2020,0
SGS,4/5/2020,4,5,2020,0
SGS,4/6/2020,4,6,2020,0
SGS,4/7/2020,4,7,2020,0
SGS,4/8/2020,4,8,2020,0
SGS,4/9/2020,4,9,2020,0
SGS,4/10/2020,4,10,2020,0
SGS,4/11/2020,4,11,2020,0.7
SGS,4/12/2020,4,12,2020,1
SGS,4/13/2020,4,13,2020,1.8
SGS,4/14/2020,4,14,2020,0
SGS,4/15/2020,4,15,2020,3.2
SGS,4/16/2020,4,16,2020,11.2
SGS,4/17/2020,4,17,2020,0
SGS,4/18/2020,4,18,2020,0
SGS,4/19/2020,4,19,2020,0
SGS,4/20/2020,4,20,2020,0
SGS,4/21/2020,4,21,2020,0
SGS,4/22/2020,4,22,2020,0
SGS,4/23/2020,4,23,2020,0
SGS,4/24/2020,4,24,2020,1.2
SGS,4/25/2020,4,25,2020,0
SGS,4/26/2020,4,26,2020,0
SGS,4/27/2020,4,27,2020,0
SGS,4/28/2020,4,28,2020,0
SGS,4/29/2020,4,29,2020,0
SGS,4/30/2020,4,30,2020,0
SGS,5/1/2020,5,1,2020,1.1
SGS,5/2/2020,5,2,2020,1.2
SGS,5/3/2020,5,3,2020,3
SGS,5/4/2020,5,4,2020,1.6
SGS,5/5/2020,5,5,2020,0
SGS,5/6/2020,5,6,2020,0
SGS,5/7/2020,5,7,2020,0
SGS,5/8/2020,5,8,2020,0
SGS,5/9/2020,5,9,2020,0
SGS,5/10/2020,5,10,2020,0
SGS,5/11/2020,5,11,2020,7.3
SGS,5/12/2020,5,12,2020,1.5
SGS,5/13/2020,5,13,2020,0
SGS,5/14/2020,5,14,2020,12.9
SGS,5/15/2020,5,15,2020,5.9
SGS,5/16/2020,5,16,2020,0
SGS,5/17/2020,5,17,2020,0
SGS,5/18/2020,5,18,2020,0
SGS,5/19/2020,5,19,2020,0
SGS,5/20/2020,5,20,2020,0.3
SGS,5/21/2020,5,21,2020,0
SGS,5/22/2020,5,22,2020,0
SGS,5/23/2020,5,23,2020,0
SGS,5/24/2020,5,24,2020,11
SGS,5/25/2020,5,25,2020,0
SGS,5/26/2020,5,26,2020,0
SGS,5/27/2020,5,27,2020,0.5
SGS,5/28/2020,5,28,2020,0
SGS,5/29/2020,5,29,2020,0
SGS,5/30/2020,5,30,2020,0
SGS,5/31/2020,5,31,2020,0
SGS,6/1/2020,6,1,2020,0
SGS,6/2/2020,6,2,2020,0
SGS,6/3/2020,6,3,2020,2.1
SGS,6/4/2020,6,4,2020,0.3
SGS,6/5/2020,6,5,2020,0
SGS,6/6/2020,6,6,2020,2
SGS,6/7/2020,6,7,2020,0
SGS,6/8/2020,6,8,2020,6.4
SGS,6/9/2020,6,9,2020,8.4
SGS,6/10/2020,6,10,2020,0
SGS,6/11/2020,6,11,2020,0
SGS,6/12/2020,6,12,2020,0
SGS,6/13/2020,6,13,2020,1.6
SGS,6/14/2020,6,14,2020,0
SGS,6/15/2020,6,15,2020,0
SGS,6/16/2020,6,16,2020,0
SGS,6/17/2020,6,17,2020,0
SGS,6/18/2020,6,18,2020,1.4
SGS,6/19/2020,6,19,2020,2.4
SGS,6/20/2020,6,20,2020,0
SGS,6/21/2020,6,21,2020,2.4
SGS,6/22/2020,6,22,2020,0
SGS,6/23/2020,6,23,2020,0
SGS,6/24/2020,6,24,2020,4.9
SGS,6/25/2020,6,25,2020,1.2
SGS,6/26/2020,6,26,2020,36.2
SGS,6/27/2020,6,27,2020,0
SGS,6/28/2020,6,28,2020,0
SGS,6/29/2020,6,29,2020,0
SGS,6/30/2020,6,30,2020,0
SGS,7/1/2020,7,1,2020,0
SGS,7/2/2020,7,2,2020,0
SGS,7/3/2020,7,3,2020,0
SGS,7/4/2020,7,4,2020,0
SGS,7/5/2020,7,5,2020,0
SGS,7/6/2020,7,6,2020,0
SGS,7/7/2020,7,7,2020,0
SGS,7/8/2020,7,8,2020,0
SGS,7/9/2020,7,9,2020,0
SGS,7/10/2020,7,10,2020,0
SGS,7/11/2020,7,11,2020,0
SGS,7/12/2020,7,12,2020,0
SGS,7/13/2020,7,13,2020,0
SGS,7/14/2020,7,14,2020,0
SGS,7/15/2020,7,15,2020,0
SGS,7/16/2020,7,16,2020,0
SGS,7/17/2020,7,17,2020,0
SGS,7/18/2020,7,18,2020,0
SGS,7/19/2020,7,19,2020,0
SGS,7/20/2020,7,20,2020,8.7
SGS,7/21/2020,7,21,2020,0
SGS,7/22/2020,7,22,2020,5.1
SGS,7/23/2020,7,23,2020,0
SGS,7/24/2020,7,24,2020,0.4
SGS,7/25/2020,7,25,2020,0
SGS,7/26/2020,7,26,2020,0
SGS,7/27/2020,7,27,2020,0
SGS,7/28/2020,7,28,2020,0.6
SGS,7/29/2020,7,29,2020,0
SGS,7/30/2020,7,30,2020,0
SGS,7/31/2020,7,31,2020,0
SGS,8/1/2020,8,1,2020,0
SGS,8/2/2020,8,2,2020,0
SGS,8/3/2020,8,3,2020,0
SGS,8/4/2020,8,4,2020,7.7
SGS,8/5/2020,8,5,2020,0
SGS,8/6/2020,8,6,2020,0.4
SGS,8/7/2020,8,7,2020,0
SGS,8/8/2020,8,8,2020,0
SGS,8/9/2020,8,9,2020,0
SGS,8/10/2020,8,10,2020,0
SGS,8/11/2020,8,11,2020,0
SGS,8/12/2020,8,12,2020,0
SGS,8/13/2020,8,13,2020,0
SGS,8/14/2020,8,14,2020,0
SGS,8/15/2020,8,15,2020,0
SGS,8/16/2020,8,16,2020,0
SGS,8/17/2020,8,17,2020,0
SGS,8/18/2020,8,18,2020,0
SGS,8/19/2020,8,19,2020,0
SGS,8/20/2020,8,20,2020,0
SGS,8/21/2020,8,21,2020,0
SGS,8/22/2020,8,22,2020,0
SGS,8/23/2020,8,23,2020,0
SGS,8/24/2020,8,24,2020,0
SGS,8/25/2020,8,25,2020,0
SGS,8/26/2020,8,26,2020,0
SGS,8/27/2020,8,27,2020,0
SGS,8/28/2020,8,28,2020,0
SGS,8/29/2020,8,29,2020,0
SGS,8/30/2020,8,30,2020,0
SGS,8/31/2020,8,31,2020,0
SGS,9/1/2020,9,1,2020,0
SGS,9/2/2020,9,2,2020,0
SGS,9/3/2020,9,3,2020,0
SGS,9/4/2020,9,4,2020,0
SGS,9/5/2020,9,5,2020,0
SGS,9/6/2020,9,6,2020,0
SGS,9/7/2020,9,7,2020,0.4
SGS,9/8/2020,9,8,2020,8.4
SGS,9/9/2020,9,9,2020,0.4
SGS,9/10/2020,9,10,2020,0
SGS,9/11/2020,9,11,2020,0.6
SGS,9/12/2020,9,12,2020,0
SGS,9/13/2020,9,13,2020,0
SGS,9/14/2020,9,14,2020,0
SGS,9/15/2020,9,15,2020,0
SGS,4/1/2021,4,1,2021,0
SGS,4/2/2021,4,2,2021,0
SGS,4/3/2021,4,3,2021,0
SGS,4/4/2021,4,4,2021,0
SGS,4/5/2021,4,5,2021,0
SGS,4/6/2021,4,6,2021,1.8
SGS,4/7/2021,4,7,2021,0
SGS,4/8/2021,4,8,2021,0
SGS,4/9/2021,4,9,2021,0
SGS,4/10/2021,4,10,2021,0
SGS,4/11/2021,4,11,2021,0
SGS,4/12/2021,4,12,2021,0
SGS,4/13/2021,4,13,2021,0
SGS,4/14/2021,4,14,2021,0.7
SGS,4/15/2021,4,15,2021,8.6
SGS,4/16/2021,4,16,2021,0.6
SGS,4/17/2021,4,17,2021,0
SGS,4/18/2021,4,18,2021,0
SGS,4/19/2021,4,19,2021,4.4
SGS,4/20/2021,4,20,2021,0
SGS,4/21/2021,4,21,2021,1.8
SGS,4/22/2021,4,22,2021,0
SGS,4/23/2021,4,23,2021,1.4
SGS,4/24/2021,4,24,2021,0
SGS,4/25/2021,4,25,2021,0
SGS,4/26/2021,4,26,2021,0
SGS,4/27/2021,4,27,2021,42.8
SGS,4/28/2021,4,28,2021,1.1
SGS,4/29/2021,4,29,2021,0
SGS,4/30/2021,4,30,2021,0
SGS,5/1/2021,5,1,2021,0
SGS,5/2/2021,5,2,2021,2
SGS,5/3/2021,5,3,2021,8.3
SGS,5/4/2021,5,4,2021,2.9
SGS,5/5/2021,5,5,2021,0
SGS,5/6/2021,5,6,2021,0
SGS,5/7/2021,5,7,2021,0
SGS,5/8/2021,5,8,2021,0
SGS,5/9/2021,5,9,2021,3.7
SGS,5/10/2021,5,10,2021,25.8
SGS,5/11/2021,5,11,2021,7.8
SGS,5/12/2021,5,12,2021,0.3
SGS,5/13/2021,5,13,2021,0
SGS,5/14/2021,5,14,2021,0.6
SGS,5/15/2021,5,15,2021,1.5
SGS,5/16/2021,5,16,2021,0
SGS,5/17/2021,5,17,2021,5.3
SGS,5/18/2021,5,18,2021,0
SGS,5/19/2021,5,19,2021,0
SGS,5/20/2021,5,20,2021,0
SGS,5/21/2021,5,21,2021,0
SGS,5/22/2021,5,22,2021,0
SGS,5/23/2021,5,23,2021,7.4
SGS,5/24/2021,5,24,2021,0
SGS,5/25/2021,5,25,2021,0
SGS,5/26/2021,5,26,2021,0
SGS,5/27/2021,5,27,2021,0
SGS,5/28/2021,5,28,2021,0
SGS,5/29/2021,5,29,2021,0
SGS,5/30/2021,5,30,2021,9.4
SGS,5/31/2021,5,31,2021,0
SGS,6/1/2021,6,1,2021,1.2
SGS,6/2/2021,6,2,2021,0
SGS,6/3/2021,6,3,2021,0
SGS,6/4/2021,6,4,2021,0
SGS,6/5/2021,6,5,2021,0
SGS,6/6/2021,6,6,2021,3
SGS,6/7/2021,6,7,2021,17.7
SGS,6/8/2021,6,8,2021,0
SGS,6/9/2021,6,9,2021,0
SGS,6/10/2021,6,10,2021,0
SGS,6/11/2021,6,11,2021,0
SGS,6/12/2021,6,12,2021,0
SGS,6/13/2021,6,13,2021,0
SGS,6/14/2021,6,14,2021,0
SGS,6/15/2021,6,15,2021,0
SGS,6/16/2021,6,16,2021,0
SGS,6/17/2021,6,17,2021,0
SGS,6/18/2021,6,18,2021,0
SGS,6/19/2021,6,19,2021,2.5
SGS,6/20/2021,6,20,2021,0
SGS,6/21/2021,6,21,2021,0
SGS,6/22/2021,6,22,2021,0
SGS,6/23/2021,6,23,2021,0
SGS,6/24/2021,6,24,2021,21.7
SGS,6/25/2021,6,25,2021,0
SGS,6/26/2021,6,26,2021,0
SGS,6/27/2021,6,27,2021,0
SGS,6/28/2021,6,28,2021,0.9
SGS,6/29/2021,6,29,2021,0
SGS,6/30/2021,6,30,2021,17.2
SGS,7/1/2021,7,1,2021,22.3
SGS,7/2/2021,7,2,2021,0
SGS,7/3/2021,7,3,2021,0
SGS,7/4/2021,7,4,2021,0
SGS,7/5/2021,7,5,2021,0
SGS,7/6/2021,7,6,2021,0
SGS,7/7/2021,7,7,2021,0
SGS,7/8/2021,7,8,2021,0
SGS,7/9/2021,7,9,2021,0
SGS,7/10/2021,7,10,2021,0
SGS,7/11/2021,7,11,2021,0
SGS,7/12/2021,7,12,2021,0
SGS,7/13/2021,7,13,2021,0
SGS,7/14/2021,7,14,2021,0.5
SGS,7/15/2021,7,15,2021,0
SGS,7/16/2021,7,16,2021,23.3
SGS,7/17/2021,7,17,2021,0.6
SGS,7/18/2021,7,18,2021,0
SGS,7/19/2021,7,19,2021,0
SGS,7/20/2021,7,20,2021,0
SGS,7/21/2021,7,21,2021,0
SGS,7/22/2021,7,22,2021,0
SGS,7/23/2021,7,23,2021,0
SGS,7/24/2021,7,24,2021,0
SGS,7/25/2021,7,25,2021,0
SGS,7/26/2021,7,26,2021,0
SGS,7/27/2021,7,27,2021,0
SGS,7/28/2021,7,28,2021,0
SGS,7/29/2021,7,29,2021,0
SGS,7/30/2021,7,30,2021,0
SGS,7/31/2021,7,31,2021,1
SGS,8/1/2021,8,1,2021,0
SGS,8/2/2021,8,2,2021,0
SGS,8/3/2021,8,3,2021,0
SGS,8/4/2021,8,4,2021,1.1
SGS,8/5/2021,8,5,2021,0.4
SGS,8/6/2021,8,6,2021,1.7
SGS,8/7/2021,8,7,2021,0
SGS,8/8/2021,8,8,2021,0
SGS,8/9/2021,8,9,2021,0
SGS,8/10/2021,8,10,2021,0
SGS,8/11/2021,8,11,2021,0
SGS,8/12/2021,8,12,2021,0
SGS,8/13/2021,8,13,2021,0
SGS,8/14/2021,8,14,2021,0
SGS,8/15/2021,8,15,2021,0
SGS,8/16/2021,8,16,2021,0
SGS,8/17/2021,8,17,2021,0
SGS,8/18/2021,8,18,2021,0
SGS,8/19/2021,8,19,2021,0.8
SGS,8/20/2021,8,20,2021,9.4
SGS,8/21/2021,8,21,2021,0
SGS,8/22/2021,8,22,2021,0
SGS,8/23/2021,8,23,2021,0
SGS,8/24/2021,8,24,2021,0
SGS,8/25/2021,8,25,2021,0
SGS,8/26/2021,8,26,2021,4.5
SGS,8/27/2021,8,27,2021,3.7
SGS,8/28/2021,8,28,2021,0
SGS,8/29/2021,8,29,2021,0
SGS,8/30/2021,8,30,2021,0
SGS,8/31/2021,8,31,2021,0
SGS,9/1/2021,9,1,2021,0.3
SGS,9/2/2021,9,2,2021,0
SGS,9/3/2021,9,3,2021,8.7
SGS,9/4/2021,9,4,2021,0
SGS,9/5/2021,9,5,2021,0
SGS,9/6/2021,9,6,2021,0
SGS,9/7/2021,9,7,2021,0
SGS,9/8/2021,9,8,2021,0
SGS,9/9/2021,9,9,2021,0
SGS,9/10/2021,9,10,2021,0
SGS,9/11/2021,9,11,2021,0
SGS,9/12/2021,9,12,2021,0.3
SGS,9/13/2021,9,13,2021,3.5
SGS,9/14/2021,9,14,2021,0
SGS,9/15/2021,9,15,2021,0
KNZ,4/1/2014,4,1,2014,0
KNZ,4/2/2014,4,2,2014,20.6
KNZ,4/3/2014,4,3,2014,0
KNZ,4/4/2014,4,4,2014,0
KNZ,4/5/2014,4,5,2014,0
KNZ,4/6/2014,4,6,2014,0.3
KNZ,4/7/2014,4,7,2014,0
KNZ,4/8/2014,4,8,2014,0
KNZ,4/9/2014,4,9,2014,0
KNZ,4/10/2014,4,10,2014,0
KNZ,4/11/2014,4,11,2014,0
KNZ,4/12/2014,4,12,2014,0
KNZ,4/13/2014,4,13,2014,4.3
KNZ,4/14/2014,4,14,2014,0.3
KNZ,4/15/2014,4,15,2014,0
KNZ,4/16/2014,4,16,2014,0
KNZ,4/17/2014,4,17,2014,0
KNZ,4/18/2014,4,18,2014,0
KNZ,4/19/2014,4,19,2014,0
KNZ,4/20/2014,4,20,2014,0
KNZ,4/21/2014,4,21,2014,0.3
KNZ,4/22/2014,4,22,2014,0
KNZ,4/23/2014,4,23,2014,0
KNZ,4/24/2014,4,24,2014,22.9
KNZ,4/25/2014,4,25,2014,0
KNZ,4/26/2014,4,26,2014,0
KNZ,4/27/2014,4,27,2014,73.4
KNZ,4/28/2014,4,28,2014,0.3
KNZ,4/29/2014,4,29,2014,8.9
KNZ,4/30/2014,4,30,2014,0
KNZ,5/1/2014,5,1,2014,0
KNZ,5/2/2014,5,2,2014,0
KNZ,5/3/2014,5,3,2014,0
KNZ,5/4/2014,5,4,2014,0
KNZ,5/5/2014,5,5,2014,0
KNZ,5/6/2014,5,6,2014,0
KNZ,5/7/2014,5,7,2014,0.3
KNZ,5/8/2014,5,8,2014,0
KNZ,5/9/2014,5,9,2014,0
KNZ,5/10/2014,5,10,2014,0
KNZ,5/11/2014,5,11,2014,0
KNZ,5/12/2014,5,12,2014,9.9
KNZ,5/13/2014,5,13,2014,0
KNZ,5/14/2014,5,14,2014,0
KNZ,5/15/2014,5,15,2014,0
KNZ,5/16/2014,5,16,2014,3
KNZ,5/17/2014,5,17,2014,0
KNZ,5/18/2014,5,18,2014,0
KNZ,5/19/2014,5,19,2014,0
KNZ,5/20/2014,5,20,2014,0
KNZ,5/21/2014,5,21,2014,0
KNZ,5/22/2014,5,22,2014,7.9
KNZ,5/23/2014,5,23,2014,11.4
KNZ,5/24/2014,5,24,2014,2.5
KNZ,5/25/2014,5,25,2014,0
KNZ,5/26/2014,5,26,2014,0
KNZ,5/27/2014,5,27,2014,0
KNZ,5/28/2014,5,28,2014,0
KNZ,5/29/2014,5,29,2014,0
KNZ,5/30/2014,5,30,2014,0
KNZ,5/31/2014,5,31,2014,0
KNZ,6/1/2014,6,1,2014,31.2
KNZ,6/2/2014,6,2,2014,0.3
KNZ,6/3/2014,6,3,2014,0
KNZ,6/4/2014,6,4,2014,0
KNZ,6/5/2014,6,5,2014,22.6
KNZ,6/6/2014,6,6,2014,0
KNZ,6/7/2014,6,7,2014,9.7
KNZ,6/8/2014,6,8,2014,0
KNZ,6/9/2014,6,9,2014,59.2
KNZ,6/10/2014,6,10,2014,1.3
KNZ,6/11/2014,6,11,2014,0
KNZ,6/12/2014,6,12,2014,13.7
KNZ,6/13/2014,6,13,2014,0
KNZ,6/14/2014,6,14,2014,0
KNZ,6/15/2014,6,15,2014,26.4
KNZ,6/16/2014,6,16,2014,0
KNZ,6/17/2014,6,17,2014,0
KNZ,6/18/2014,6,18,2014,0
KNZ,6/19/2014,6,19,2014,5.1
KNZ,6/20/2014,6,20,2014,0
KNZ,6/21/2014,6,21,2014,0
KNZ,6/22/2014,6,22,2014,1.3
KNZ,6/23/2014,6,23,2014,0
KNZ,6/24/2014,6,24,2014,0
KNZ,6/25/2014,6,25,2014,0
KNZ,6/26/2014,6,26,2014,0
KNZ,6/27/2014,6,27,2014,0
KNZ,6/28/2014,6,28,2014,11.43
KNZ,6/29/2014,6,29,2014,0
KNZ,6/30/2014,6,30,2014,0
KNZ,7/1/2014,7,1,2014,0
KNZ,7/2/2014,7,2,2014,0
KNZ,7/3/2014,7,3,2014,0
KNZ,7/4/2014,7,4,2014,0
KNZ,7/5/2014,7,5,2014,0
KNZ,7/6/2014,7,6,2014,0
KNZ,7/7/2014,7,7,2014,3.302
KNZ,7/8/2014,7,8,2014,4.318
KNZ,7/9/2014,7,9,2014,0
KNZ,7/10/2014,7,10,2014,3.302
KNZ,7/11/2014,7,11,2014,0
KNZ,7/12/2014,7,12,2014,0
KNZ,7/13/2014,7,13,2014,2.54
KNZ,7/14/2014,7,14,2014,0
KNZ,7/15/2014,7,15,2014,0
KNZ,7/16/2014,7,16,2014,0
KNZ,7/17/2014,7,17,2014,0
KNZ,7/18/2014,7,18,2014,0
KNZ,7/19/2014,7,19,2014,0
KNZ,7/20/2014,7,20,2014,0
KNZ,7/21/2014,7,21,2014,0
KNZ,7/22/2014,7,22,2014,0
KNZ,7/23/2014,7,23,2014,0
KNZ,7/24/2014,7,24,2014,0
KNZ,7/25/2014,7,25,2014,0
KNZ,7/26/2014,7,26,2014,0
KNZ,7/27/2014,7,27,2014,0
KNZ,7/28/2014,7,28,2014,0
KNZ,7/29/2014,7,29,2014,0
KNZ,7/30/2014,7,30,2014,7.366
KNZ,7/31/2014,7,31,2014,0
KNZ,8/1/2014,8,1,2014,0
KNZ,8/2/2014,8,2,2014,0
KNZ,8/3/2014,8,3,2014,0
KNZ,8/4/2014,8,4,2014,0
KNZ,8/5/2014,8,5,2014,0
KNZ,8/6/2014,8,6,2014,1.524
KNZ,8/7/2014,8,7,2014,0
KNZ,8/8/2014,8,8,2014,2.286
KNZ,8/9/2014,8,9,2014,0
KNZ,8/10/2014,8,10,2014,23.114
KNZ,8/11/2014,8,11,2014,0
KNZ,8/12/2014,8,12,2014,0
KNZ,8/13/2014,8,13,2014,0
KNZ,8/14/2014,8,14,2014,0
KNZ,8/15/2014,8,15,2014,3.556
KNZ,8/16/2014,8,16,2014,0
KNZ,8/17/2014,8,17,2014,0
KNZ,8/18/2014,8,18,2014,3.81
KNZ,8/19/2014,8,19,2014,4.064
KNZ,8/20/2014,8,20,2014,0
KNZ,8/21/2014,8,21,2014,0
KNZ,8/22/2014,8,22,2014,0
KNZ,8/23/2014,8,23,2014,0
KNZ,8/24/2014,8,24,2014,0
KNZ,8/25/2014,8,25,2014,0
KNZ,8/26/2014,8,26,2014,8.636
KNZ,8/27/2014,8,27,2014,0
KNZ,8/28/2014,8,28,2014,1.27
KNZ,8/29/2014,8,29,2014,1.27
KNZ,8/30/2014,8,30,2014,0
KNZ,8/31/2014,8,31,2014,28.954
KNZ,9/1/2014,9,1,2014,12.7
KNZ,9/2/2014,9,2,2014,0
KNZ,9/3/2014,9,3,2014,0
KNZ,9/4/2014,9,4,2014,0
KNZ,9/5/2014,9,5,2014,3.556
KNZ,9/6/2014,9,6,2014,0
KNZ,9/7/2014,9,7,2014,0
KNZ,9/8/2014,9,8,2014,0
KNZ,9/9/2014,9,9,2014,0
KNZ,9/10/2014,9,10,2014,9.906
KNZ,9/11/2014,9,11,2014,0
KNZ,9/12/2014,9,12,2014,2.032
KNZ,9/13/2014,9,13,2014,0
KNZ,9/14/2014,9,14,2014,0
KNZ,9/15/2014,9,15,2014,0
KNZ,4/1/2015,4,1,2015,0
KNZ,4/2/2015,4,2,2015,24.6
KNZ,4/3/2015,4,3,2015,3.8
KNZ,4/4/2015,4,4,2015,0
KNZ,4/5/2015,4,5,2015,0
KNZ,4/6/2015,4,6,2015,0
KNZ,4/7/2015,4,7,2015,0.3
KNZ,4/8/2015,4,8,2015,0.5
KNZ,4/9/2015,4,9,2015,0.3
KNZ,4/10/2015,4,10,2015,0
KNZ,4/11/2015,4,11,2015,0
KNZ,4/12/2015,4,12,2015,2.5
KNZ,4/13/2015,4,13,2015,1
KNZ,4/14/2015,4,14,2015,0
KNZ,4/15/2015,4,15,2015,0
KNZ,4/16/2015,4,16,2015,0.5
KNZ,4/17/2015,4,17,2015,0
KNZ,4/18/2015,4,18,2015,9.9
KNZ,4/19/2015,4,19,2015,10.9
KNZ,4/20/2015,4,20,2015,0
KNZ,4/21/2015,4,21,2015,0
KNZ,4/22/2015,4,22,2015,0
KNZ,4/23/2015,4,23,2015,0
KNZ,4/24/2015,4,24,2015,10.9
KNZ,4/25/2015,4,25,2015,7.1
KNZ,4/26/2015,4,26,2015,0
KNZ,4/27/2015,4,27,2015,0
KNZ,4/28/2015,4,28,2015,0
KNZ,4/29/2015,4,29,2015,0
KNZ,4/30/2015,4,30,2015,0
KNZ,5/1/2015,5,1,2015,0
KNZ,5/2/2015,5,2,2015,0
KNZ,5/3/2015,5,3,2015,0.5
KNZ,5/4/2015,5,4,2015,46.7
KNZ,5/5/2015,5,5,2015,2
KNZ,5/6/2015,5,6,2015,11.7
KNZ,5/7/2015,5,7,2015,7.1
KNZ,5/8/2015,5,8,2015,0
KNZ,5/9/2015,5,9,2015,8.9
KNZ,5/10/2015,5,10,2015,19.8
KNZ,5/11/2015,5,11,2015,0
KNZ,5/12/2015,5,12,2015,0
KNZ,5/13/2015,5,13,2015,8.4
KNZ,5/14/2015,5,14,2015,6.1
KNZ,5/15/2015,5,15,2015,6.6
KNZ,5/16/2015,5,16,2015,19.8
KNZ,5/17/2015,5,17,2015,0
KNZ,5/18/2015,5,18,2015,0
KNZ,5/19/2015,5,19,2015,1.3
KNZ,5/20/2015,5,20,2015,17.3
KNZ,5/21/2015,5,21,2015,0
KNZ,5/22/2015,5,22,2015,0
KNZ,5/23/2015,5,23,2015,25.1
KNZ,5/24/2015,5,24,2015,0.8
KNZ,5/25/2015,5,25,2015,16.5
KNZ,5/26/2015,5,26,2015,1.5
KNZ,5/27/2015,5,27,2015,0
KNZ,5/28/2015,5,28,2015,23.1
KNZ,5/29/2015,5,29,2015,4.8
KNZ,5/30/2015,5,30,2015,0
KNZ,5/31/2015,5,31,2015,0
KNZ,6/1/2015,6,1,2015,0
KNZ,6/2/2015,6,2,2015,1.5
KNZ,6/3/2015,6,3,2015,0.5
KNZ,6/4/2015,6,4,2015,8.1
KNZ,6/5/2015,6,5,2015,31
KNZ,6/6/2015,6,6,2015,0
KNZ,6/7/2015,6,7,2015,0
KNZ,6/8/2015,6,8,2015,0
KNZ,6/9/2015,6,9,2015,0
KNZ,6/10/2015,6,10,2015,0
KNZ,6/11/2015,6,11,2015,25.7
KNZ,6/12/2015,6,12,2015,6.4
KNZ,6/13/2015,6,13,2015,4.8
KNZ,6/14/2015,6,14,2015,14.5
KNZ,6/15/2015,6,15,2015,10.4
KNZ,6/16/2015,6,16,2015,0
KNZ,6/17/2015,6,17,2015,0
KNZ,6/18/2015,6,18,2015,0
KNZ,6/19/2015,6,19,2015,0
KNZ,6/20/2015,6,20,2015,0
KNZ,6/21/2015,6,21,2015,0
KNZ,6/22/2015,6,22,2015,0
KNZ,6/23/2015,6,23,2015,0
KNZ,6/24/2015,6,24,2015,0
KNZ,6/25/2015,6,25,2015,3.6
KNZ,6/26/2015,6,26,2015,16
KNZ,6/27/2015,6,27,2015,0
KNZ,6/28/2015,6,28,2015,0
KNZ,6/29/2015,6,29,2015,0
KNZ,6/30/2015,6,30,2015,0
KNZ,7/1/2015,7,1,2015,0
KNZ,7/2/2015,7,2,2015,18
KNZ,7/3/2015,7,3,2015,1
KNZ,7/4/2015,7,4,2015,0
KNZ,7/5/2015,7,5,2015,0
KNZ,7/6/2015,7,6,2015,76.2
KNZ,7/7/2015,7,7,2015,0
KNZ,7/8/2015,7,8,2015,0
KNZ,7/9/2015,7,9,2015,0
KNZ,7/10/2015,7,10,2015,7.1
KNZ,7/11/2015,7,11,2015,0
KNZ,7/12/2015,7,12,2015,0
KNZ,7/13/2015,7,13,2015,0
KNZ,7/14/2015,7,14,2015,0
KNZ,7/15/2015,7,15,2015,14
KNZ,7/16/2015,7,16,2015,0
KNZ,7/17/2015,7,17,2015,0
KNZ,7/18/2015,7,18,2015,0.3
KNZ,7/19/2015,7,19,2015,10.7
KNZ,7/20/2015,7,20,2015,1.3
KNZ,7/21/2015,7,21,2015,0
KNZ,7/22/2015,7,22,2015,0
KNZ,7/23/2015,7,23,2015,0
KNZ,7/24/2015,7,24,2015,0.5
KNZ,7/25/2015,7,25,2015,0
KNZ,7/26/2015,7,26,2015,3
KNZ,7/27/2015,7,27,2015,1.5
KNZ,7/28/2015,7,28,2015,0
KNZ,7/29/2015,7,29,2015,13.7
KNZ,7/30/2015,7,30,2015,0
KNZ,7/31/2015,7,31,2015,0
KNZ,8/1/2015,8,1,2015,0
KNZ,8/2/2015,8,2,2015,0
KNZ,8/3/2015,8,3,2015,0
KNZ,8/4/2015,8,4,2015,4.6
KNZ,8/5/2015,8,5,2015,5.3
KNZ,8/6/2015,8,6,2015,0
KNZ,8/7/2015,8,7,2015,0
KNZ,8/8/2015,8,8,2015,33
KNZ,8/9/2015,8,9,2015,1
KNZ,8/10/2015,8,10,2015,0
KNZ,8/11/2015,8,11,2015,0
KNZ,8/12/2015,8,12,2015,0
KNZ,8/13/2015,8,13,2015,0
KNZ,8/14/2015,8,14,2015,0
KNZ,8/15/2015,8,15,2015,0
KNZ,8/16/2015,8,16,2015,0
KNZ,8/17/2015,8,17,2015,0
KNZ,8/18/2015,8,18,2015,14.7
KNZ,8/19/2015,8,19,2015,0
KNZ,8/20/2015,8,20,2015,0
KNZ,8/21/2015,8,21,2015,0
KNZ,8/22/2015,8,22,2015,2.3
KNZ,8/23/2015,8,23,2015,9.1
KNZ,8/24/2015,8,24,2015,0
KNZ,8/25/2015,8,25,2015,0
KNZ,8/26/2015,8,26,2015,0
KNZ,8/27/2015,8,27,2015,0
KNZ,8/28/2015,8,28,2015,14
KNZ,8/29/2015,8,29,2015,0
KNZ,8/30/2015,8,30,2015,0
KNZ,8/31/2015,8,31,2015,0
KNZ,9/1/2015,9,1,2015,0
KNZ,9/2/2015,9,2,2015,0
KNZ,9/3/2015,9,3,2015,0
KNZ,9/4/2015,9,4,2015,0
KNZ,9/5/2015,9,5,2015,0
KNZ,9/6/2015,9,6,2015,0
KNZ,9/7/2015,9,7,2015,20.6
KNZ,9/8/2015,9,8,2015,0
KNZ,9/9/2015,9,9,2015,0
KNZ,9/10/2015,9,10,2015,50.8
KNZ,9/11/2015,9,11,2015,0
KNZ,9/12/2015,9,12,2015,0.3
KNZ,9/13/2015,9,13,2015,0
KNZ,9/14/2015,9,14,2015,0
KNZ,9/15/2015,9,15,2015,0
KNZ,4/1/2016,4,1,2016,0
KNZ,4/2/2016,4,2,2016,0
KNZ,4/3/2016,4,3,2016,0
KNZ,4/4/2016,4,4,2016,0
KNZ,4/5/2016,4,5,2016,0
KNZ,4/6/2016,4,6,2016,4.5
KNZ,4/7/2016,4,7,2016,0
KNZ,4/8/2016,4,8,2016,0
KNZ,4/9/2016,4,9,2016,0
KNZ,4/10/2016,4,10,2016,0
KNZ,4/11/2016,4,11,2016,0
KNZ,4/12/2016,4,12,2016,0
KNZ,4/13/2016,4,13,2016,0
KNZ,4/14/2016,4,14,2016,0
KNZ,4/15/2016,4,15,2016,0
KNZ,4/16/2016,4,16,2016,0
KNZ,4/17/2016,4,17,2016,7.5
KNZ,4/18/2016,4,18,2016,13
KNZ,4/19/2016,4,19,2016,1
KNZ,4/20/2016,4,20,2016,31.5
KNZ,4/21/2016,4,21,2016,0
KNZ,4/22/2016,4,22,2016,0
KNZ,4/23/2016,4,23,2016,0
KNZ,4/24/2016,4,24,2016,0
KNZ,4/25/2016,4,25,2016,57
KNZ,4/26/2016,4,26,2016,75.2
KNZ,4/27/2016,4,27,2016,6.8
KNZ,4/28/2016,4,28,2016,0
KNZ,4/29/2016,4,29,2016,10.7
KNZ,4/30/2016,4,30,2016,7.4
KNZ,5/1/2016,5,1,2016,0
KNZ,5/2/2016,5,2,2016,0
KNZ,5/3/2016,5,3,2016,1.5
KNZ,5/4/2016,5,4,2016,0.7
KNZ,5/5/2016,5,5,2016,0.8
KNZ,5/6/2016,5,6,2016,0
KNZ,5/7/2016,5,7,2016,0
KNZ,5/8/2016,5,8,2016,0.7
KNZ,5/9/2016,5,9,2016,3.7
KNZ,5/10/2016,5,10,2016,1.6
KNZ,5/11/2016,5,11,2016,4.3
KNZ,5/12/2016,5,12,2016,0
KNZ,5/13/2016,5,13,2016,0
KNZ,5/14/2016,5,14,2016,0
KNZ,5/15/2016,5,15,2016,1.4
KNZ,5/16/2016,5,16,2016,13
KNZ,5/17/2016,5,17,2016,1
KNZ,5/18/2016,5,18,2016,0
KNZ,5/19/2016,5,19,2016,0
KNZ,5/20/2016,5,20,2016,0
KNZ,5/21/2016,5,21,2016,0
KNZ,5/22/2016,5,22,2016,0
KNZ,5/23/2016,5,23,2016,2.8
KNZ,5/24/2016,5,24,2016,30
KNZ,5/25/2016,5,25,2016,28.9
KNZ,5/26/2016,5,26,2016,45.8
KNZ,5/27/2016,5,27,2016,20
KNZ,5/28/2016,5,28,2016,5
KNZ,5/29/2016,5,29,2016,1
KNZ,5/30/2016,5,30,2016,0
KNZ,5/31/2016,5,31,2016,0
KNZ,6/1/2016,6,1,2016,0
KNZ,6/2/2016,6,2,2016,0
KNZ,6/3/2016,6,3,2016,0
KNZ,6/4/2016,6,4,2016,1.6
KNZ,6/5/2016,6,5,2016,0
KNZ,6/6/2016,6,6,2016,0
KNZ,6/7/2016,6,7,2016,0
KNZ,6/8/2016,6,8,2016,0
KNZ,6/9/2016,6,9,2016,0
KNZ,6/10/2016,6,10,2016,0
KNZ,6/11/2016,6,11,2016,0
KNZ,6/12/2016,6,12,2016,0
KNZ,6/13/2016,6,13,2016,0
KNZ,6/14/2016,6,14,2016,8.3
KNZ,6/15/2016,6,15,2016,0
KNZ,6/16/2016,6,16,2016,0
KNZ,6/17/2016,6,17,2016,0
KNZ,6/18/2016,6,18,2016,5
KNZ,6/19/2016,6,19,2016,0
KNZ,6/20/2016,6,20,2016,0
KNZ,6/21/2016,6,21,2016,0
KNZ,6/22/2016,6,22,2016,0
KNZ,6/23/2016,6,23,2016,0
KNZ,6/24/2016,6,24,2016,2
KNZ,6/25/2016,6,25,2016,0
KNZ,6/26/2016,6,26,2016,0
KNZ,6/27/2016,6,27,2016,0
KNZ,6/28/2016,6,28,2016,13
KNZ,6/29/2016,6,29,2016,0
KNZ,6/30/2016,6,30,2016,0
KNZ,7/1/2016,7,1,2016,0
KNZ,7/2/2016,7,2,2016,37
KNZ,7/3/2016,7,3,2016,6.2
KNZ,7/4/2016,7,4,2016,0
KNZ,7/5/2016,7,5,2016,0
KNZ,7/6/2016,7,6,2016,0
KNZ,7/7/2016,7,7,2016,8
KNZ,7/8/2016,7,8,2016,0
KNZ,7/9/2016,7,9,2016,0
KNZ,7/10/2016,7,10,2016,0
KNZ,7/11/2016,7,11,2016,0
KNZ,7/12/2016,7,12,2016,13.2
KNZ,7/13/2016,7,13,2016,15.8
KNZ,7/14/2016,7,14,2016,0
KNZ,7/15/2016,7,15,2016,0
KNZ,7/16/2016,7,16,2016,0
KNZ,7/17/2016,7,17,2016,0
KNZ,7/18/2016,7,18,2016,0
KNZ,7/19/2016,7,19,2016,0
KNZ,7/20/2016,7,20,2016,0
KNZ,7/21/2016,7,21,2016,0
KNZ,7/22/2016,7,22,2016,0
KNZ,7/23/2016,7,23,2016,0
KNZ,7/24/2016,7,24,2016,1.5
KNZ,7/25/2016,7,25,2016,50.4
KNZ,7/26/2016,7,26,2016,0
KNZ,7/27/2016,7,27,2016,0
KNZ,7/28/2016,7,28,2016,31.9
KNZ,7/29/2016,7,29,2016,4.5
KNZ,7/30/2016,7,30,2016,0
KNZ,7/31/2016,7,31,2016,0
KNZ,8/1/2016,8,1,2016,0
KNZ,8/2/2016,8,2,2016,0
KNZ,8/3/2016,8,3,2016,0
KNZ,8/4/2016,8,4,2016,0
KNZ,8/5/2016,8,5,2016,12.9
KNZ,8/6/2016,8,6,2016,20.2
KNZ,8/7/2016,8,7,2016,0
KNZ,8/8/2016,8,8,2016,0
KNZ,8/9/2016,8,9,2016,0
KNZ,8/10/2016,8,10,2016,0
KNZ,8/11/2016,8,11,2016,19.5
KNZ,8/12/2016,8,12,2016,10.5
KNZ,8/13/2016,8,13,2016,0
KNZ,8/14/2016,8,14,2016,0
KNZ,8/15/2016,8,15,2016,0
KNZ,8/16/2016,8,16,2016,0
KNZ,8/17/2016,8,17,2016,0
KNZ,8/18/2016,8,18,2016,0
KNZ,8/19/2016,8,19,2016,29.5
KNZ,8/20/2016,8,20,2016,0
KNZ,8/21/2016,8,21,2016,0
KNZ,8/22/2016,8,22,2016,0
KNZ,8/23/2016,8,23,2016,0
KNZ,8/24/2016,8,24,2016,1.5
KNZ,8/25/2016,8,25,2016,20
KNZ,8/26/2016,8,26,2016,11
KNZ,8/27/2016,8,27,2016,3.5
KNZ,8/28/2016,8,28,2016,0
KNZ,8/29/2016,8,29,2016,3
KNZ,8/30/2016,8,30,2016,0
KNZ,8/31/2016,8,31,2016,0
KNZ,9/1/2016,9,1,2016,0
KNZ,9/2/2016,9,2,2016,0
KNZ,9/3/2016,9,3,2016,0
KNZ,9/4/2016,9,4,2016,0
KNZ,9/5/2016,9,5,2016,0
KNZ,9/6/2016,9,6,2016,0
KNZ,9/7/2016,9,7,2016,0
KNZ,9/8/2016,9,8,2016,0
KNZ,9/9/2016,9,9,2016,0
KNZ,9/10/2016,9,10,2016,0
KNZ,9/11/2016,9,11,2016,0
KNZ,9/12/2016,9,12,2016,0
KNZ,9/13/2016,9,13,2016,28
KNZ,9/14/2016,9,14,2016,28.7
KNZ,9/15/2016,9,15,2016,0
KNZ,4/1/2017,4,1,2017,1
KNZ,4/2/2017,4,2,2017,2.5
KNZ,4/3/2017,4,3,2017,20.6
KNZ,4/4/2017,4,4,2017,0
KNZ,4/5/2017,4,5,2017,0
KNZ,4/6/2017,4,6,2017,0
KNZ,4/7/2017,4,7,2017,0
KNZ,4/8/2017,4,8,2017,0
KNZ,4/9/2017,4,9,2017,0
KNZ,4/10/2017,4,10,2017,0
KNZ,4/11/2017,4,11,2017,0
KNZ,4/12/2017,4,12,2017,0.8
KNZ,4/13/2017,4,13,2017,0
KNZ,4/14/2017,4,14,2017,4.1
KNZ,4/15/2017,4,15,2017,2.8
KNZ,4/16/2017,4,16,2017,5.8
KNZ,4/17/2017,4,17,2017,0
KNZ,4/18/2017,4,18,2017,0
KNZ,4/19/2017,4,19,2017,10.4
KNZ,4/20/2017,4,20,2017,5.6
KNZ,4/21/2017,4,21,2017,1.8
KNZ,4/22/2017,4,22,2017,0
KNZ,4/23/2017,4,23,2017,0
KNZ,4/24/2017,4,24,2017,0
KNZ,4/25/2017,4,25,2017,0
KNZ,4/26/2017,4,26,2017,0
KNZ,4/27/2017,4,27,2017,2.3
KNZ,4/28/2017,4,28,2017,5.6
KNZ,4/29/2017,4,29,2017,13
KNZ,4/30/2017,4,30,2017,18.3
KNZ,5/1/2017,5,1,2017,1
KNZ,5/2/2017,5,2,2017,0
KNZ,5/3/2017,5,3,2017,1.8
KNZ,5/4/2017,5,4,2017,0
KNZ,5/5/2017,5,5,2017,0
KNZ,5/6/2017,5,6,2017,0
KNZ,5/7/2017,5,7,2017,0
KNZ,5/8/2017,5,8,2017,0
KNZ,5/9/2017,5,9,2017,0
KNZ,5/10/2017,5,10,2017,0
KNZ,5/11/2017,5,11,2017,6.1
KNZ,5/12/2017,5,12,2017,0
KNZ,5/13/2017,5,13,2017,0
KNZ,5/14/2017,5,14,2017,0
KNZ,5/15/2017,5,15,2017,0
KNZ,5/16/2017,5,16,2017,0
KNZ,5/17/2017,5,17,2017,0
KNZ,5/18/2017,5,18,2017,15.7
KNZ,5/19/2017,5,19,2017,22.4
KNZ,5/20/2017,5,20,2017,0
KNZ,5/21/2017,5,21,2017,0
KNZ,5/22/2017,5,22,2017,8.4
KNZ,5/23/2017,5,23,2017,1
KNZ,5/24/2017,5,24,2017,0
KNZ,5/25/2017,5,25,2017,1.3
KNZ,5/26/2017,5,26,2017,5.3
KNZ,5/27/2017,5,27,2017,10.7
KNZ,5/28/2017,5,28,2017,0
KNZ,5/29/2017,5,29,2017,0
KNZ,5/30/2017,5,30,2017,0
KNZ,5/31/2017,5,31,2017,10.4
KNZ,6/1/2017,6,1,2017,1.5
KNZ,6/2/2017,6,2,2017,0
KNZ,6/3/2017,6,3,2017,3.6
KNZ,6/4/2017,6,4,2017,0
KNZ,6/5/2017,6,5,2017,0
KNZ,6/6/2017,6,6,2017,0
KNZ,6/7/2017,6,7,2017,0
KNZ,6/8/2017,6,8,2017,0
KNZ,6/9/2017,6,9,2017,0
KNZ,6/10/2017,6,10,2017,0
KNZ,6/11/2017,6,11,2017,0
KNZ,6/12/2017,6,12,2017,0
KNZ,6/13/2017,6,13,2017,0
KNZ,6/14/2017,6,14,2017,0
KNZ,6/15/2017,6,15,2017,0.5
KNZ,6/16/2017,6,16,2017,0
KNZ,6/17/2017,6,17,2017,0
KNZ,6/18/2017,6,18,2017,2.5
KNZ,6/19/2017,6,19,2017,0
KNZ,6/20/2017,6,20,2017,0.8
KNZ,6/21/2017,6,21,2017,0
KNZ,6/22/2017,6,22,2017,0
KNZ,6/23/2017,6,23,2017,0
KNZ,6/24/2017,6,24,2017,0
KNZ,6/25/2017,6,25,2017,2.3
KNZ,6/26/2017,6,26,2017,1.3
KNZ,6/27/2017,6,27,2017,0
KNZ,6/28/2017,6,28,2017,0
KNZ,6/29/2017,6,29,2017,51.6
KNZ,6/30/2017,6,30,2017,11.2
KNZ,7/1/2017,7,1,2017,0
KNZ,7/2/2017,7,2,2017,0
KNZ,7/3/2017,7,3,2017,0
KNZ,7/4/2017,7,4,2017,0
KNZ,7/5/2017,7,5,2017,0
KNZ,7/6/2017,7,6,2017,0
KNZ,7/7/2017,7,7,2017,0
KNZ,7/8/2017,7,8,2017,0
KNZ,7/9/2017,7,9,2017,0
KNZ,7/10/2017,7,10,2017,0
KNZ,7/11/2017,7,11,2017,0
KNZ,7/12/2017,7,12,2017,0
KNZ,7/13/2017,7,13,2017,0.8
KNZ,7/14/2017,7,14,2017,0
KNZ,7/15/2017,7,15,2017,0
KNZ,7/16/2017,7,16,2017,0
KNZ,7/17/2017,7,17,2017,0
KNZ,7/18/2017,7,18,2017,0
KNZ,7/19/2017,7,19,2017,0
KNZ,7/20/2017,7,20,2017,0
KNZ,7/21/2017,7,21,2017,0
KNZ,7/22/2017,7,22,2017,8.1
KNZ,7/23/2017,7,23,2017,0
KNZ,7/24/2017,7,24,2017,0
KNZ,7/25/2017,7,25,2017,0
KNZ,7/26/2017,7,26,2017,22.6
KNZ,7/27/2017,7,27,2017,0
KNZ,7/28/2017,7,28,2017,0
KNZ,7/29/2017,7,29,2017,0
KNZ,7/30/2017,7,30,2017,0
KNZ,7/31/2017,7,31,2017,1.8
KNZ,8/1/2017,8,1,2017,0
KNZ,8/2/2017,8,2,2017,10.9
KNZ,8/3/2017,8,3,2017,16.8
KNZ,8/4/2017,8,4,2017,0
KNZ,8/5/2017,8,5,2017,84.1
KNZ,8/6/2017,8,6,2017,0
KNZ,8/7/2017,8,7,2017,0
KNZ,8/8/2017,8,8,2017,0
KNZ,8/9/2017,8,9,2017,2.3
KNZ,8/10/2017,8,10,2017,0
KNZ,8/11/2017,8,11,2017,14.2
KNZ,8/12/2017,8,12,2017,0
KNZ,8/13/2017,8,13,2017,0
KNZ,8/14/2017,8,14,2017,0
KNZ,8/15/2017,8,15,2017,0
KNZ,8/16/2017,8,16,2017,10.2
KNZ,8/17/2017,8,17,2017,0
KNZ,8/18/2017,8,18,2017,0
KNZ,8/19/2017,8,19,2017,0
KNZ,8/20/2017,8,20,2017,2.5
KNZ,8/21/2017,8,21,2017,5.3
KNZ,8/22/2017,8,22,2017,2.5
KNZ,8/23/2017,8,23,2017,0
KNZ,8/24/2017,8,24,2017,0
KNZ,8/25/2017,8,25,2017,0
KNZ,8/26/2017,8,26,2017,0
KNZ,8/27/2017,8,27,2017,9.9
KNZ,8/28/2017,8,28,2017,0
KNZ,8/29/2017,8,29,2017,0
KNZ,8/30/2017,8,30,2017,0
KNZ,8/31/2017,8,31,2017,0
KNZ,9/1/2017,9,1,2017,0
KNZ,9/2/2017,9,2,2017,0
KNZ,9/3/2017,9,3,2017,0
KNZ,9/4/2017,9,4,2017,0
KNZ,9/5/2017,9,5,2017,0
KNZ,9/6/2017,9,6,2017,0
KNZ,9/7/2017,9,7,2017,0
KNZ,9/8/2017,9,8,2017,0
KNZ,9/9/2017,9,9,2017,0
KNZ,9/10/2017,9,10,2017,0
KNZ,9/11/2017,9,11,2017,0
KNZ,9/12/2017,9,12,2017,0
KNZ,9/13/2017,9,13,2017,0
KNZ,9/14/2017,9,14,2017,1
KNZ,9/15/2017,9,15,2017,0
KNZ,4/1/2018,4,1,2018,0.3
KNZ,4/2/2018,4,2,2018,0.3
KNZ,4/3/2018,4,3,2018,1.5
KNZ,4/4/2018,4,4,2018,0
KNZ,4/5/2018,4,5,2018,0
KNZ,4/6/2018,4,6,2018,0
KNZ,4/7/2018,4,7,2018,0
KNZ,4/8/2018,4,8,2018,0.8
KNZ,4/9/2018,4,9,2018,0
KNZ,4/10/2018,4,10,2018,0
KNZ,4/11/2018,4,11,2018,0
KNZ,4/12/2018,4,12,2018,0
KNZ,4/13/2018,4,13,2018,0
KNZ,4/14/2018,4,14,2018,1.5
KNZ,4/15/2018,4,15,2018,0
KNZ,4/16/2018,4,16,2018,0
KNZ,4/17/2018,4,17,2018,0
KNZ,4/18/2018,4,18,2018,0.3
KNZ,4/19/2018,4,19,2018,0
KNZ,4/20/2018,4,20,2018,0
KNZ,4/21/2018,4,21,2018,16.5
KNZ,4/22/2018,4,22,2018,0.3
KNZ,4/23/2018,4,23,2018,0
KNZ,4/24/2018,4,24,2018,0
KNZ,4/25/2018,4,25,2018,19.8
KNZ,4/26/2018,4,26,2018,0
KNZ,4/27/2018,4,27,2018,0
KNZ,4/28/2018,4,28,2018,0
KNZ,4/29/2018,4,29,2018,0
KNZ,4/30/2018,4,30,2018,0
KNZ,5/1/2018,5,1,2018,0.3
KNZ,5/2/2018,5,2,2018,19.6
KNZ,5/3/2018,5,3,2018,16
KNZ,5/4/2018,5,4,2018,0
KNZ,5/5/2018,5,5,2018,0
KNZ,5/6/2018,5,6,2018,0
KNZ,5/7/2018,5,7,2018,0
KNZ,5/8/2018,5,8,2018,0
KNZ,5/9/2018,5,9,2018,0
KNZ,5/10/2018,5,10,2018,0
KNZ,5/11/2018,5,11,2018,0
KNZ,5/12/2018,5,12,2018,0
KNZ,5/13/2018,5,13,2018,0.5
KNZ,5/14/2018,5,14,2018,5.3
KNZ,5/15/2018,5,15,2018,0
KNZ,5/16/2018,5,16,2018,0
KNZ,5/17/2018,5,17,2018,0
KNZ,5/18/2018,5,18,2018,0.3
KNZ,5/19/2018,5,19,2018,18.5
KNZ,5/20/2018,5,20,2018,0.5
KNZ,5/21/2018,5,21,2018,0
KNZ,5/22/2018,5,22,2018,0
KNZ,5/23/2018,5,23,2018,0
KNZ,5/24/2018,5,24,2018,0
KNZ,5/25/2018,5,25,2018,0
KNZ,5/26/2018,5,26,2018,0
KNZ,5/27/2018,5,27,2018,0
KNZ,5/28/2018,5,28,2018,0
KNZ,5/29/2018,5,29,2018,19.1
KNZ,5/30/2018,5,30,2018,0.3
KNZ,5/31/2018,5,31,2018,0
KNZ,6/1/2018,6,1,2018,0
KNZ,6/2/2018,6,2,2018,13.7
KNZ,6/3/2018,6,3,2018,0
KNZ,6/4/2018,6,4,2018,0
KNZ,6/5/2018,6,5,2018,0
KNZ,6/6/2018,6,6,2018,0
KNZ,6/7/2018,6,7,2018,0
KNZ,6/8/2018,6,8,2018,0
KNZ,6/9/2018,6,9,2018,0
KNZ,6/10/2018,6,10,2018,0
KNZ,6/11/2018,6,11,2018,5.6
KNZ,6/12/2018,6,12,2018,0
KNZ,6/13/2018,6,13,2018,0
KNZ,6/14/2018,6,14,2018,0
KNZ,6/15/2018,6,15,2018,0
KNZ,6/16/2018,6,16,2018,0
KNZ,6/17/2018,6,17,2018,0
KNZ,6/18/2018,6,18,2018,0
KNZ,6/19/2018,6,19,2018,1.5
KNZ,6/20/2018,6,20,2018,1.3
KNZ,6/21/2018,6,21,2018,0
KNZ,6/22/2018,6,22,2018,0
KNZ,6/23/2018,6,23,2018,0
KNZ,6/24/2018,6,24,2018,0
KNZ,6/25/2018,6,25,2018,14
KNZ,6/26/2018,6,26,2018,1.5
KNZ,6/27/2018,6,27,2018,0
KNZ,6/28/2018,6,28,2018,0
KNZ,6/29/2018,6,29,2018,0
KNZ,6/30/2018,6,30,2018,0.3
KNZ,7/1/2018,7,1,2018,0.3
KNZ,7/2/2018,7,2,2018,0
KNZ,7/3/2018,7,3,2018,0
KNZ,7/4/2018,7,4,2018,0
KNZ,7/5/2018,7,5,2018,9.1
KNZ,7/6/2018,7,6,2018,0
KNZ,7/7/2018,7,7,2018,0
KNZ,7/8/2018,7,8,2018,0
KNZ,7/9/2018,7,9,2018,0
KNZ,7/10/2018,7,10,2018,0
KNZ,7/11/2018,7,11,2018,0
KNZ,7/12/2018,7,12,2018,0
KNZ,7/13/2018,7,13,2018,3
KNZ,7/14/2018,7,14,2018,42.7
KNZ,7/15/2018,7,15,2018,0
KNZ,7/16/2018,7,16,2018,0
KNZ,7/17/2018,7,17,2018,6.1
KNZ,7/18/2018,7,18,2018,0
KNZ,7/19/2018,7,19,2018,6.4
KNZ,7/20/2018,7,20,2018,0
KNZ,7/21/2018,7,21,2018,0
KNZ,7/22/2018,7,22,2018,0
KNZ,7/23/2018,7,23,2018,0
KNZ,7/24/2018,7,24,2018,0
KNZ,7/25/2018,7,25,2018,0.3
KNZ,7/26/2018,7,26,2018,2
KNZ,7/27/2018,7,27,2018,0
KNZ,7/28/2018,7,28,2018,0
KNZ,7/29/2018,7,29,2018,11.9
KNZ,7/30/2018,7,30,2018,4.8
KNZ,7/31/2018,7,31,2018,0
KNZ,8/1/2018,8,1,2018,0
KNZ,8/2/2018,8,2,2018,0
KNZ,8/3/2018,8,3,2018,0
KNZ,8/4/2018,8,4,2018,1.3
KNZ,8/5/2018,8,5,2018,0
KNZ,8/6/2018,8,6,2018,0
KNZ,8/7/2018,8,7,2018,13
KNZ,8/8/2018,8,8,2018,0
KNZ,8/9/2018,8,9,2018,0
KNZ,8/10/2018,8,10,2018,0
KNZ,8/11/2018,8,11,2018,0
KNZ,8/12/2018,8,12,2018,0
KNZ,8/13/2018,8,13,2018,9.1
KNZ,8/14/2018,8,14,2018,9.7
KNZ,8/15/2018,8,15,2018,0
KNZ,8/16/2018,8,16,2018,0.3
KNZ,8/17/2018,8,17,2018,0
KNZ,8/18/2018,8,18,2018,0
KNZ,8/19/2018,8,19,2018,47.2
KNZ,8/20/2018,8,20,2018,1
KNZ,8/21/2018,8,21,2018,0.3
KNZ,8/22/2018,8,22,2018,0
KNZ,8/23/2018,8,23,2018,46.2
KNZ,8/24/2018,8,24,2018,0
KNZ,8/25/2018,8,25,2018,0
KNZ,8/26/2018,8,26,2018,12.2
KNZ,8/27/2018,8,27,2018,0
KNZ,8/28/2018,8,28,2018,0
KNZ,8/29/2018,8,29,2018,0
KNZ,8/30/2018,8,30,2018,0
KNZ,8/31/2018,8,31,2018,0
KNZ,9/1/2018,9,1,2018,0.3
KNZ,9/2/2018,9,2,2018,4.6
KNZ,9/3/2018,9,3,2018,1.5
KNZ,9/4/2018,9,4,2018,0
KNZ,9/5/2018,9,5,2018,10.4
KNZ,9/6/2018,9,6,2018,6.9
KNZ,9/7/2018,9,7,2018,36.8
KNZ,9/8/2018,9,8,2018,64.8
KNZ,9/9/2018,9,9,2018,0
KNZ,9/10/2018,9,10,2018,0
KNZ,9/11/2018,9,11,2018,0
KNZ,9/12/2018,9,12,2018,13.2
KNZ,9/13/2018,9,13,2018,0
KNZ,9/14/2018,9,14,2018,0
KNZ,9/15/2018,9,15,2018,0
KNZ,4/1/2019,4,1,2019,0
KNZ,4/2/2019,4,2,2019,0
KNZ,4/3/2019,4,3,2019,37.1
KNZ,4/4/2019,4,4,2019,2.5
KNZ,4/5/2019,4,5,2019,31
KNZ,4/6/2019,4,6,2019,19.1
KNZ,4/7/2019,4,7,2019,0
KNZ,4/8/2019,4,8,2019,0
KNZ,4/9/2019,4,9,2019,6.9
KNZ,4/10/2019,4,10,2019,33.8
KNZ,4/11/2019,4,11,2019,0.3
KNZ,4/12/2019,4,12,2019,11.7
KNZ,4/13/2019,4,13,2019,11.2
KNZ,4/14/2019,4,14,2019,0
KNZ,4/15/2019,4,15,2019,0
KNZ,4/16/2019,4,16,2019,0
KNZ,4/17/2019,4,17,2019,0
KNZ,4/18/2019,4,18,2019,0
KNZ,4/19/2019,4,19,2019,0
KNZ,4/20/2019,4,20,2019,0
KNZ,4/21/2019,4,21,2019,0
KNZ,4/22/2019,4,22,2019,0.5
KNZ,4/23/2019,4,23,2019,0
KNZ,4/24/2019,4,24,2019,0
KNZ,4/25/2019,4,25,2019,1.8
KNZ,4/26/2019,4,26,2019,0
KNZ,4/27/2019,4,27,2019,5.3
KNZ,4/28/2019,4,28,2019,3.8
KNZ,4/29/2019,4,29,2019,0
KNZ,4/30/2019,4,30,2019,1.5
KNZ,5/1/2019,5,1,2019,0
KNZ,5/2/2019,5,2,2019,0
KNZ,5/3/2019,5,3,2019,0
KNZ,5/4/2019,5,4,2019,23.8
KNZ,5/5/2019,5,5,2019,0
KNZ,5/6/2019,5,6,2019,0.5
KNZ,5/7/2019,5,7,2019,17
KNZ,5/8/2019,5,8,2019,16.3
KNZ,5/9/2019,5,9,2019,71.9
KNZ,5/10/2019,5,10,2019,0
KNZ,5/11/2019,5,11,2019,6.6
KNZ,5/12/2019,5,12,2019,0.3
KNZ,5/13/2019,5,13,2019,0
KNZ,5/14/2019,5,14,2019,0
KNZ,5/15/2019,5,15,2019,0
KNZ,5/16/2019,5,16,2019,0
KNZ,5/17/2019,5,17,2019,0
KNZ,5/18/2019,5,18,2019,0
KNZ,5/19/2019,5,19,2019,0
KNZ,5/20/2019,5,20,2019,32.5
KNZ,5/21/2019,5,21,2019,8.9
KNZ,5/22/2019,5,22,2019,27.4
KNZ,5/23/2019,5,23,2019,0
KNZ,5/24/2019,5,24,2019,0
KNZ,5/25/2019,5,25,2019,4.6
KNZ,5/26/2019,5,26,2019,11.4
KNZ,5/27/2019,5,27,2019,0
KNZ,5/28/2019,5,28,2019,0
KNZ,5/29/2019,5,29,2019,0
KNZ,5/30/2019,5,30,2019,0
KNZ,5/31/2019,5,31,2019,0
KNZ,6/1/2019,6,1,2019,0
KNZ,6/2/2019,6,2,2019,0
KNZ,6/3/2019,6,3,2019,0
KNZ,6/4/2019,6,4,2019,0
KNZ,6/5/2019,6,5,2019,0
KNZ,6/6/2019,6,6,2019,1
KNZ,6/7/2019,6,7,2019,0
KNZ,6/8/2019,6,8,2019,0
KNZ,6/9/2019,6,9,2019,0
KNZ,6/10/2019,6,10,2019,0
KNZ,6/11/2019,6,11,2019,0
KNZ,6/12/2019,6,12,2019,0
KNZ,6/13/2019,6,13,2019,1.5
KNZ,6/14/2019,6,14,2019,0.3
KNZ,6/15/2019,6,15,2019,0
KNZ,6/16/2019,6,16,2019,0
KNZ,6/17/2019,6,17,2019,0
KNZ,6/18/2019,6,18,2019,31.8
KNZ,6/19/2019,6,19,2019,0
KNZ,6/20/2019,6,20,2019,0
KNZ,6/21/2019,6,21,2019,0
KNZ,6/22/2019,6,22,2019,0
KNZ,6/23/2019,6,23,2019,34.1
KNZ,6/24/2019,6,24,2019,7.6
KNZ,6/25/2019,6,25,2019,0
KNZ,6/26/2019,6,26,2019,0
KNZ,6/27/2019,6,27,2019,7.3
KNZ,6/28/2019,6,28,2019,8
KNZ,6/29/2019,6,29,2019,0
KNZ,6/30/2019,6,30,2019,0
KNZ,7/1/2019,7,1,2019,46.9
KNZ,7/2/2019,7,2,2019,0
KNZ,7/3/2019,7,3,2019,6.8
KNZ,7/4/2019,7,4,2019,0
KNZ,7/5/2019,7,5,2019,0
KNZ,7/6/2019,7,6,2019,0
KNZ,7/7/2019,7,7,2019,1.6
KNZ,7/8/2019,7,8,2019,0
KNZ,7/9/2019,7,9,2019,0
KNZ,7/10/2019,7,10,2019,0
KNZ,7/11/2019,7,11,2019,48
KNZ,7/12/2019,7,12,2019,0
KNZ,7/13/2019,7,13,2019,0
KNZ,7/14/2019,7,14,2019,0
KNZ,7/15/2019,7,15,2019,0
KNZ,7/16/2019,7,16,2019,51.6
KNZ,7/17/2019,7,17,2019,0
KNZ,7/18/2019,7,18,2019,0
KNZ,7/19/2019,7,19,2019,0
KNZ,7/20/2019,7,20,2019,0
KNZ,7/21/2019,7,21,2019,22.4
KNZ,7/22/2019,7,22,2019,0
KNZ,7/23/2019,7,23,2019,0
KNZ,7/24/2019,7,24,2019,5.8
KNZ,7/25/2019,7,25,2019,0.3
KNZ,7/26/2019,7,26,2019,0
KNZ,7/27/2019,7,27,2019,0
KNZ,7/28/2019,7,28,2019,1.8
KNZ,7/29/2019,7,29,2019,0.8
KNZ,7/30/2019,7,30,2019,1.3
KNZ,7/31/2019,7,31,2019,14
KNZ,8/1/2019,8,1,2019,0.3
KNZ,8/2/2019,8,2,2019,0
KNZ,8/3/2019,8,3,2019,0
KNZ,8/4/2019,8,4,2019,0
KNZ,8/5/2019,8,5,2019,0
KNZ,8/6/2019,8,6,2019,0
KNZ,8/7/2019,8,7,2019,0.3
KNZ,8/8/2019,8,8,2019,17.5
KNZ,8/9/2019,8,9,2019,0
KNZ,8/10/2019,8,10,2019,33.5
KNZ,8/11/2019,8,11,2019,41.1
KNZ,8/12/2019,8,12,2019,33.3
KNZ,8/13/2019,8,13,2019,0
KNZ,8/14/2019,8,14,2019,0.5
KNZ,8/15/2019,8,15,2019,0
KNZ,8/16/2019,8,16,2019,0
KNZ,8/17/2019,8,17,2019,0
KNZ,8/18/2019,8,18,2019,0
KNZ,8/19/2019,8,19,2019,0
KNZ,8/20/2019,8,20,2019,0
KNZ,8/21/2019,8,21,2019,17.8
KNZ,8/22/2019,8,22,2019,1
KNZ,8/23/2019,8,23,2019,0
KNZ,8/24/2019,8,24,2019,0
KNZ,8/25/2019,8,25,2019,0
KNZ,8/26/2019,8,26,2019,0
KNZ,8/27/2019,8,27,2019,13.2
KNZ,8/28/2019,8,28,2019,0
KNZ,8/29/2019,8,29,2019,0
KNZ,8/30/2019,8,30,2019,0
KNZ,8/31/2019,8,31,2019,0
KNZ,9/1/2019,9,1,2019,0
KNZ,9/2/2019,9,2,2019,0
KNZ,9/3/2019,9,3,2019,0
KNZ,9/4/2019,9,4,2019,6.9
KNZ,9/5/2019,9,5,2019,24.1
KNZ,9/6/2019,9,6,2019,0
KNZ,9/7/2019,9,7,2019,0.8
KNZ,9/8/2019,9,8,2019,7.6
KNZ,9/9/2019,9,9,2019,0
KNZ,9/10/2019,9,10,2019,0
KNZ,9/11/2019,9,11,2019,0
KNZ,9/12/2019,9,12,2019,0
KNZ,9/13/2019,9,13,2019,28.7
KNZ,9/14/2019,9,14,2019,4.6
KNZ,9/15/2019,9,15,2019,0
KNZ,4/1/2020,4,1,2020,0
KNZ,4/2/2020,4,2,2020,0
KNZ,4/3/2020,4,3,2020,0
KNZ,4/4/2020,4,4,2020,4.6
KNZ,4/5/2020,4,5,2020,0
KNZ,4/6/2020,4,6,2020,0
KNZ,4/7/2020,4,7,2020,0
KNZ,4/8/2020,4,8,2020,0
KNZ,4/9/2020,4,9,2020,0
KNZ,4/10/2020,4,10,2020,29
KNZ,4/11/2020,4,11,2020,0
KNZ,4/12/2020,4,12,2020,0
KNZ,4/13/2020,4,13,2020,0
KNZ,4/14/2020,4,14,2020,0
KNZ,4/15/2020,4,15,2020,0.8
KNZ,4/16/2020,4,16,2020,21.1
KNZ,4/17/2020,4,17,2020,0
KNZ,4/18/2020,4,18,2020,0
KNZ,4/19/2020,4,19,2020,0.3
KNZ,4/20/2020,4,20,2020,0
KNZ,4/21/2020,4,21,2020,29
KNZ,4/22/2020,4,22,2020,9.7
KNZ,4/23/2020,4,23,2020,0
KNZ,4/24/2020,4,24,2020,0
KNZ,4/25/2020,4,25,2020,0
KNZ,4/26/2020,4,26,2020,0
KNZ,4/27/2020,4,27,2020,1
KNZ,4/28/2020,4,28,2020,9.9
KNZ,4/29/2020,4,29,2020,0.3
KNZ,4/30/2020,4,30,2020,25.4
KNZ,5/1/2020,5,1,2020,20.3
KNZ,5/2/2020,5,2,2020,0
KNZ,5/3/2020,5,3,2020,0
KNZ,5/4/2020,5,4,2020,0
KNZ,5/5/2020,5,5,2020,0
KNZ,5/6/2020,5,6,2020,0
KNZ,5/7/2020,5,7,2020,0
KNZ,5/8/2020,5,8,2020,0
KNZ,5/9/2020,5,9,2020,0
KNZ,5/10/2020,5,10,2020,0
KNZ,5/11/2020,5,11,2020,1
KNZ,5/12/2020,5,12,2020,0
KNZ,5/13/2020,5,13,2020,0
KNZ,5/14/2020,5,14,2020,0
KNZ,5/15/2020,5,15,2020,0.5
KNZ,5/16/2020,5,16,2020,0
KNZ,5/17/2020,5,17,2020,0
KNZ,5/18/2020,5,18,2020,24.9
KNZ,5/19/2020,5,19,2020,1
KNZ,5/20/2020,5,20,2020,0
KNZ,5/21/2020,5,21,2020,0
KNZ,5/22/2020,5,22,2020,0
KNZ,5/23/2020,5,23,2020,0
KNZ,5/24/2020,5,24,2020,0
KNZ,5/25/2020,5,25,2020,0
KNZ,5/26/2020,5,26,2020,0
KNZ,5/27/2020,5,27,2020,0
KNZ,5/28/2020,5,28,2020,0
KNZ,5/29/2020,5,29,2020,0
KNZ,5/30/2020,5,30,2020,0
KNZ,5/31/2020,5,31,2020,24.1
KNZ,6/1/2020,6,1,2020,0
KNZ,6/2/2020,6,2,2020,0
KNZ,6/3/2020,6,3,2020,0
KNZ,6/4/2020,6,4,2020,0
KNZ,6/5/2020,6,5,2020,0.5
KNZ,6/6/2020,6,6,2020,1
KNZ,6/7/2020,6,7,2020,0
KNZ,6/8/2020,6,8,2020,0
KNZ,6/9/2020,6,9,2020,0
KNZ,6/10/2020,6,10,2020,15
KNZ,6/11/2020,6,11,2020,6.9
KNZ,6/12/2020,6,12,2020,0
KNZ,6/13/2020,6,13,2020,0
KNZ,6/14/2020,6,14,2020,0
KNZ,6/15/2020,6,15,2020,0
KNZ,6/16/2020,6,16,2020,4.1
KNZ,6/17/2020,6,17,2020,2.3
KNZ,6/18/2020,6,18,2020,96.5
KNZ,6/19/2020,6,19,2020,0
KNZ,6/20/2020,6,20,2020,12.4
KNZ,6/21/2020,6,21,2020,0.8
KNZ,6/22/2020,6,22,2020,2.8
KNZ,6/23/2020,6,23,2020,0.3
KNZ,6/24/2020,6,24,2020,1.3
KNZ,6/25/2020,6,25,2020,0
KNZ,6/26/2020,6,26,2020,0
KNZ,6/27/2020,6,27,2020,0.3
KNZ,6/28/2020,6,28,2020,0.3
KNZ,6/29/2020,6,29,2020,22.1
KNZ,6/30/2020,6,30,2020,0
KNZ,7/1/2020,7,1,2020,0
KNZ,7/2/2020,7,2,2020,0.3
KNZ,7/3/2020,7,3,2020,15
KNZ,7/4/2020,7,4,2020,0
KNZ,7/5/2020,7,5,2020,0
KNZ,7/6/2020,7,6,2020,0
KNZ,7/7/2020,7,7,2020,0
KNZ,7/8/2020,7,8,2020,0
KNZ,7/9/2020,7,9,2020,0
KNZ,7/10/2020,7,10,2020,0
KNZ,7/11/2020,7,11,2020,25.1
KNZ,7/12/2020,7,12,2020,0
KNZ,7/13/2020,7,13,2020,0
KNZ,7/14/2020,7,14,2020,2.8
KNZ,7/15/2020,7,15,2020,0
KNZ,7/16/2020,7,16,2020,0
KNZ,7/17/2020,7,17,2020,0
KNZ,7/18/2020,7,18,2020,0
KNZ,7/19/2020,7,19,2020,0
KNZ,7/20/2020,7,20,2020,0
KNZ,7/21/2020,7,21,2020,0
KNZ,7/22/2020,7,22,2020,0
KNZ,7/23/2020,7,23,2020,0.5
KNZ,7/24/2020,7,24,2020,0
KNZ,7/25/2020,7,25,2020,0
KNZ,7/26/2020,7,26,2020,0
KNZ,7/27/2020,7,27,2020,0
KNZ,7/28/2020,7,28,2020,10.9
KNZ,7/29/2020,7,29,2020,2
KNZ,7/30/2020,7,30,2020,0
KNZ,7/31/2020,7,31,2020,0
KNZ,8/1/2020,8,1,2020,0
KNZ,8/2/2020,8,2,2020,1.5
KNZ,8/3/2020,8,3,2020,0
KNZ,8/4/2020,8,4,2020,0
KNZ,8/5/2020,8,5,2020,0
KNZ,8/6/2020,8,6,2020,0
KNZ,8/7/2020,8,7,2020,0
KNZ,8/8/2020,8,8,2020,0
KNZ,8/9/2020,8,9,2020,0.8
KNZ,8/10/2020,8,10,2020,0
KNZ,8/11/2020,8,11,2020,0
KNZ,8/12/2020,8,12,2020,19.3
KNZ,8/13/2020,8,13,2020,5.6
KNZ,8/14/2020,8,14,2020,0
KNZ,8/15/2020,8,15,2020,0
KNZ,8/16/2020,8,16,2020,0
KNZ,8/17/2020,8,17,2020,0
KNZ,8/18/2020,8,18,2020,0
KNZ,8/19/2020,8,19,2020,0
KNZ,8/20/2020,8,20,2020,0
KNZ,8/21/2020,8,21,2020,0
KNZ,8/22/2020,8,22,2020,0
KNZ,8/23/2020,8,23,2020,0
KNZ,8/24/2020,8,24,2020,0
KNZ,8/25/2020,8,25,2020,0
KNZ,8/26/2020,8,26,2020,0
KNZ,8/27/2020,8,27,2020,2
KNZ,8/28/2020,8,28,2020,0
KNZ,8/29/2020,8,29,2020,0
KNZ,8/30/2020,8,30,2020,0
KNZ,8/31/2020,8,31,2020,0
KNZ,9/1/2020,9,1,2020,0
KNZ,9/2/2020,9,2,2020,0
KNZ,9/3/2020,9,3,2020,0
KNZ,9/4/2020,9,4,2020,0
KNZ,9/5/2020,9,5,2020,0
KNZ,9/6/2020,9,6,2020,0
KNZ,9/7/2020,9,7,2020,0
KNZ,9/8/2020,9,8,2020,0
KNZ,9/9/2020,9,9,2020,0
KNZ,9/10/2020,9,10,2020,0
KNZ,9/11/2020,9,11,2020,0
KNZ,9/12/2020,9,12,2020,0
KNZ,9/13/2020,9,13,2020,0
KNZ,9/14/2020,9,14,2020,0
KNZ,9/15/2020,9,15,2020,4.1
KNZ,4/1/2021,4,1,2021,0
KNZ,4/2/2021,4,2,2021,0
KNZ,4/3/2021,4,3,2021,0
KNZ,4/4/2021,4,4,2021,0
KNZ,4/5/2021,4,5,2021,0
KNZ,4/6/2021,4,6,2021,0
KNZ,4/7/2021,4,7,2021,0
KNZ,4/8/2021,4,8,2021,0
KNZ,4/9/2021,4,9,2021,0
KNZ,4/10/2021,4,10,2021,0
KNZ,4/11/2021,4,11,2021,0
KNZ,4/12/2021,4,12,2021,0
KNZ,4/13/2021,4,13,2021,0
KNZ,4/14/2021,4,14,2021,0
KNZ,4/15/2021,4,15,2021,0
KNZ,4/16/2021,4,16,2021,0
KNZ,4/17/2021,4,17,2021,0
KNZ,4/18/2021,4,18,2021,6.9
KNZ,4/19/2021,4,19,2021,0
KNZ,4/20/2021,4,20,2021,6.4
KNZ,4/21/2021,4,21,2021,0
KNZ,4/22/2021,4,22,2021,0.8
KNZ,4/23/2021,4,23,2021,1.3
KNZ,4/24/2021,4,24,2021,0
KNZ,4/25/2021,4,25,2021,0
KNZ,4/26/2021,4,26,2021,0
KNZ,4/27/2021,4,27,2021,0
KNZ,4/28/2021,4,28,2021,1
KNZ,4/29/2021,4,29,2021,0
KNZ,4/30/2021,4,30,2021,0
KNZ,5/1/2021,5,1,2021,0
KNZ,5/2/2021,5,2,2021,0
KNZ,5/3/2021,5,3,2021,0.5
KNZ,5/4/2021,5,4,2021,1
KNZ,5/5/2021,5,5,2021,0
KNZ,5/6/2021,5,6,2021,0
KNZ,5/7/2021,5,7,2021,0
KNZ,5/8/2021,5,8,2021,15
KNZ,5/9/2021,5,9,2021,6.9
KNZ,5/10/2021,5,10,2021,0
KNZ,5/11/2021,5,11,2021,0
KNZ,5/12/2021,5,12,2021,0
KNZ,5/13/2021,5,13,2021,0
KNZ,5/14/2021,5,14,2021,4.1
KNZ,5/15/2021,5,15,2021,2.3
KNZ,5/16/2021,5,16,2021,96.5
KNZ,5/17/2021,5,17,2021,0
KNZ,5/18/2021,5,18,2021,12.4
KNZ,5/19/2021,5,19,2021,0.8
KNZ,5/20/2021,5,20,2021,2.8
KNZ,5/21/2021,5,21,2021,0.3
KNZ,5/22/2021,5,22,2021,1.3
KNZ,5/23/2021,5,23,2021,0
KNZ,5/24/2021,5,24,2021,0
KNZ,5/25/2021,5,25,2021,0.3
KNZ,5/26/2021,5,26,2021,0.3
KNZ,5/27/2021,5,27,2021,22.1
KNZ,5/28/2021,5,28,2021,0
KNZ,5/29/2021,5,29,2021,0
KNZ,5/30/2021,5,30,2021,0.3
KNZ,5/31/2021,5,31,2021,15
KNZ,6/1/2021,6,1,2021,0
KNZ,6/2/2021,6,2,2021,0
KNZ,6/3/2021,6,3,2021,0
KNZ,6/4/2021,6,4,2021,0
KNZ,6/5/2021,6,5,2021,0
KNZ,6/6/2021,6,6,2021,0
KNZ,6/7/2021,6,7,2021,0
KNZ,6/8/2021,6,8,2021,25.1
KNZ,6/9/2021,6,9,2021,0
KNZ,6/10/2021,6,10,2021,0
KNZ,6/11/2021,6,11,2021,2.8
KNZ,6/12/2021,6,12,2021,0
KNZ,6/13/2021,6,13,2021,0
KNZ,6/14/2021,6,14,2021,0
KNZ,6/15/2021,6,15,2021,0
KNZ,6/16/2021,6,16,2021,0
KNZ,6/17/2021,6,17,2021,0
KNZ,6/18/2021,6,18,2021,0
KNZ,6/19/2021,6,19,2021,0
KNZ,6/20/2021,6,20,2021,0.5
KNZ,6/21/2021,6,21,2021,0
KNZ,6/22/2021,6,22,2021,0
KNZ,6/23/2021,6,23,2021,0
KNZ,6/24/2021,6,24,2021,0
KNZ,6/25/2021,6,25,2021,10.9
KNZ,6/26/2021,6,26,2021,2
KNZ,6/27/2021,6,27,2021,0
KNZ,6/28/2021,6,28,2021,0
KNZ,6/29/2021,6,29,2021,0
KNZ,6/30/2021,6,30,2021,1.5
KNZ,7/1/2021,7,1,2021,0
KNZ,7/2/2021,7,2,2021,0
KNZ,7/3/2021,7,3,2021,0
KNZ,7/4/2021,7,4,2021,0
KNZ,7/5/2021,7,5,2021,0
KNZ,7/6/2021,7,6,2021,0
KNZ,7/7/2021,7,7,2021,0.8
KNZ,7/8/2021,7,8,2021,0
KNZ,7/9/2021,7,9,2021,0
KNZ,7/10/2021,7,10,2021,19.3
KNZ,7/11/2021,7,11,2021,5.6
KNZ,7/12/2021,7,12,2021,0
KNZ,7/13/2021,7,13,2021,0
KNZ,7/14/2021,7,14,2021,0
KNZ,7/15/2021,7,15,2021,0
KNZ,7/16/2021,7,16,2021,0
KNZ,7/17/2021,7,17,2021,0
KNZ,7/18/2021,7,18,2021,0
KNZ,7/19/2021,7,19,2021,0
KNZ,7/20/2021,7,20,2021,0
KNZ,7/21/2021,7,21,2021,0
KNZ,7/22/2021,7,22,2021,0
KNZ,7/23/2021,7,23,2021,0
KNZ,7/24/2021,7,24,2021,0
KNZ,7/25/2021,7,25,2021,2
KNZ,7/26/2021,7,26,2021,0
KNZ,7/27/2021,7,27,2021,0
KNZ,7/28/2021,7,28,2021,0
KNZ,7/29/2021,7,29,2021,0
KNZ,7/30/2021,7,30,2021,0
KNZ,7/31/2021,7,31,2021,0
KNZ,8/1/2021,8,1,2021,0
KNZ,8/2/2021,8,2,2021,0
KNZ,8/3/2021,8,3,2021,0
KNZ,8/4/2021,8,4,2021,0
KNZ,8/5/2021,8,5,2021,0
KNZ,8/6/2021,8,6,2021,0
KNZ,8/7/2021,8,7,2021,0
KNZ,8/8/2021,8,8,2021,0
KNZ,8/9/2021,8,9,2021,0
KNZ,8/10/2021,8,10,2021,0
KNZ,8/11/2021,8,11,2021,0
KNZ,8/12/2021,8,12,2021,0
KNZ,8/13/2021,8,13,2021,4.1
KNZ,8/14/2021,8,14,2021,0
KNZ,8/15/2021,8,15,2021,0
KNZ,8/16/2021,8,16,2021,0
KNZ,8/17/2021,8,17,2021,0
KNZ,8/18/2021,8,18,2021,0
KNZ,8/19/2021,8,19,2021,0
KNZ,8/20/2021,8,20,2021,0
KNZ,8/21/2021,8,21,2021,0
KNZ,8/22/2021,8,22,2021,0
KNZ,8/23/2021,8,23,2021,0
KNZ,8/24/2021,8,24,2021,0
KNZ,8/25/2021,8,25,2021,0
KNZ,8/26/2021,8,26,2021,0
KNZ,8/27/2021,8,27,2021,0
KNZ,8/28/2021,8,28,2021,0
KNZ,8/29/2021,8,29,2021,0
KNZ,8/30/2021,8,30,2021,0
KNZ,8/31/2021,8,31,2021,6.9
KNZ,9/1/2021,9,1,2021,0
KNZ,9/2/2021,9,2,2021,8.9
KNZ,9/3/2021,9,3,2021,46.5
KNZ,9/4/2021,9,4,2021,46.2
KNZ,9/5/2021,9,5,2021,0
KNZ,9/6/2021,9,6,2021,0
KNZ,9/7/2021,9,7,2021,0
KNZ,9/8/2021,9,8,2021,0
KNZ,9/9/2021,9,9,2021,0
KNZ,9/10/2021,9,10,2021,0
KNZ,9/11/2021,9,11,2021,0
KNZ,9/12/2021,9,12,2021,0
KNZ,9/13/2021,9,13,2021,0
KNZ,9/14/2021,9,14,2021,0.3
KNZ,9/15/2021,9,15,2021,0
HYS,4/1/2014,4,1,2014,0
HYS,4/2/2014,4,2,2014,0
HYS,4/3/2014,4,3,2014,2.54
HYS,4/4/2014,4,4,2014,0
HYS,4/5/2014,4,5,2014,0
HYS,4/6/2014,4,6,2014,0
HYS,4/7/2014,4,7,2014,0.508
HYS,4/8/2014,4,8,2014,0
HYS,4/9/2014,4,9,2014,0
HYS,4/10/2014,4,10,2014,0
HYS,4/11/2014,4,11,2014,0
HYS,4/12/2014,4,12,2014,0
HYS,4/13/2014,4,13,2014,0
HYS,4/14/2014,4,14,2014,0
HYS,4/15/2014,4,15,2014,0
HYS,4/16/2014,4,16,2014,0
HYS,4/17/2014,4,17,2014,0
HYS,4/18/2014,4,18,2014,0
HYS,4/19/2014,4,19,2014,0
HYS,4/20/2014,4,20,2014,12.7
HYS,4/21/2014,4,21,2014,2.286
HYS,4/22/2014,4,22,2014,0
HYS,4/23/2014,4,23,2014,0
HYS,4/24/2014,4,24,2014,8.382
HYS,4/25/2014,4,25,2014,0
HYS,4/26/2014,4,26,2014,0
HYS,4/27/2014,4,27,2014,0
HYS,4/28/2014,4,28,2014,1.524
HYS,4/29/2014,4,29,2014,2.032
HYS,4/30/2014,4,30,2014,0
HYS,5/1/2014,5,1,2014,0
HYS,5/2/2014,5,2,2014,0
HYS,5/3/2014,5,3,2014,0
HYS,5/4/2014,5,4,2014,0
HYS,5/5/2014,5,5,2014,0
HYS,5/6/2014,5,6,2014,0
HYS,5/7/2014,5,7,2014,0
HYS,5/8/2014,5,8,2014,0
HYS,5/9/2014,5,9,2014,0
HYS,5/10/2014,5,10,2014,0
HYS,5/11/2014,5,11,2014,13.208
HYS,5/12/2014,5,12,2014,0
HYS,5/13/2014,5,13,2014,0
HYS,5/14/2014,5,14,2014,0
HYS,5/15/2014,5,15,2014,0
HYS,5/16/2014,5,16,2014,0
HYS,5/17/2014,5,17,2014,0
HYS,5/18/2014,5,18,2014,0
HYS,5/19/2014,5,19,2014,0
HYS,5/20/2014,5,20,2014,0
HYS,5/21/2014,5,21,2014,0
HYS,5/22/2014,5,22,2014,10.414
HYS,5/23/2014,5,23,2014,0.508
HYS,5/24/2014,5,24,2014,0
HYS,5/25/2014,5,25,2014,0
HYS,5/26/2014,5,26,2014,0
HYS,5/27/2014,5,27,2014,0
HYS,5/28/2014,5,28,2014,0
HYS,5/29/2014,5,29,2014,0
HYS,5/30/2014,5,30,2014,0
HYS,5/31/2014,5,31,2014,0
HYS,6/1/2014,6,1,2014,11.938
HYS,6/2/2014,6,2,2014,0
HYS,6/3/2014,6,3,2014,0
HYS,6/4/2014,6,4,2014,0
HYS,6/5/2014,6,5,2014,46.228
HYS,6/6/2014,6,6,2014,4.826
HYS,6/7/2014,6,7,2014,0
HYS,6/8/2014,6,8,2014,0
HYS,6/9/2014,6,9,2014,41.91
HYS,6/10/2014,6,10,2014,0
HYS,6/11/2014,6,11,2014,5.588
HYS,6/12/2014,6,12,2014,1.524
HYS,6/13/2014,6,13,2014,0
HYS,6/14/2014,6,14,2014,13.208
HYS,6/15/2014,6,15,2014,3.302
HYS,6/16/2014,6,16,2014,0
HYS,6/17/2014,6,17,2014,0
HYS,6/18/2014,6,18,2014,0
HYS,6/19/2014,6,19,2014,0
HYS,6/20/2014,6,20,2014,0
HYS,6/21/2014,6,21,2014,0
HYS,6/22/2014,6,22,2014,0
HYS,6/23/2014,6,23,2014,1.27
HYS,6/24/2014,6,24,2014,0
HYS,6/25/2014,6,25,2014,0
HYS,6/26/2014,6,26,2014,6.9
HYS,6/27/2014,6,27,2014,0
HYS,6/28/2014,6,28,2014,12.1
HYS,6/29/2014,6,29,2014,0
HYS,6/30/2014,6,30,2014,0
HYS,7/1/2014,7,1,2014,0
HYS,7/2/2014,7,2,2014,0
HYS,7/3/2014,7,3,2014,0
HYS,7/4/2014,7,4,2014,0
HYS,7/5/2014,7,5,2014,0
HYS,7/6/2014,7,6,2014,0
HYS,7/7/2014,7,7,2014,5.08
HYS,7/8/2014,7,8,2014,6.604
HYS,7/9/2014,7,9,2014,0
HYS,7/10/2014,7,10,2014,29.464
HYS,7/11/2014,7,11,2014,0
HYS,7/12/2014,7,12,2014,1.524
HYS,7/13/2014,7,13,2014,0
HYS,7/14/2014,7,14,2014,0
HYS,7/15/2014,7,15,2014,0
HYS,7/16/2014,7,16,2014,12.7
HYS,7/17/2014,7,17,2014,4.826
HYS,7/18/2014,7,18,2014,0
HYS,7/19/2014,7,19,2014,0
HYS,7/20/2014,7,20,2014,0
HYS,7/21/2014,7,21,2014,0
HYS,7/22/2014,7,22,2014,0
HYS,7/23/2014,7,23,2014,0
HYS,7/24/2014,7,24,2014,0
HYS,7/25/2014,7,25,2014,0
HYS,7/26/2014,7,26,2014,0
HYS,7/27/2014,7,27,2014,0
HYS,7/28/2014,7,28,2014,0
HYS,7/29/2014,7,29,2014,0
HYS,7/30/2014,7,30,2014,2.54
HYS,7/31/2014,7,31,2014,0
HYS,8/1/2014,8,1,2014,0
HYS,8/2/2014,8,2,2014,0
HYS,8/3/2014,8,3,2014,0
HYS,8/4/2014,8,4,2014,0
HYS,8/5/2014,8,5,2014,0
HYS,8/6/2014,8,6,2014,0
HYS,8/7/2014,8,7,2014,4.572
HYS,8/8/2014,8,8,2014,23.372
HYS,8/9/2014,8,9,2014,8.89
HYS,8/10/2014,8,10,2014,0.762
HYS,8/11/2014,8,11,2014,0
HYS,8/12/2014,8,12,2014,0
HYS,8/13/2014,8,13,2014,0
HYS,8/14/2014,8,14,2014,0
HYS,8/15/2014,8,15,2014,9.906
HYS,8/16/2014,8,16,2014,0
HYS,8/17/2014,8,17,2014,0
HYS,8/18/2014,8,18,2014,0
HYS,8/19/2014,8,19,2014,0
HYS,8/20/2014,8,20,2014,0
HYS,8/21/2014,8,21,2014,0.508
HYS,8/22/2014,8,22,2014,22.094
HYS,8/23/2014,8,23,2014,0
HYS,8/24/2014,8,24,2014,0
HYS,8/25/2014,8,25,2014,1.778
HYS,8/26/2014,8,26,2014,0
HYS,8/27/2014,8,27,2014,0.508
HYS,8/28/2014,8,28,2014,0
HYS,8/29/2014,8,29,2014,0
HYS,8/30/2014,8,30,2014,0
HYS,8/31/2014,8,31,2014,0
HYS,9/1/2014,9,1,2014,0
HYS,9/2/2014,9,2,2014,0
HYS,9/3/2014,9,3,2014,0
HYS,9/4/2014,9,4,2014,0
HYS,9/5/2014,9,5,2014,20.578
HYS,9/6/2014,9,6,2014,0
HYS,9/7/2014,9,7,2014,0
HYS,9/8/2014,9,8,2014,0
HYS,9/9/2014,9,9,2014,25.404
HYS,9/10/2014,9,10,2014,0
HYS,9/11/2014,9,11,2014,0
HYS,9/12/2014,9,12,2014,6.096
HYS,9/13/2014,9,13,2014,0
HYS,9/14/2014,9,14,2014,0
HYS,9/15/2014,9,15,2014,0
HYS,4/1/2015,4,1,2015,0
HYS,4/2/2015,4,2,2015,1.778
HYS,4/3/2015,4,3,2015,0.508
HYS,4/4/2015,4,4,2015,0
HYS,4/5/2015,4,5,2015,0
HYS,4/6/2015,4,6,2015,0
HYS,4/7/2015,4,7,2015,0
HYS,4/8/2015,4,8,2015,0
HYS,4/9/2015,4,9,2015,0
HYS,4/10/2015,4,10,2015,0
HYS,4/11/2015,4,11,2015,0
HYS,4/12/2015,4,12,2015,0
HYS,4/13/2015,4,13,2015,0
HYS,4/14/2015,4,14,2015,0
HYS,4/15/2015,4,15,2015,0
HYS,4/16/2015,4,16,2015,2.032
HYS,4/17/2015,4,17,2015,2.032
HYS,4/18/2015,4,18,2015,4.318
HYS,4/19/2015,4,19,2015,1.524
HYS,4/20/2015,4,20,2015,0
HYS,4/21/2015,4,21,2015,0
HYS,4/22/2015,4,22,2015,0
HYS,4/23/2015,4,23,2015,0
HYS,4/24/2015,4,24,2015,46.482
HYS,4/25/2015,4,25,2015,2.794
HYS,4/26/2015,4,26,2015,0
HYS,4/27/2015,4,27,2015,0
HYS,4/28/2015,4,28,2015,0
HYS,4/29/2015,4,29,2015,0
HYS,4/30/2015,4,30,2015,0
HYS,5/1/2015,5,1,2015,0
HYS,5/2/2015,5,2,2015,0
HYS,5/3/2015,5,3,2015,0
HYS,5/4/2015,5,4,2015,0
HYS,5/5/2015,5,5,2015,18
HYS,5/6/2015,5,6,2015,3.8
HYS,5/7/2015,5,7,2015,3.3
HYS,5/8/2015,5,8,2015,12.2
HYS,5/9/2015,5,9,2015,0
HYS,5/10/2015,5,10,2015,9.7
HYS,5/11/2015,5,11,2015,0
HYS,5/12/2015,5,12,2015,0
HYS,5/13/2015,5,13,2015,0
HYS,5/14/2015,5,14,2015,14.7
HYS,5/15/2015,5,15,2015,0
HYS,5/16/2015,5,16,2015,16.5
HYS,5/17/2015,5,17,2015,6.9
HYS,5/18/2015,5,18,2015,0
HYS,5/19/2015,5,19,2015,0
HYS,5/20/2015,5,20,2015,21.8
HYS,5/21/2015,5,21,2015,0
HYS,5/22/2015,5,22,2015,7.4
HYS,5/23/2015,5,23,2015,0
HYS,5/24/2015,5,24,2015,0
HYS,5/25/2015,5,25,2015,0
HYS,5/26/2015,5,26,2015,0
HYS,5/27/2015,5,27,2015,0
HYS,5/28/2015,5,28,2015,0.8
HYS,5/29/2015,5,29,2015,17.5
HYS,5/30/2015,5,30,2015,0.5
HYS,5/31/2015,5,31,2015,0
HYS,6/1/2015,6,1,2015,0
HYS,6/2/2015,6,2,2015,0
HYS,6/3/2015,6,3,2015,0
HYS,6/4/2015,6,4,2015,0
HYS,6/5/2015,6,5,2015,0.508
HYS,6/6/2015,6,6,2015,0
HYS,6/7/2015,6,7,2015,0
HYS,6/8/2015,6,8,2015,0
HYS,6/9/2015,6,9,2015,0
HYS,6/10/2015,6,10,2015,0.762
HYS,6/11/2015,6,11,2015,1.524
HYS,6/12/2015,6,12,2015,1.016
HYS,6/13/2015,6,13,2015,0
HYS,6/14/2015,6,14,2015,10.16
HYS,6/15/2015,6,15,2015,0
HYS,6/16/2015,6,16,2015,0
HYS,6/17/2015,6,17,2015,0
HYS,6/18/2015,6,18,2015,0
HYS,6/19/2015,6,19,2015,0
HYS,6/20/2015,6,20,2015,0
HYS,6/21/2015,6,21,2015,0
HYS,6/22/2015,6,22,2015,0
HYS,6/23/2015,6,23,2015,0
HYS,6/24/2015,6,24,2015,0
HYS,6/25/2015,6,25,2015,0
HYS,6/26/2015,6,26,2015,0
HYS,6/27/2015,6,27,2015,0
HYS,6/28/2015,6,28,2015,0
HYS,6/29/2015,6,29,2015,0
HYS,6/30/2015,6,30,2015,0
HYS,7/1/2015,7,1,2015,0
HYS,7/2/2015,7,2,2015,16.766
HYS,7/3/2015,7,3,2015,0
HYS,7/4/2015,7,4,2015,0
HYS,7/5/2015,7,5,2015,0
HYS,7/6/2015,7,6,2015,0.762
HYS,7/7/2015,7,7,2015,0
HYS,7/8/2015,7,8,2015,0
HYS,7/9/2015,7,9,2015,0
HYS,7/10/2015,7,10,2015,0
HYS,7/11/2015,7,11,2015,0
HYS,7/12/2015,7,12,2015,0
HYS,7/13/2015,7,13,2015,0
HYS,7/14/2015,7,14,2015,0
HYS,7/15/2015,7,15,2015,43.176
HYS,7/16/2015,7,16,2015,0
HYS,7/17/2015,7,17,2015,0
HYS,7/18/2015,7,18,2015,0
HYS,7/19/2015,7,19,2015,23.878
HYS,7/20/2015,7,20,2015,8.89
HYS,7/21/2015,7,21,2015,0
HYS,7/22/2015,7,22,2015,0
HYS,7/23/2015,7,23,2015,0
HYS,7/24/2015,7,24,2015,0
HYS,7/25/2015,7,25,2015,0
HYS,7/26/2015,7,26,2015,0
HYS,7/27/2015,7,27,2015,6.35
HYS,7/28/2015,7,28,2015,0
HYS,7/29/2015,7,29,2015,0
HYS,7/30/2015,7,30,2015,0
HYS,7/31/2015,7,31,2015,0
HYS,8/1/2015,8,1,2015,0
HYS,8/2/2015,8,2,2015,0.508
HYS,8/3/2015,8,3,2015,0
HYS,8/4/2015,8,4,2015,1.016
HYS,8/5/2015,8,5,2015,1.778
HYS,8/6/2015,8,6,2015,0
HYS,8/7/2015,8,7,2015,0
HYS,8/8/2015,8,8,2015,25.404
HYS,8/9/2015,8,9,2015,0
HYS,8/10/2015,8,10,2015,0
HYS,8/11/2015,8,11,2015,0
HYS,8/12/2015,8,12,2015,0
HYS,8/13/2015,8,13,2015,0
HYS,8/14/2015,8,14,2015,0
HYS,8/15/2015,8,15,2015,0
HYS,8/16/2015,8,16,2015,0
HYS,8/17/2015,8,17,2015,0
HYS,8/18/2015,8,18,2015,0
HYS,8/19/2015,8,19,2015,0
HYS,8/20/2015,8,20,2015,0
HYS,8/21/2015,8,21,2015,0
HYS,8/22/2015,8,22,2015,0.762
HYS,8/23/2015,8,23,2015,0
HYS,8/24/2015,8,24,2015,0
HYS,8/25/2015,8,25,2015,0
HYS,8/26/2015,8,26,2015,0
HYS,8/27/2015,8,27,2015,4.064
HYS,8/28/2015,8,28,2015,1.016
HYS,8/29/2015,8,29,2015,0
HYS,8/30/2015,8,30,2015,0
HYS,8/31/2015,8,31,2015,0
HYS,9/1/2015,9,1,2015,0
HYS,9/2/2015,9,2,2015,0
HYS,9/3/2015,9,3,2015,0
HYS,9/4/2015,9,4,2015,0.762
HYS,9/5/2015,9,5,2015,0
HYS,9/6/2015,9,6,2015,0
HYS,9/7/2015,9,7,2015,0
HYS,9/8/2015,9,8,2015,2.286
HYS,9/9/2015,9,9,2015,0
HYS,9/10/2015,9,10,2015,29.206
HYS,9/11/2015,9,11,2015,0
HYS,9/12/2015,9,12,2015,0
HYS,9/13/2015,9,13,2015,0
HYS,9/14/2015,9,14,2015,0
HYS,9/15/2015,9,15,2015,0
HYS,4/1/2016,4,1,2016,0
HYS,4/2/2016,4,2,2016,0
HYS,4/3/2016,4,3,2016,0
HYS,4/4/2016,4,4,2016,0
HYS,4/5/2016,4,5,2016,0
HYS,4/6/2016,4,6,2016,0
HYS,4/7/2016,4,7,2016,0
HYS,4/8/2016,4,8,2016,0
HYS,4/9/2016,4,9,2016,0
HYS,4/10/2016,4,10,2016,0
HYS,4/11/2016,4,11,2016,0
HYS,4/12/2016,4,12,2016,0
HYS,4/13/2016,4,13,2016,0
HYS,4/14/2016,4,14,2016,0
HYS,4/15/2016,4,15,2016,0
HYS,4/16/2016,4,16,2016,70.36
HYS,4/17/2016,4,17,2016,35.306
HYS,4/18/2016,4,18,2016,3.048
HYS,4/19/2016,4,19,2016,3.048
HYS,4/20/2016,4,20,2016,0
HYS,4/21/2016,4,21,2016,0.762
HYS,4/22/2016,4,22,2016,0
HYS,4/23/2016,4,23,2016,0
HYS,4/24/2016,4,24,2016,0
HYS,4/25/2016,4,25,2016,0
HYS,4/26/2016,4,26,2016,0
HYS,4/27/2016,4,27,2016,3.302
HYS,4/28/2016,4,28,2016,0
HYS,4/29/2016,4,29,2016,29.718
HYS,4/30/2016,4,30,2016,1.27
HYS,5/1/2016,5,1,2016,0
HYS,5/2/2016,5,2,2016,0
HYS,5/3/2016,5,3,2016,0
HYS,5/4/2016,5,4,2016,0
HYS,5/5/2016,5,5,2016,0
HYS,5/6/2016,5,6,2016,0
HYS,5/7/2016,5,7,2016,0
HYS,5/8/2016,5,8,2016,29.464
HYS,5/9/2016,5,9,2016,10.922
HYS,5/10/2016,5,10,2016,0
HYS,5/11/2016,5,11,2016,4.826
HYS,5/12/2016,5,12,2016,0
HYS,5/13/2016,5,13,2016,0
HYS,5/14/2016,5,14,2016,0
HYS,5/15/2016,5,15,2016,0
HYS,5/16/2016,5,16,2016,13.208
HYS,5/17/2016,5,17,2016,0
HYS,5/18/2016,5,18,2016,0
HYS,5/19/2016,5,19,2016,0
HYS,5/20/2016,5,20,2016,0
HYS,5/21/2016,5,21,2016,0
HYS,5/22/2016,5,22,2016,0
HYS,5/23/2016,5,23,2016,0
HYS,5/24/2016,5,24,2016,36.072
HYS,5/25/2016,5,25,2016,0
HYS,5/26/2016,5,26,2016,1.524
HYS,5/27/2016,5,27,2016,26.67
HYS,5/28/2016,5,28,2016,1.778
HYS,5/29/2016,5,29,2016,0
HYS,5/30/2016,5,30,2016,8.128
HYS,5/31/2016,5,31,2016,1.524
HYS,6/1/2016,6,1,2016,0
HYS,6/2/2016,6,2,2016,0
HYS,6/3/2016,6,3,2016,0
HYS,6/4/2016,6,4,2016,0
HYS,6/5/2016,6,5,2016,0
HYS,6/6/2016,6,6,2016,0
HYS,6/7/2016,6,7,2016,0
HYS,6/8/2016,6,8,2016,0
HYS,6/9/2016,6,9,2016,0
HYS,6/10/2016,6,10,2016,0
HYS,6/11/2016,6,11,2016,0
HYS,6/12/2016,6,12,2016,0
HYS,6/13/2016,6,13,2016,0
HYS,6/14/2016,6,14,2016,0
HYS,6/15/2016,6,15,2016,0
HYS,6/16/2016,6,16,2016,0
HYS,6/17/2016,6,17,2016,24.892
HYS,6/18/2016,6,18,2016,4.826
HYS,6/19/2016,6,19,2016,0
HYS,6/20/2016,6,20,2016,0
HYS,6/21/2016,6,21,2016,0
HYS,6/22/2016,6,22,2016,0
HYS,6/23/2016,6,23,2016,0
HYS,6/24/2016,6,24,2016,0
HYS,6/25/2016,6,25,2016,18.032
HYS,6/26/2016,6,26,2016,0
HYS,6/27/2016,6,27,2016,0
HYS,6/28/2016,6,28,2016,3.556
HYS,6/29/2016,6,29,2016,0.762
HYS,6/30/2016,6,30,2016,4.064
HYS,7/1/2016,7,1,2016,0
HYS,7/2/2016,7,2,2016,10.668
HYS,7/3/2016,7,3,2016,2.54
HYS,7/4/2016,7,4,2016,0
HYS,7/5/2016,7,5,2016,0
HYS,7/6/2016,7,6,2016,2.286
HYS,7/7/2016,7,7,2016,0
HYS,7/8/2016,7,8,2016,0
HYS,7/9/2016,7,9,2016,0
HYS,7/10/2016,7,10,2016,0
HYS,7/11/2016,7,11,2016,0
HYS,7/12/2016,7,12,2016,3.048
HYS,7/13/2016,7,13,2016,17.268
HYS,7/14/2016,7,14,2016,4.572
HYS,7/15/2016,7,15,2016,0
HYS,7/16/2016,7,16,2016,0
HYS,7/17/2016,7,17,2016,0
HYS,7/18/2016,7,18,2016,0
HYS,7/19/2016,7,19,2016,0
HYS,7/20/2016,7,20,2016,0
HYS,7/21/2016,7,21,2016,0
HYS,7/22/2016,7,22,2016,0
HYS,7/23/2016,7,23,2016,0
HYS,7/24/2016,7,24,2016,1.27
HYS,7/25/2016,7,25,2016,2.54
HYS,7/26/2016,7,26,2016,0
HYS,7/27/2016,7,27,2016,0
HYS,7/28/2016,7,28,2016,1.524
HYS,7/29/2016,7,29,2016,0
HYS,7/30/2016,7,30,2016,0
HYS,7/31/2016,7,31,2016,0.508
HYS,8/1/2016,8,1,2016,0
HYS,8/2/2016,8,2,2016,0
HYS,8/3/2016,8,3,2016,0
HYS,8/4/2016,8,4,2016,0
HYS,8/5/2016,8,5,2016,4.572
HYS,8/6/2016,8,6,2016,1.778
HYS,8/7/2016,8,7,2016,49.022
HYS,8/8/2016,8,8,2016,0
HYS,8/9/2016,8,9,2016,0
HYS,8/10/2016,8,10,2016,0
HYS,8/11/2016,8,11,2016,0
HYS,8/12/2016,8,12,2016,0
HYS,8/13/2016,8,13,2016,0
HYS,8/14/2016,8,14,2016,0
HYS,8/15/2016,8,15,2016,0
HYS,8/16/2016,8,16,2016,0
HYS,8/17/2016,8,17,2016,0
HYS,8/18/2016,8,18,2016,0
HYS,8/19/2016,8,19,2016,0
HYS,8/20/2016,8,20,2016,0
HYS,8/21/2016,8,21,2016,0
HYS,8/22/2016,8,22,2016,0
HYS,8/23/2016,8,23,2016,0
HYS,8/24/2016,8,24,2016,0
HYS,8/25/2016,8,25,2016,19.05
HYS,8/26/2016,8,26,2016,2.54
HYS,8/27/2016,8,27,2016,7.366
HYS,8/28/2016,8,28,2016,0
HYS,8/29/2016,8,29,2016,6.35
HYS,8/30/2016,8,30,2016,16.256
HYS,8/31/2016,8,31,2016,17.272
HYS,9/1/2016,9,1,2016,0
HYS,9/2/2016,9,2,2016,0
HYS,9/3/2016,9,3,2016,1.778
HYS,9/4/2016,9,4,2016,117.1
HYS,9/5/2016,9,5,2016,0
HYS,9/6/2016,9,6,2016,4.318
HYS,9/7/2016,9,7,2016,22.1
HYS,9/8/2016,9,8,2016,0
HYS,9/9/2016,9,9,2016,0
HYS,9/10/2016,9,10,2016,0
HYS,9/11/2016,9,11,2016,0
HYS,9/12/2016,9,12,2016,0
HYS,9/13/2016,9,13,2016,0
HYS,9/14/2016,9,14,2016,0
HYS,9/15/2016,9,15,2016,0
HYS,4/1/2017,4,1,2017,37.846
HYS,4/2/2017,4,2,2017,0
HYS,4/3/2017,4,3,2017,0
HYS,4/4/2017,4,4,2017,3.556
HYS,4/5/2017,4,5,2017,0
HYS,4/6/2017,4,6,2017,0
HYS,4/7/2017,4,7,2017,0
HYS,4/8/2017,4,8,2017,0
HYS,4/9/2017,4,9,2017,0
HYS,4/10/2017,4,10,2017,0
HYS,4/11/2017,4,11,2017,0
HYS,4/12/2017,4,12,2017,2.032
HYS,4/13/2017,4,13,2017,3.81
HYS,4/14/2017,4,14,2017,1.524
HYS,4/15/2017,4,15,2017,0
HYS,4/16/2017,4,16,2017,2.794
HYS,4/17/2017,4,17,2017,0
HYS,4/18/2017,4,18,2017,0
HYS,4/19/2017,4,19,2017,0
HYS,4/20/2017,4,20,2017,0
HYS,4/21/2017,4,21,2017,1.016
HYS,4/22/2017,4,22,2017,0
HYS,4/23/2017,4,23,2017,0
HYS,4/24/2017,4,24,2017,0
HYS,4/25/2017,4,25,2017,0
HYS,4/26/2017,4,26,2017,0
HYS,4/27/2017,4,27,2017,5.588
HYS,4/28/2017,4,28,2017,5.842
HYS,4/29/2017,4,29,2017,26.416
HYS,4/30/2017,4,30,2017,24.892
HYS,5/1/2017,5,1,2017,2.794
HYS,5/2/2017,5,2,2017,0
HYS,5/3/2017,5,3,2017,4.318
HYS,5/4/2017,5,4,2017,0
HYS,5/5/2017,5,5,2017,0
HYS,5/6/2017,5,6,2017,0
HYS,5/7/2017,5,7,2017,0
HYS,5/8/2017,5,8,2017,0
HYS,5/9/2017,5,9,2017,0
HYS,5/10/2017,5,10,2017,0
HYS,5/11/2017,5,11,2017,22.86
HYS,5/12/2017,5,12,2017,0
HYS,5/13/2017,5,13,2017,0
HYS,5/14/2017,5,14,2017,0
HYS,5/15/2017,5,15,2017,0
HYS,5/16/2017,5,16,2017,12.7
HYS,5/17/2017,5,17,2017,3.048
HYS,5/18/2017,5,18,2017,27.432
HYS,5/19/2017,5,19,2017,23.114
HYS,5/20/2017,5,20,2017,0.762
HYS,5/21/2017,5,21,2017,0
HYS,5/22/2017,5,22,2017,3.302
HYS,5/23/2017,5,23,2017,0
HYS,5/24/2017,5,24,2017,0
HYS,5/25/2017,5,25,2017,17.53
HYS,5/26/2017,5,26,2017,0
HYS,5/27/2017,5,27,2017,19.816
HYS,5/28/2017,5,28,2017,0
HYS,5/29/2017,5,29,2017,0
HYS,5/30/2017,5,30,2017,0
HYS,5/31/2017,5,31,2017,0
HYS,6/1/2017,6,1,2017,0.508
HYS,6/2/2017,6,2,2017,0
HYS,6/3/2017,6,3,2017,0
HYS,6/4/2017,6,4,2017,0
HYS,6/5/2017,6,5,2017,0
HYS,6/6/2017,6,6,2017,11.938
HYS,6/7/2017,6,7,2017,0
HYS,6/8/2017,6,8,2017,0
HYS,6/9/2017,6,9,2017,0
HYS,6/10/2017,6,10,2017,0
HYS,6/11/2017,6,11,2017,0
HYS,6/12/2017,6,12,2017,0
HYS,6/13/2017,6,13,2017,5.588
HYS,6/14/2017,6,14,2017,0
HYS,6/15/2017,6,15,2017,2.032
HYS,6/16/2017,6,16,2017,0
HYS,6/17/2017,6,17,2017,0
HYS,6/18/2017,6,18,2017,5.08
HYS,6/19/2017,6,19,2017,0
HYS,6/20/2017,6,20,2017,14.986
HYS,6/21/2017,6,21,2017,0
HYS,6/22/2017,6,22,2017,5.588
HYS,6/23/2017,6,23,2017,7.366
HYS,6/24/2017,6,24,2017,0
HYS,6/25/2017,6,25,2017,8.636
HYS,6/26/2017,6,26,2017,0
HYS,6/27/2017,6,27,2017,0
HYS,6/28/2017,6,28,2017,1.016
HYS,6/29/2017,6,29,2017,0
HYS,6/30/2017,6,30,2017,0
HYS,7/1/2017,7,1,2017,0
HYS,7/2/2017,7,2,2017,12.446
HYS,7/3/2017,7,3,2017,22.862
HYS,7/4/2017,7,4,2017,0
HYS,7/5/2017,7,5,2017,0
HYS,7/6/2017,7,6,2017,0
HYS,7/7/2017,7,7,2017,0
HYS,7/8/2017,7,8,2017,0
HYS,7/9/2017,7,9,2017,0
HYS,7/10/2017,7,10,2017,0
HYS,7/11/2017,7,11,2017,0
HYS,7/12/2017,7,12,2017,0
HYS,7/13/2017,7,13,2017,0.508
HYS,7/14/2017,7,14,2017,0
HYS,7/15/2017,7,15,2017,0
HYS,7/16/2017,7,16,2017,0
HYS,7/17/2017,7,17,2017,0
HYS,7/18/2017,7,18,2017,0
HYS,7/19/2017,7,19,2017,0
HYS,7/20/2017,7,20,2017,0
HYS,7/21/2017,7,21,2017,0
HYS,7/22/2017,7,22,2017,0.762
HYS,7/23/2017,7,23,2017,0
HYS,7/24/2017,7,24,2017,0
HYS,7/25/2017,7,25,2017,0
HYS,7/26/2017,7,26,2017,5.842
HYS,7/27/2017,7,27,2017,0
HYS,7/28/2017,7,28,2017,0
HYS,7/29/2017,7,29,2017,0
HYS,7/30/2017,7,30,2017,0
HYS,7/31/2017,7,31,2017,0.762
HYS,8/1/2017,8,1,2017,0
HYS,8/2/2017,8,2,2017,0
HYS,8/3/2017,8,3,2017,0
HYS,8/4/2017,8,4,2017,0
HYS,8/5/2017,8,5,2017,0
HYS,8/6/2017,8,6,2017,0
HYS,8/7/2017,8,7,2017,0
HYS,8/8/2017,8,8,2017,0
HYS,8/9/2017,8,9,2017,0
HYS,8/10/2017,8,10,2017,0.508
HYS,8/11/2017,8,11,2017,0
HYS,8/12/2017,8,12,2017,0
HYS,8/13/2017,8,13,2017,0
HYS,8/14/2017,8,14,2017,0
HYS,8/15/2017,8,15,2017,0
HYS,8/16/2017,8,16,2017,49.278
HYS,8/17/2017,8,17,2017,0
HYS,8/18/2017,8,18,2017,1.524
HYS,8/19/2017,8,19,2017,0
HYS,8/20/2017,8,20,2017,0
HYS,8/21/2017,8,21,2017,0
HYS,8/22/2017,8,22,2017,0
HYS,8/23/2017,8,23,2017,0
HYS,8/24/2017,8,24,2017,0
HYS,8/25/2017,8,25,2017,0
HYS,8/26/2017,8,26,2017,0
HYS,8/27/2017,8,27,2017,0.762
HYS,8/28/2017,8,28,2017,0
HYS,8/29/2017,8,29,2017,0
HYS,8/30/2017,8,30,2017,0
HYS,8/31/2017,8,31,2017,0
HYS,9/1/2017,9,1,2017,0.508
HYS,9/2/2017,9,2,2017,0
HYS,9/3/2017,9,3,2017,0
HYS,9/4/2017,9,4,2017,0
HYS,9/5/2017,9,5,2017,0
HYS,9/6/2017,9,6,2017,0
HYS,9/7/2017,9,7,2017,0
HYS,9/8/2017,9,8,2017,0
HYS,9/9/2017,9,9,2017,0
HYS,9/10/2017,9,10,2017,0
HYS,9/11/2017,9,11,2017,0
HYS,9/12/2017,9,12,2017,0
HYS,9/13/2017,9,13,2017,0
HYS,9/14/2017,9,14,2017,0
HYS,9/15/2017,9,15,2017,0
HYS,4/1/2018,4,1,2018,0
HYS,4/2/2018,4,2,2018,0
HYS,4/3/2018,4,3,2018,0
HYS,4/4/2018,4,4,2018,0
HYS,4/5/2018,4,5,2018,0
HYS,4/6/2018,4,6,2018,0
HYS,4/7/2018,4,7,2018,1
HYS,4/8/2018,4,8,2018,0
HYS,4/9/2018,4,9,2018,0
HYS,4/10/2018,4,10,2018,0
HYS,4/11/2018,4,11,2018,0
HYS,4/12/2018,4,12,2018,0
HYS,4/13/2018,4,13,2018,0
HYS,4/14/2018,4,14,2018,0.8
HYS,4/15/2018,4,15,2018,0
HYS,4/16/2018,4,16,2018,0
HYS,4/17/2018,4,17,2018,0
HYS,4/18/2018,4,18,2018,0
HYS,4/19/2018,4,19,2018,0
HYS,4/20/2018,4,20,2018,0
HYS,4/21/2018,4,21,2018,11.7
HYS,4/22/2018,4,22,2018,2
HYS,4/23/2018,4,23,2018,0
HYS,4/24/2018,4,24,2018,0
HYS,4/25/2018,4,25,2018,3.3
HYS,4/26/2018,4,26,2018,0
HYS,4/27/2018,4,27,2018,0
HYS,4/28/2018,4,28,2018,0
HYS,4/29/2018,4,29,2018,0
HYS,4/30/2018,4,30,2018,0
HYS,5/1/2018,5,1,2018,0
HYS,5/2/2018,5,2,2018,1.3
HYS,5/3/2018,5,3,2018,2.5
HYS,5/4/2018,5,4,2018,0.8
HYS,5/5/2018,5,5,2018,0
HYS,5/6/2018,5,6,2018,0
HYS,5/7/2018,5,7,2018,0
HYS,5/8/2018,5,8,2018,0
HYS,5/9/2018,5,9,2018,0
HYS,5/10/2018,5,10,2018,3
HYS,5/11/2018,5,11,2018,0
HYS,5/12/2018,5,12,2018,0
HYS,5/13/2018,5,13,2018,0
HYS,5/14/2018,5,14,2018,14.7
HYS,5/15/2018,5,15,2018,0
HYS,5/16/2018,5,16,2018,0
HYS,5/17/2018,5,17,2018,0
HYS,5/18/2018,5,18,2018,0
HYS,5/19/2018,5,19,2018,10.9
HYS,5/20/2018,5,20,2018,0
HYS,5/21/2018,5,21,2018,0
HYS,5/22/2018,5,22,2018,0
HYS,5/23/2018,5,23,2018,0
HYS,5/24/2018,5,24,2018,0
HYS,5/25/2018,5,25,2018,8.1
HYS,5/26/2018,5,26,2018,0
HYS,5/27/2018,5,27,2018,0
HYS,5/28/2018,5,28,2018,0
HYS,5/29/2018,5,29,2018,35.3
HYS,5/30/2018,5,30,2018,46
HYS,5/31/2018,5,31,2018,0.8
HYS,6/1/2018,6,1,2018,0
HYS,6/2/2018,6,2,2018,0
HYS,6/3/2018,6,3,2018,0
HYS,6/4/2018,6,4,2018,0.5
HYS,6/5/2018,6,5,2018,0
HYS,6/6/2018,6,6,2018,0
HYS,6/7/2018,6,7,2018,7.4
HYS,6/8/2018,6,8,2018,0
HYS,6/9/2018,6,9,2018,0
HYS,6/10/2018,6,10,2018,0
HYS,6/11/2018,6,11,2018,0
HYS,6/12/2018,6,12,2018,0
HYS,6/13/2018,6,13,2018,0
HYS,6/14/2018,6,14,2018,4.1
HYS,6/15/2018,6,15,2018,0
HYS,6/16/2018,6,16,2018,0
HYS,6/17/2018,6,17,2018,0
HYS,6/18/2018,6,18,2018,4.8
HYS,6/19/2018,6,19,2018,0
HYS,6/20/2018,6,20,2018,58.9
HYS,6/21/2018,6,21,2018,0
HYS,6/22/2018,6,22,2018,0
HYS,6/23/2018,6,23,2018,10.7
HYS,6/24/2018,6,24,2018,0
HYS,6/25/2018,6,25,2018,10.9
HYS,6/26/2018,6,26,2018,0
HYS,6/27/2018,6,27,2018,0
HYS,6/28/2018,6,28,2018,0
HYS,6/29/2018,6,29,2018,0
HYS,6/30/2018,6,30,2018,2.3
HYS,7/1/2018,7,1,2018,7.6
HYS,7/2/2018,7,2,2018,0
HYS,7/3/2018,7,3,2018,0
HYS,7/4/2018,7,4,2018,0
HYS,7/5/2018,7,5,2018,0
HYS,7/6/2018,7,6,2018,2
HYS,7/7/2018,7,7,2018,79
HYS,7/8/2018,7,8,2018,0
HYS,7/9/2018,7,9,2018,0
HYS,7/10/2018,7,10,2018,0
HYS,7/11/2018,7,11,2018,0
HYS,7/12/2018,7,12,2018,0
HYS,7/13/2018,7,13,2018,0
HYS,7/14/2018,7,14,2018,5.8
HYS,7/15/2018,7,15,2018,0
HYS,7/16/2018,7,16,2018,0
HYS,7/17/2018,7,17,2018,36.1
HYS,7/18/2018,7,18,2018,0
HYS,7/19/2018,7,19,2018,0
HYS,7/20/2018,7,20,2018,0
HYS,7/21/2018,7,21,2018,0
HYS,7/22/2018,7,22,2018,0.5
HYS,7/23/2018,7,23,2018,0
HYS,7/24/2018,7,24,2018,0
HYS,7/25/2018,7,25,2018,0
HYS,7/26/2018,7,26,2018,41.1
HYS,7/27/2018,7,27,2018,0.5
HYS,7/28/2018,7,28,2018,9.4
HYS,7/29/2018,7,29,2018,5.6
HYS,7/30/2018,7,30,2018,0.8
HYS,7/31/2018,7,31,2018,6.1
HYS,8/1/2018,8,1,2018,0
HYS,8/2/2018,8,2,2018,0
HYS,8/3/2018,8,3,2018,0
HYS,8/4/2018,8,4,2018,0.3
HYS,8/5/2018,8,5,2018,0
HYS,8/6/2018,8,6,2018,9.1
HYS,8/7/2018,8,7,2018,26.7
HYS,8/8/2018,8,8,2018,0
HYS,8/9/2018,8,9,2018,0
HYS,8/10/2018,8,10,2018,0
HYS,8/11/2018,8,11,2018,0
HYS,8/12/2018,8,12,2018,0
HYS,8/13/2018,8,13,2018,0
HYS,8/14/2018,8,14,2018,61.2
HYS,8/15/2018,8,15,2018,0.5
HYS,8/16/2018,8,16,2018,0
HYS,8/17/2018,8,17,2018,0
HYS,8/18/2018,8,18,2018,0
HYS,8/19/2018,8,19,2018,36.8
HYS,8/20/2018,8,20,2018,0.3
HYS,8/21/2018,8,21,2018,0
HYS,8/22/2018,8,22,2018,0
HYS,8/23/2018,8,23,2018,0
HYS,8/24/2018,8,24,2018,0
HYS,8/25/2018,8,25,2018,0
HYS,8/26/2018,8,26,2018,0.5
HYS,8/27/2018,8,27,2018,0
HYS,8/28/2018,8,28,2018,0
HYS,8/29/2018,8,29,2018,0
HYS,8/30/2018,8,30,2018,0
HYS,8/31/2018,8,31,2018,0
HYS,9/1/2018,9,1,2018,0
HYS,9/2/2018,9,2,2018,44.2
HYS,9/3/2018,9,3,2018,9.1
HYS,9/4/2018,9,4,2018,20.1
HYS,9/5/2018,9,5,2018,6.1
HYS,9/6/2018,9,6,2018,2
HYS,9/7/2018,9,7,2018,0
HYS,9/8/2018,9,8,2018,3.6
HYS,9/9/2018,9,9,2018,0.3
HYS,9/10/2018,9,10,2018,0
HYS,9/11/2018,9,11,2018,0
HYS,9/12/2018,9,12,2018,0
HYS,9/13/2018,9,13,2018,0
HYS,9/14/2018,9,14,2018,0
HYS,9/15/2018,9,15,2018,0
HYS,4/1/2019,4,1,2019,0
HYS,4/2/2019,4,2,2019,0
HYS,4/3/2019,4,3,2019,0
HYS,4/4/2019,4,4,2019,0
HYS,4/5/2019,4,5,2019,0
HYS,4/6/2019,4,6,2019,0
HYS,4/7/2019,4,7,2019,0
HYS,4/8/2019,4,8,2019,0
HYS,4/9/2019,4,9,2019,0
HYS,4/10/2019,4,10,2019,0
HYS,4/11/2019,4,11,2019,0
HYS,4/12/2019,4,12,2019,0
HYS,4/13/2019,4,13,2019,0
HYS,4/14/2019,4,14,2019,0
HYS,4/15/2019,4,15,2019,0
HYS,4/16/2019,4,16,2019,0
HYS,4/17/2019,4,17,2019,0
HYS,4/18/2019,4,18,2019,0
HYS,4/19/2019,4,19,2019,0
HYS,4/20/2019,4,20,2019,0
HYS,4/21/2019,4,21,2019,0
HYS,4/22/2019,4,22,2019,0
HYS,4/23/2019,4,23,2019,0
HYS,4/24/2019,4,24,2019,0
HYS,4/25/2019,4,25,2019,0
HYS,4/26/2019,4,26,2019,0
HYS,4/27/2019,4,27,2019,0
HYS,4/28/2019,4,28,2019,0
HYS,4/29/2019,4,29,2019,20.3
HYS,4/30/2019,4,30,2019,0
HYS,5/1/2019,5,1,2019,1.5
HYS,5/2/2019,5,2,2019,2
HYS,5/3/2019,5,3,2019,8.1
HYS,5/4/2019,5,4,2019,0
HYS,5/5/2019,5,5,2019,0
HYS,5/6/2019,5,6,2019,0
HYS,5/7/2019,5,7,2019,15
HYS,5/8/2019,5,8,2019,24.1
HYS,5/9/2019,5,9,2019,12.7
HYS,5/10/2019,5,10,2019,0
HYS,5/11/2019,5,11,2019,0
HYS,5/12/2019,5,12,2019,0
HYS,5/13/2019,5,13,2019,0
HYS,5/14/2019,5,14,2019,0
HYS,5/15/2019,5,15,2019,0
HYS,5/16/2019,5,16,2019,0
HYS,5/17/2019,5,17,2019,0
HYS,5/18/2019,5,18,2019,3.3
HYS,5/19/2019,5,19,2019,16
HYS,5/20/2019,5,20,2019,0
HYS,5/21/2019,5,21,2019,44.5
HYS,5/22/2019,5,22,2019,29.5
HYS,5/23/2019,5,23,2019,0
HYS,5/24/2019,5,24,2019,18.8
HYS,5/25/2019,5,25,2019,0
HYS,5/26/2019,5,26,2019,14.5
HYS,5/27/2019,5,27,2019,11.9
HYS,5/28/2019,5,28,2019,0
HYS,5/29/2019,5,29,2019,2.8
HYS,5/30/2019,5,30,2019,0
HYS,5/31/2019,5,31,2019,0
HYS,6/1/2019,6,1,2019,0
HYS,6/2/2019,6,2,2019,0
HYS,6/3/2019,6,3,2019,0
HYS,6/4/2019,6,4,2019,0
HYS,6/5/2019,6,5,2019,0
HYS,6/6/2019,6,6,2019,0
HYS,6/7/2019,6,7,2019,0
HYS,6/8/2019,6,8,2019,0
HYS,6/9/2019,6,9,2019,24.6
HYS,6/10/2019,6,10,2019,0
HYS,6/11/2019,6,11,2019,0
HYS,6/12/2019,6,12,2019,0
HYS,6/13/2019,6,13,2019,0
HYS,6/14/2019,6,14,2019,0
HYS,6/15/2019,6,15,2019,1.8
HYS,6/16/2019,6,16,2019,0
HYS,6/17/2019,6,17,2019,0
HYS,6/18/2019,6,18,2019,3
HYS,6/19/2019,6,19,2019,4.3
HYS,6/20/2019,6,20,2019,0.3
HYS,6/21/2019,6,21,2019,0
HYS,6/22/2019,6,22,2019,0
HYS,6/23/2019,6,23,2019,5.1
HYS,6/24/2019,6,24,2019,9.1
HYS,6/25/2019,6,25,2019,0
HYS,6/26/2019,6,26,2019,0
HYS,6/27/2019,6,27,2019,0
HYS,6/28/2019,6,28,2019,0
HYS,6/29/2019,6,29,2019,0
HYS,6/30/2019,6,30,2019,0
HYS,7/1/2019,7,1,2019,0
HYS,7/2/2019,7,2,2019,0
HYS,7/3/2019,7,3,2019,0.3
HYS,7/4/2019,7,4,2019,6.6
HYS,7/5/2019,7,5,2019,0
HYS,7/6/2019,7,6,2019,4.3
HYS,7/7/2019,7,7,2019,0
HYS,7/8/2019,7,8,2019,0
HYS,7/9/2019,7,9,2019,8.4
HYS,7/10/2019,7,10,2019,0
HYS,7/11/2019,7,11,2019,0
HYS,7/12/2019,7,12,2019,0
HYS,7/13/2019,7,13,2019,0
HYS,7/14/2019,7,14,2019,0
HYS,7/15/2019,7,15,2019,0
HYS,7/16/2019,7,16,2019,0
HYS,7/17/2019,7,17,2019,0
HYS,7/18/2019,7,18,2019,3.6
HYS,7/19/2019,7,19,2019,0
HYS,7/20/2019,7,20,2019,0
HYS,7/21/2019,7,21,2019,0
HYS,7/22/2019,7,22,2019,0
HYS,7/23/2019,7,23,2019,0
HYS,7/24/2019,7,24,2019,0
HYS,7/25/2019,7,25,2019,0
HYS,7/26/2019,7,26,2019,0
HYS,7/27/2019,7,27,2019,0
HYS,7/28/2019,7,28,2019,0
HYS,7/29/2019,7,29,2019,1
HYS,7/30/2019,7,30,2019,0
HYS,7/31/2019,7,31,2019,0
HYS,8/1/2019,8,1,2019,0
HYS,8/2/2019,8,2,2019,0
HYS,8/3/2019,8,3,2019,0
HYS,8/4/2019,8,4,2019,0
HYS,8/5/2019,8,5,2019,0
HYS,8/6/2019,8,6,2019,0.5
HYS,8/7/2019,8,7,2019,0
HYS,8/8/2019,8,8,2019,11.4
HYS,8/9/2019,8,9,2019,0
HYS,8/10/2019,8,10,2019,1.5
HYS,8/11/2019,8,11,2019,7.1
HYS,8/12/2019,8,12,2019,0.8
HYS,8/13/2019,8,13,2019,0
HYS,8/14/2019,8,14,2019,34
HYS,8/15/2019,8,15,2019,0
HYS,8/16/2019,8,16,2019,0
HYS,8/17/2019,8,17,2019,20.6
HYS,8/18/2019,8,18,2019,69.1
HYS,8/19/2019,8,19,2019,0
HYS,8/20/2019,8,20,2019,0
HYS,8/21/2019,8,21,2019,37.3
HYS,8/22/2019,8,22,2019,3.6
HYS,8/23/2019,8,23,2019,5.3
HYS,8/24/2019,8,24,2019,18.5
HYS,8/25/2019,8,25,2019,38.4
HYS,8/26/2019,8,26,2019,0
HYS,8/27/2019,8,27,2019,0
HYS,8/28/2019,8,28,2019,0.8
HYS,8/29/2019,8,29,2019,0
HYS,8/30/2019,8,30,2019,11.2
HYS,8/31/2019,8,31,2019,10.2
HYS,9/1/2019,9,1,2019,0.8
HYS,9/2/2019,9,2,2019,0
HYS,9/3/2019,9,3,2019,0
HYS,9/4/2019,9,4,2019,0
HYS,9/5/2019,9,5,2019,0
HYS,9/6/2019,9,6,2019,0
HYS,9/7/2019,9,7,2019,0
HYS,9/8/2019,9,8,2019,0
HYS,9/9/2019,9,9,2019,8.4
HYS,9/10/2019,9,10,2019,0.3
HYS,9/11/2019,9,11,2019,0
HYS,9/12/2019,9,12,2019,0
HYS,9/13/2019,9,13,2019,0
HYS,9/14/2019,9,14,2019,0
HYS,9/15/2019,9,15,2019,0
HYS,4/1/2020,4,1,2020,0
HYS,4/2/2020,4,2,2020,0
HYS,4/3/2020,4,3,2020,0
HYS,4/4/2020,4,4,2020,0
HYS,4/5/2020,4,5,2020,0
HYS,4/6/2020,4,6,2020,0
HYS,4/7/2020,4,7,2020,0
HYS,4/8/2020,4,8,2020,0
HYS,4/9/2020,4,9,2020,0
HYS,4/10/2020,4,10,2020,0
HYS,4/11/2020,4,11,2020,0
HYS,4/12/2020,4,12,2020,0
HYS,4/13/2020,4,13,2020,0
HYS,4/14/2020,4,14,2020,0
HYS,4/15/2020,4,15,2020,0
HYS,4/16/2020,4,16,2020,0
HYS,4/17/2020,4,17,2020,0
HYS,4/18/2020,4,18,2020,0
HYS,4/19/2020,4,19,2020,0
HYS,4/20/2020,4,20,2020,0
HYS,4/21/2020,4,21,2020,0
HYS,4/22/2020,4,22,2020,0
HYS,4/23/2020,4,23,2020,6.6
HYS,4/24/2020,4,24,2020,0
HYS,4/25/2020,4,25,2020,5.3
HYS,4/26/2020,4,26,2020,0
HYS,4/27/2020,4,27,2020,0
HYS,4/28/2020,4,28,2020,0
HYS,4/29/2020,4,29,2020,0
HYS,4/30/2020,4,30,2020,0
HYS,5/1/2020,5,1,2020,0
HYS,5/2/2020,5,2,2020,0
HYS,5/3/2020,5,3,2020,0
HYS,5/4/2020,5,4,2020,0
HYS,5/5/2020,5,5,2020,0
HYS,5/6/2020,5,6,2020,0
HYS,5/7/2020,5,7,2020,0
HYS,5/8/2020,5,8,2020,0
HYS,5/9/2020,5,9,2020,0
HYS,5/10/2020,5,10,2020,0
HYS,5/11/2020,5,11,2020,1.5
HYS,5/12/2020,5,12,2020,9.1
HYS,5/13/2020,5,13,2020,0.5
HYS,5/14/2020,5,14,2020,0
HYS,5/15/2020,5,15,2020,0.8
HYS,5/16/2020,5,16,2020,0.5
HYS,5/17/2020,5,17,2020,0
HYS,5/18/2020,5,18,2020,0
HYS,5/19/2020,5,19,2020,0
HYS,5/20/2020,5,20,2020,0
HYS,5/21/2020,5,21,2020,0
HYS,5/22/2020,5,22,2020,18.8
HYS,5/23/2020,5,23,2020,4.3
HYS,5/24/2020,5,24,2020,0
HYS,5/25/2020,5,25,2020,47
HYS,5/26/2020,5,26,2020,7.9
HYS,5/27/2020,5,27,2020,0
HYS,5/28/2020,5,28,2020,0
HYS,5/29/2020,5,29,2020,0
HYS,5/30/2020,5,30,2020,0
HYS,5/31/2020,5,31,2020,0
HYS,6/1/2020,6,1,2020,0
HYS,6/2/2020,6,2,2020,0
HYS,6/3/2020,6,3,2020,0
HYS,6/4/2020,6,4,2020,0.3
HYS,6/5/2020,6,5,2020,0
HYS,6/6/2020,6,6,2020,0
HYS,6/7/2020,6,7,2020,0
HYS,6/8/2020,6,8,2020,0
HYS,6/9/2020,6,9,2020,0
HYS,6/10/2020,6,10,2020,18
HYS,6/11/2020,6,11,2020,0
HYS,6/12/2020,6,12,2020,0
HYS,6/13/2020,6,13,2020,0
HYS,6/14/2020,6,14,2020,0
HYS,6/15/2020,6,15,2020,0
HYS,6/16/2020,6,16,2020,0
HYS,6/17/2020,6,17,2020,0
HYS,6/18/2020,6,18,2020,0
HYS,6/19/2020,6,19,2020,12.7
HYS,6/20/2020,6,20,2020,16.8
HYS,6/21/2020,6,21,2020,1.3
HYS,6/22/2020,6,22,2020,16.5
HYS,6/23/2020,6,23,2020,2.5
HYS,6/24/2020,6,24,2020,0
HYS,6/25/2020,6,25,2020,0.3
HYS,6/26/2020,6,26,2020,0
HYS,6/27/2020,6,27,2020,1.8
HYS,6/28/2020,6,28,2020,0
HYS,6/29/2020,6,29,2020,0
HYS,6/30/2020,6,30,2020,0
HYS,7/1/2020,7,1,2020,0
HYS,7/2/2020,7,2,2020,0
HYS,7/3/2020,7,3,2020,47
HYS,7/4/2020,7,4,2020,0
HYS,7/5/2020,7,5,2020,0
HYS,7/6/2020,7,6,2020,0
HYS,7/7/2020,7,7,2020,0
HYS,7/8/2020,7,8,2020,0
HYS,7/9/2020,7,9,2020,0
HYS,7/10/2020,7,10,2020,19.3
HYS,7/11/2020,7,11,2020,0
HYS,7/12/2020,7,12,2020,0
HYS,7/13/2020,7,13,2020,2.3
HYS,7/14/2020,7,14,2020,4.6
HYS,7/15/2020,7,15,2020,21.8
HYS,7/16/2020,7,16,2020,0
HYS,7/17/2020,7,17,2020,0
HYS,7/18/2020,7,18,2020,0
HYS,7/19/2020,7,19,2020,19.6
HYS,7/20/2020,7,20,2020,0
HYS,7/21/2020,7,21,2020,18
HYS,7/22/2020,7,22,2020,0
HYS,7/23/2020,7,23,2020,0
HYS,7/24/2020,7,24,2020,0
HYS,7/25/2020,7,25,2020,0
HYS,7/26/2020,7,26,2020,0
HYS,7/27/2020,7,27,2020,28.4
HYS,7/28/2020,7,28,2020,2.8
HYS,7/29/2020,7,29,2020,0
HYS,7/30/2020,7,30,2020,13.2
HYS,7/31/2020,7,31,2020,6.9
HYS,8/1/2020,8,1,2020,0
HYS,8/2/2020,8,2,2020,0
HYS,8/3/2020,8,3,2020,0
HYS,8/4/2020,8,4,2020,0
HYS,8/5/2020,8,5,2020,0
HYS,8/6/2020,8,6,2020,0
HYS,8/7/2020,8,7,2020,0
HYS,8/8/2020,8,8,2020,0
HYS,8/9/2020,8,9,2020,0
HYS,8/10/2020,8,10,2020,0
HYS,8/11/2020,8,11,2020,2
HYS,8/12/2020,8,12,2020,6.1
HYS,8/13/2020,8,13,2020,1.5
HYS,8/14/2020,8,14,2020,0
HYS,8/15/2020,8,15,2020,10.9
HYS,8/16/2020,8,16,2020,0
HYS,8/17/2020,8,17,2020,1
HYS,8/18/2020,8,18,2020,0
HYS,8/19/2020,8,19,2020,0
HYS,8/20/2020,8,20,2020,0
HYS,8/21/2020,8,21,2020,0
HYS,8/22/2020,8,22,2020,0.3
HYS,8/23/2020,8,23,2020,0
HYS,8/24/2020,8,24,2020,0
HYS,8/25/2020,8,25,2020,0
HYS,8/26/2020,8,26,2020,0
HYS,8/27/2020,8,27,2020,0
HYS,8/28/2020,8,28,2020,0
HYS,8/29/2020,8,29,2020,50.3
HYS,8/30/2020,8,30,2020,0
HYS,8/31/2020,8,31,2020,0
HYS,9/1/2020,9,1,2020,0
HYS,9/2/2020,9,2,2020,0
HYS,9/3/2020,9,3,2020,0
HYS,9/4/2020,9,4,2020,0
HYS,9/5/2020,9,5,2020,0
HYS,9/6/2020,9,6,2020,0
HYS,9/7/2020,9,7,2020,0
HYS,9/8/2020,9,8,2020,0.5
HYS,9/9/2020,9,9,2020,7.4
HYS,9/10/2020,9,10,2020,15
HYS,9/11/2020,9,11,2020,0.3
HYS,9/12/2020,9,12,2020,0
HYS,9/13/2020,9,13,2020,0
HYS,9/14/2020,9,14,2020,0
HYS,9/15/2020,9,15,2020,0
HYS,4/1/2021,4,1,2021,0
HYS,4/2/2021,4,2,2021,0
HYS,4/3/2021,4,3,2021,0
HYS,4/4/2021,4,4,2021,0
HYS,4/5/2021,4,5,2021,0
HYS,4/6/2021,4,6,2021,0
HYS,4/7/2021,4,7,2021,0.5
HYS,4/8/2021,4,8,2021,13
HYS,4/9/2021,4,9,2021,0
HYS,4/10/2021,4,10,2021,2.5
HYS,4/11/2021,4,11,2021,0
HYS,4/12/2021,4,12,2021,0
HYS,4/13/2021,4,13,2021,0
HYS,4/14/2021,4,14,2021,0
HYS,4/15/2021,4,15,2021,0
HYS,4/16/2021,4,16,2021,8.9
HYS,4/17/2021,4,17,2021,0.5
HYS,4/18/2021,4,18,2021,0
HYS,4/19/2021,4,19,2021,0
HYS,4/20/2021,4,20,2021,5.6
HYS,4/21/2021,4,21,2021,0
HYS,4/22/2021,4,22,2021,0
HYS,4/23/2021,4,23,2021,0
HYS,4/24/2021,4,24,2021,0
HYS,4/25/2021,4,25,2021,0
HYS,4/26/2021,4,26,2021,0
HYS,4/27/2021,4,27,2021,0
HYS,4/28/2021,4,28,2021,0
HYS,4/29/2021,4,29,2021,0
HYS,4/30/2021,4,30,2021,0
HYS,5/1/2021,5,1,2021,0
HYS,5/2/2021,5,2,2021,0
HYS,5/3/2021,5,3,2021,26.2
HYS,5/4/2021,5,4,2021,3.3
HYS,5/5/2021,5,5,2021,0
HYS,5/6/2021,5,6,2021,0
HYS,5/7/2021,5,7,2021,0
HYS,5/8/2021,5,8,2021,0
HYS,5/9/2021,5,9,2021,1.8
HYS,5/10/2021,5,10,2021,0
HYS,5/11/2021,5,11,2021,7.6
HYS,5/12/2021,5,12,2021,0.5
HYS,5/13/2021,5,13,2021,0
HYS,5/14/2021,5,14,2021,0
HYS,5/15/2021,5,15,2021,27.7
HYS,5/16/2021,5,16,2021,15.5
HYS,5/17/2021,5,17,2021,18
HYS,5/18/2021,5,18,2021,1.3
HYS,5/19/2021,5,19,2021,7.6
HYS,5/20/2021,5,20,2021,0
HYS,5/21/2021,5,21,2021,0
HYS,5/22/2021,5,22,2021,0
HYS,5/23/2021,5,23,2021,0
HYS,5/24/2021,5,24,2021,12.2
HYS,5/25/2021,5,25,2021,8.9
HYS,5/26/2021,5,26,2021,0
HYS,5/27/2021,5,27,2021,66.5
HYS,5/28/2021,5,28,2021,0
HYS,5/29/2021,5,29,2021,0
HYS,5/30/2021,5,30,2021,13.7
HYS,5/31/2021,5,31,2021,11.4
HYS,6/1/2021,6,1,2021,1
HYS,6/2/2021,6,2,2021,0
HYS,6/3/2021,6,3,2021,0
HYS,6/4/2021,6,4,2021,0
HYS,6/5/2021,6,5,2021,0
HYS,6/6/2021,6,6,2021,0
HYS,6/7/2021,6,7,2021,0
HYS,6/8/2021,6,8,2021,0
HYS,6/9/2021,6,9,2021,0
HYS,6/10/2021,6,10,2021,0
HYS,6/11/2021,6,11,2021,0
HYS,6/12/2021,6,12,2021,0
HYS,6/13/2021,6,13,2021,0
HYS,6/14/2021,6,14,2021,0
HYS,6/15/2021,6,15,2021,0
HYS,6/16/2021,6,16,2021,0
HYS,6/17/2021,6,17,2021,0
HYS,6/18/2021,6,18,2021,0
HYS,6/19/2021,6,19,2021,0
HYS,6/20/2021,6,20,2021,2
HYS,6/21/2021,6,21,2021,0.8
HYS,6/22/2021,6,22,2021,0
HYS,6/23/2021,6,23,2021,0
HYS,6/24/2021,6,24,2021,2
HYS,6/25/2021,6,25,2021,1.8
HYS,6/26/2021,6,26,2021,16
HYS,6/27/2021,6,27,2021,0
HYS,6/28/2021,6,28,2021,2.3
HYS,6/29/2021,6,29,2021,0
HYS,6/30/2021,6,30,2021,0
HYS,7/1/2021,7,1,2021,12.7
HYS,7/2/2021,7,2,2021,1.8
HYS,7/3/2021,7,3,2021,0
HYS,7/4/2021,7,4,2021,0
HYS,7/5/2021,7,5,2021,0
HYS,7/6/2021,7,6,2021,0
HYS,7/7/2021,7,7,2021,0
HYS,7/8/2021,7,8,2021,0
HYS,7/9/2021,7,9,2021,0
HYS,7/10/2021,7,10,2021,0
HYS,7/11/2021,7,11,2021,0
HYS,7/12/2021,7,12,2021,0
HYS,7/13/2021,7,13,2021,0
HYS,7/14/2021,7,14,2021,0
HYS,7/15/2021,7,15,2021,1
HYS,7/16/2021,7,16,2021,0
HYS,7/17/2021,7,17,2021,1
HYS,7/18/2021,7,18,2021,0
HYS,7/19/2021,7,19,2021,50.3
HYS,7/20/2021,7,20,2021,0
HYS,7/21/2021,7,21,2021,0
HYS,7/22/2021,7,22,2021,0
HYS,7/23/2021,7,23,2021,0
HYS,7/24/2021,7,24,2021,0
HYS,7/25/2021,7,25,2021,0
HYS,7/26/2021,7,26,2021,0
HYS,7/27/2021,7,27,2021,0
HYS,7/28/2021,7,28,2021,0
HYS,7/29/2021,7,29,2021,0
HYS,7/30/2021,7,30,2021,0
HYS,7/31/2021,7,31,2021,0
HYS,8/1/2021,8,1,2021,0
HYS,8/2/2021,8,2,2021,0
HYS,8/3/2021,8,3,2021,0
HYS,8/4/2021,8,4,2021,0
HYS,8/5/2021,8,5,2021,0
HYS,8/6/2021,8,6,2021,0
HYS,8/7/2021,8,7,2021,0
HYS,8/8/2021,8,8,2021,7.1
HYS,8/9/2021,8,9,2021,0
HYS,8/10/2021,8,10,2021,0
HYS,8/11/2021,8,11,2021,0
HYS,8/12/2021,8,12,2021,0
HYS,8/13/2021,8,13,2021,69.3
HYS,8/14/2021,8,14,2021,0
HYS,8/15/2021,8,15,2021,11.7
HYS,8/16/2021,8,16,2021,0
HYS,8/17/2021,8,17,2021,0
HYS,8/18/2021,8,18,2021,0
HYS,8/19/2021,8,19,2021,0
HYS,8/20/2021,8,20,2021,0
HYS,8/21/2021,8,21,2021,0
HYS,8/22/2021,8,22,2021,0
HYS,8/23/2021,8,23,2021,0
HYS,8/24/2021,8,24,2021,0
HYS,8/25/2021,8,25,2021,0
HYS,8/26/2021,8,26,2021,2
HYS,8/27/2021,8,27,2021,0
HYS,8/28/2021,8,28,2021,0
HYS,8/29/2021,8,29,2021,0
HYS,8/30/2021,8,30,2021,0
HYS,8/31/2021,8,31,2021,0
HYS,9/1/2021,9,1,2021,0
HYS,9/2/2021,9,2,2021,17
HYS,9/3/2021,9,3,2021,14.5
HYS,9/4/2021,9,4,2021,18
HYS,9/5/2021,9,5,2021,0
HYS,9/6/2021,9,6,2021,0
HYS,9/7/2021,9,7,2021,0
HYS,9/8/2021,9,8,2021,0
HYS,9/9/2021,9,9,2021,0
HYS,9/10/2021,9,10,2021,0
HYS,9/11/2021,9,11,2021,0
HYS,9/12/2021,9,12,2021,0
HYS,9/13/2021,9,13,2021,0
HYS,9/14/2021,9,14,2021,0
HYS,9/15/2021,9,15,2021,0
CHY,4/1/2014,4,1,2014,0
CHY,4/2/2014,4,2,2014,0
CHY,4/3/2014,4,3,2014,0
CHY,4/4/2014,4,4,2014,0
CHY,4/5/2014,4,5,2014,0
CHY,4/6/2014,4,6,2014,0
CHY,4/7/2014,4,7,2014,0.762
CHY,4/8/2014,4,8,2014,0
CHY,4/9/2014,4,9,2014,0
CHY,4/10/2014,4,10,2014,0
CHY,4/11/2014,4,11,2014,0
CHY,4/12/2014,4,12,2014,0
CHY,4/13/2014,4,13,2014,0.508
CHY,4/14/2014,4,14,2014,0.508
CHY,4/15/2014,4,15,2014,0
CHY,4/16/2014,4,16,2014,0.762
CHY,4/17/2014,4,17,2014,0
CHY,4/18/2014,4,18,2014,0
CHY,4/19/2014,4,19,2014,0
CHY,4/20/2014,4,20,2014,0
CHY,4/21/2014,4,21,2014,0
CHY,4/22/2014,4,22,2014,0
CHY,4/23/2014,4,23,2014,0
CHY,4/24/2014,4,24,2014,0
CHY,4/25/2014,4,25,2014,0
CHY,4/26/2014,4,26,2014,3.048
CHY,4/27/2014,4,27,2014,3.302
CHY,4/28/2014,4,28,2014,0
CHY,4/29/2014,4,29,2014,1.524
CHY,4/30/2014,4,30,2014,0
CHY,5/1/2014,5,1,2014,0
CHY,5/2/2014,5,2,2014,0
CHY,5/3/2014,5,3,2014,0
CHY,5/4/2014,5,4,2014,0
CHY,5/5/2014,5,5,2014,0
CHY,5/6/2014,5,6,2014,12.446
CHY,5/7/2014,5,7,2014,3.302
CHY,5/8/2014,5,8,2014,7.874
CHY,5/9/2014,5,9,2014,0
CHY,5/10/2014,5,10,2014,6.604
CHY,5/11/2014,5,11,2014,10.668
CHY,5/12/2014,5,12,2014,0.508
CHY,5/13/2014,5,13,2014,0
CHY,5/14/2014,5,14,2014,0
CHY,5/15/2014,5,15,2014,0.508
CHY,5/16/2014,5,16,2014,0
CHY,5/17/2014,5,17,2014,4.318
CHY,5/18/2014,5,18,2014,0
CHY,5/19/2014,5,19,2014,0
CHY,5/20/2014,5,20,2014,0
CHY,5/21/2014,5,21,2014,0
CHY,5/22/2014,5,22,2014,0
CHY,5/23/2014,5,23,2014,0
CHY,5/24/2014,5,24,2014,0
CHY,5/25/2014,5,25,2014,0
CHY,5/26/2014,5,26,2014,0
CHY,5/27/2014,5,27,2014,0
CHY,5/28/2014,5,28,2014,0
CHY,5/29/2014,5,29,2014,4.318
CHY,5/30/2014,5,30,2014,3.556
CHY,5/31/2014,5,31,2014,0
CHY,6/1/2014,6,1,2014,0
CHY,6/2/2014,6,2,2014,0
CHY,6/3/2014,6,3,2014,0
CHY,6/4/2014,6,4,2014,0
CHY,6/5/2014,6,5,2014,0
CHY,6/6/2014,6,6,2014,13.462
CHY,6/7/2014,6,7,2014,1.016
CHY,6/8/2014,6,8,2014,2.286
CHY,6/9/2014,6,9,2014,0
CHY,6/10/2014,6,10,2014,0
CHY,6/11/2014,6,11,2014,0
CHY,6/12/2014,6,12,2014,0
CHY,6/13/2014,6,13,2014,0
CHY,6/14/2014,6,14,2014,0
CHY,6/15/2014,6,15,2014,0
CHY,6/16/2014,6,16,2014,0
CHY,6/17/2014,6,17,2014,0
CHY,6/18/2014,6,18,2014,6.604
CHY,6/19/2014,6,19,2014,0
CHY,6/20/2014,6,20,2014,0
CHY,6/21/2014,6,21,2014,0
CHY,6/22/2014,6,22,2014,0
CHY,6/23/2014,6,23,2014,1.778
CHY,6/24/2014,6,24,2014,4.572
CHY,6/25/2014,6,25,2014,0
CHY,6/26/2014,6,26,2014,0
CHY,6/27/2014,6,27,2014,17.276
CHY,6/28/2014,6,28,2014,0
CHY,6/29/2014,6,29,2014,0
CHY,6/30/2014,6,30,2014,0
CHY,7/1/2014,7,1,2014,0
CHY,7/2/2014,7,2,2014,0
CHY,7/3/2014,7,3,2014,0
CHY,7/4/2014,7,4,2014,0
CHY,7/5/2014,7,5,2014,0
CHY,7/6/2014,7,6,2014,0
CHY,7/7/2014,7,7,2014,0
CHY,7/8/2014,7,8,2014,0
CHY,7/9/2014,7,9,2014,0
CHY,7/10/2014,7,10,2014,0
CHY,7/11/2014,7,11,2014,3.302
CHY,7/12/2014,7,12,2014,0
CHY,7/13/2014,7,13,2014,4.064
CHY,7/14/2014,7,14,2014,0
CHY,7/15/2014,7,15,2014,9.144
CHY,7/16/2014,7,16,2014,4.572
CHY,7/17/2014,7,17,2014,0
CHY,7/18/2014,7,18,2014,0
CHY,7/19/2014,7,19,2014,0
CHY,7/20/2014,7,20,2014,0
CHY,7/21/2014,7,21,2014,0
CHY,7/22/2014,7,22,2014,0
CHY,7/23/2014,7,23,2014,0
CHY,7/24/2014,7,24,2014,0
CHY,7/25/2014,7,25,2014,1.016
CHY,7/26/2014,7,26,2014,0
CHY,7/27/2014,7,27,2014,0
CHY,7/28/2014,7,28,2014,0
CHY,7/29/2014,7,29,2014,20.828
CHY,7/30/2014,7,30,2014,8.636
CHY,7/31/2014,7,31,2014,0
CHY,8/1/2014,8,1,2014,0
CHY,8/2/2014,8,2,2014,0
CHY,8/3/2014,8,3,2014,0
CHY,8/4/2014,8,4,2014,0.508
CHY,8/5/2014,8,5,2014,1.778
CHY,8/6/2014,8,6,2014,0.508
CHY,8/7/2014,8,7,2014,4.572
CHY,8/8/2014,8,8,2014,0.508
CHY,8/9/2014,8,9,2014,0
CHY,8/10/2014,8,10,2014,0
CHY,8/11/2014,8,11,2014,0
CHY,8/12/2014,8,12,2014,0
CHY,8/13/2014,8,13,2014,0
CHY,8/14/2014,8,14,2014,2.794
CHY,8/15/2014,8,15,2014,0
CHY,8/16/2014,8,16,2014,0
CHY,8/17/2014,8,17,2014,0
CHY,8/18/2014,8,18,2014,10.924
CHY,8/19/2014,8,19,2014,0.508
CHY,8/20/2014,8,20,2014,0
CHY,8/21/2014,8,21,2014,0
CHY,8/22/2014,8,22,2014,1.27
CHY,8/23/2014,8,23,2014,4.064
CHY,8/24/2014,8,24,2014,0
CHY,8/25/2014,8,25,2014,4.318
CHY,8/26/2014,8,26,2014,0
CHY,8/27/2014,8,27,2014,18.798
CHY,8/28/2014,8,28,2014,1.524
CHY,8/29/2014,8,29,2014,0
CHY,8/30/2014,8,30,2014,0.508
CHY,8/31/2014,8,31,2014,1.016
CHY,9/1/2014,9,1,2014,0
CHY,9/2/2014,9,2,2014,0
CHY,9/3/2014,9,3,2014,0
CHY,9/4/2014,9,4,2014,0
CHY,9/5/2014,9,5,2014,2.286
CHY,9/6/2014,9,6,2014,0
CHY,9/7/2014,9,7,2014,0
CHY,9/8/2014,9,8,2014,0
CHY,9/9/2014,9,9,2014,0.762
CHY,9/10/2014,9,10,2014,0
CHY,9/11/2014,9,11,2014,1.524
CHY,9/12/2014,9,12,2014,1.778
CHY,9/13/2014,9,13,2014,0
CHY,9/14/2014,9,14,2014,0
CHY,9/15/2014,9,15,2014,0
CHY,4/1/2015,4,1,2015,0
CHY,4/2/2015,4,2,2015,0
CHY,4/3/2015,4,3,2015,1.016
CHY,4/4/2015,4,4,2015,0
CHY,4/5/2015,4,5,2015,0
CHY,4/6/2015,4,6,2015,0
CHY,4/7/2015,4,7,2015,0
CHY,4/8/2015,4,8,2015,0
CHY,4/9/2015,4,9,2015,2.794
CHY,4/10/2015,4,10,2015,0
CHY,4/11/2015,4,11,2015,0
CHY,4/12/2015,4,12,2015,0
CHY,4/13/2015,4,13,2015,0
CHY,4/14/2015,4,14,2015,0
CHY,4/15/2015,4,15,2015,1.27
CHY,4/16/2015,4,16,2015,7.366
CHY,4/17/2015,4,17,2015,28.448
CHY,4/18/2015,4,18,2015,0.762
CHY,4/19/2015,4,19,2015,1.27
CHY,4/20/2015,4,20,2015,0
CHY,4/21/2015,4,21,2015,0
CHY,4/22/2015,4,22,2015,0
CHY,4/23/2015,4,23,2015,0
CHY,4/24/2015,4,24,2015,0
CHY,4/25/2015,4,25,2015,0
CHY,4/26/2015,4,26,2015,3.556
CHY,4/27/2015,4,27,2015,7.366
CHY,4/28/2015,4,28,2015,0
CHY,4/29/2015,4,29,2015,0
CHY,4/30/2015,4,30,2015,0.508
CHY,5/1/2015,5,1,2015,0
CHY,5/2/2015,5,2,2015,0
CHY,5/3/2015,5,3,2015,1.778
CHY,5/4/2015,5,4,2015,0
CHY,5/5/2015,5,5,2015,1.27
CHY,5/6/2015,5,6,2015,11.176
CHY,5/7/2015,5,7,2015,3.81
CHY,5/8/2015,5,8,2015,18.288
CHY,5/9/2015,5,9,2015,28.702
CHY,5/10/2015,5,10,2015,5.334
CHY,5/11/2015,5,11,2015,0
CHY,5/12/2015,5,12,2015,0
CHY,5/13/2015,5,13,2015,2.032
CHY,5/14/2015,5,14,2015,0
CHY,5/15/2015,5,15,2015,1.27
CHY,5/16/2015,5,16,2015,1.524
CHY,5/17/2015,5,17,2015,0
CHY,5/18/2015,5,18,2015,3.048
CHY,5/19/2015,5,19,2015,13.716
CHY,5/20/2015,5,20,2015,0.762
CHY,5/21/2015,5,21,2015,0.508
CHY,5/22/2015,5,22,2015,13.97
CHY,5/23/2015,5,23,2015,0
CHY,5/24/2015,5,24,2015,3.048
CHY,5/25/2015,5,25,2015,3.302
CHY,5/26/2015,5,26,2015,2.794
CHY,5/27/2015,5,27,2015,0
CHY,5/28/2015,5,28,2015,0
CHY,5/29/2015,5,29,2015,0
CHY,5/30/2015,5,30,2015,0
CHY,5/31/2015,5,31,2015,4.064
CHY,6/1/2015,6,1,2015,0
CHY,6/2/2015,6,2,2015,0
CHY,6/3/2015,6,3,2015,2.54
CHY,6/4/2015,6,4,2015,0
CHY,6/5/2015,6,5,2015,0
CHY,6/6/2015,6,6,2015,3.302
CHY,6/7/2015,6,7,2015,0
CHY,6/8/2015,6,8,2015,0
CHY,6/9/2015,6,9,2015,0
CHY,6/10/2015,6,10,2015,0
CHY,6/11/2015,6,11,2015,7.366
CHY,6/12/2015,6,12,2015,0
CHY,6/13/2015,6,13,2015,0
CHY,6/14/2015,6,14,2015,12.192
CHY,6/15/2015,6,15,2015,0.508
CHY,6/16/2015,6,16,2015,1.27
CHY,6/17/2015,6,17,2015,0
CHY,6/18/2015,6,18,2015,0
CHY,6/19/2015,6,19,2015,0
CHY,6/20/2015,6,20,2015,0
CHY,6/21/2015,6,21,2015,0
CHY,6/22/2015,6,22,2015,0
CHY,6/23/2015,6,23,2015,0
CHY,6/24/2015,6,24,2015,0.762
CHY,6/25/2015,6,25,2015,0.762
CHY,6/26/2015,6,26,2015,0
CHY,6/27/2015,6,27,2015,0
CHY,6/28/2015,6,28,2015,0
CHY,6/29/2015,6,29,2015,0
CHY,6/30/2015,6,30,2015,5.08
CHY,7/1/2015,7,1,2015,19.052
CHY,7/2/2015,7,2,2015,0.508
CHY,7/3/2015,7,3,2015,0
CHY,7/4/2015,7,4,2015,0
CHY,7/5/2015,7,5,2015,12.954
CHY,7/6/2015,7,6,2015,2.54
CHY,7/7/2015,7,7,2015,1.016
CHY,7/8/2015,7,8,2015,5.588
CHY,7/9/2015,7,9,2015,2.286
CHY,7/10/2015,7,10,2015,0
CHY,7/11/2015,7,11,2015,0
CHY,7/12/2015,7,12,2015,0
CHY,7/13/2015,7,13,2015,0
CHY,7/14/2015,7,14,2015,0
CHY,7/15/2015,7,15,2015,3.048
CHY,7/16/2015,7,16,2015,0
CHY,7/17/2015,7,17,2015,0
CHY,7/18/2015,7,18,2015,0
CHY,7/19/2015,7,19,2015,0
CHY,7/20/2015,7,20,2015,0
CHY,7/21/2015,7,21,2015,13.716
CHY,7/22/2015,7,22,2015,6.35
CHY,7/23/2015,7,23,2015,0
CHY,7/24/2015,7,24,2015,0
CHY,7/25/2015,7,25,2015,0
CHY,7/26/2015,7,26,2015,0
CHY,7/27/2015,7,27,2015,0
CHY,7/28/2015,7,28,2015,0
CHY,7/29/2015,7,29,2015,0
CHY,7/30/2015,7,30,2015,0
CHY,7/31/2015,7,31,2015,0.762
CHY,8/1/2015,8,1,2015,0
CHY,8/2/2015,8,2,2015,0
CHY,8/3/2015,8,3,2015,0
CHY,8/4/2015,8,4,2015,0
CHY,8/5/2015,8,5,2015,0
CHY,8/6/2015,8,6,2015,0
CHY,8/7/2015,8,7,2015,0
CHY,8/8/2015,8,8,2015,0
CHY,8/9/2015,8,9,2015,0
CHY,8/10/2015,8,10,2015,0
CHY,8/11/2015,8,11,2015,0
CHY,8/12/2015,8,12,2015,0
CHY,8/13/2015,8,13,2015,0
CHY,8/14/2015,8,14,2015,0
CHY,8/15/2015,8,15,2015,0
CHY,8/16/2015,8,16,2015,1.778
CHY,8/17/2015,8,17,2015,0
CHY,8/18/2015,8,18,2015,3.302
CHY,8/19/2015,8,19,2015,0
CHY,8/20/2015,8,20,2015,0
CHY,8/21/2015,8,21,2015,0
CHY,8/22/2015,8,22,2015,0
CHY,8/23/2015,8,23,2015,0
CHY,8/24/2015,8,24,2015,0
CHY,8/25/2015,8,25,2015,0
CHY,8/26/2015,8,26,2015,0
CHY,8/27/2015,8,27,2015,0
CHY,8/28/2015,8,28,2015,1.016
CHY,8/29/2015,8,29,2015,0
CHY,8/30/2015,8,30,2015,0
CHY,8/31/2015,8,31,2015,0.508
CHY,9/1/2015,9,1,2015,0
CHY,9/2/2015,9,2,2015,0
CHY,9/3/2015,9,3,2015,0
CHY,9/4/2015,9,4,2015,0
CHY,9/5/2015,9,5,2015,0
CHY,9/6/2015,9,6,2015,0
CHY,9/7/2015,9,7,2015,0
CHY,9/8/2015,9,8,2015,0
CHY,9/9/2015,9,9,2015,0
CHY,9/10/2015,9,10,2015,0
CHY,9/11/2015,9,11,2015,0
CHY,9/12/2015,9,12,2015,0
CHY,9/13/2015,9,13,2015,0
CHY,9/14/2015,9,14,2015,0
CHY,9/15/2015,9,15,2015,0
CHY,4/1/2016,4,1,2016,1.27
CHY,4/2/2016,4,2,2016,0
CHY,4/3/2016,4,3,2016,0
CHY,4/4/2016,4,4,2016,0
CHY,4/5/2016,4,5,2016,0
CHY,4/6/2016,4,6,2016,0
CHY,4/7/2016,4,7,2016,0
CHY,4/8/2016,4,8,2016,0
CHY,4/9/2016,4,9,2016,0
CHY,4/10/2016,4,10,2016,2.032
CHY,4/11/2016,4,11,2016,5.334
CHY,4/12/2016,4,12,2016,0
CHY,4/13/2016,4,13,2016,0
CHY,4/14/2016,4,14,2016,0
CHY,4/15/2016,4,15,2016,0
CHY,4/16/2016,4,16,2016,1.524
CHY,4/17/2016,4,17,2016,5.08
CHY,4/18/2016,4,18,2016,0
CHY,4/19/2016,4,19,2016,0
CHY,4/20/2016,4,20,2016,0.762
CHY,4/21/2016,4,21,2016,0
CHY,4/22/2016,4,22,2016,0
CHY,4/23/2016,4,23,2016,0
CHY,4/24/2016,4,24,2016,0.762
CHY,4/25/2016,4,25,2016,9.144
CHY,4/26/2016,4,26,2016,14.732
CHY,4/27/2016,4,27,2016,0.508
CHY,4/28/2016,4,28,2016,1.524
CHY,4/29/2016,4,29,2016,3.048
CHY,4/30/2016,4,30,2016,6.096
CHY,5/1/2016,5,1,2016,0.508
CHY,5/2/2016,5,2,2016,0
CHY,5/3/2016,5,3,2016,0
CHY,5/4/2016,5,4,2016,0
CHY,5/5/2016,5,5,2016,0
CHY,5/6/2016,5,6,2016,3.302
CHY,5/7/2016,5,7,2016,25.654
CHY,5/8/2016,5,8,2016,4.572
CHY,5/9/2016,5,9,2016,4.318
CHY,5/10/2016,5,10,2016,0
CHY,5/11/2016,5,11,2016,0
CHY,5/12/2016,5,12,2016,0
CHY,5/13/2016,5,13,2016,0
CHY,5/14/2016,5,14,2016,0.508
CHY,5/15/2016,5,15,2016,2.794
CHY,5/16/2016,5,16,2016,8.382
CHY,5/17/2016,5,17,2016,5.842
CHY,5/18/2016,5,18,2016,0
CHY,5/19/2016,5,19,2016,0
CHY,5/20/2016,5,20,2016,0
CHY,5/21/2016,5,21,2016,0
CHY,5/22/2016,5,22,2016,0
CHY,5/23/2016,5,23,2016,0
CHY,5/24/2016,5,24,2016,0
CHY,5/25/2016,5,25,2016,0.508
CHY,5/26/2016,5,26,2016,2.794
CHY,5/27/2016,5,27,2016,0
CHY,5/28/2016,5,28,2016,0
CHY,5/29/2016,5,29,2016,0
CHY,5/30/2016,5,30,2016,1.524
CHY,5/31/2016,5,31,2016,0
CHY,6/1/2016,6,1,2016,6.604
CHY,6/2/2016,6,2,2016,0
CHY,6/3/2016,6,3,2016,0
CHY,6/4/2016,6,4,2016,0
CHY,6/5/2016,6,5,2016,0
CHY,6/6/2016,6,6,2016,4.064
CHY,6/7/2016,6,7,2016,0
CHY,6/8/2016,6,8,2016,0
CHY,6/9/2016,6,9,2016,0
CHY,6/10/2016,6,10,2016,0
CHY,6/11/2016,6,11,2016,0
CHY,6/12/2016,6,12,2016,19.558
CHY,6/13/2016,6,13,2016,0
CHY,6/14/2016,6,14,2016,0
CHY,6/15/2016,6,15,2016,0
CHY,6/16/2016,6,16,2016,0
CHY,6/17/2016,6,17,2016,0
CHY,6/18/2016,6,18,2016,0
CHY,6/19/2016,6,19,2016,0
CHY,6/20/2016,6,20,2016,0
CHY,6/21/2016,6,21,2016,0
CHY,6/22/2016,6,22,2016,0
CHY,6/23/2016,6,23,2016,0.762
CHY,6/24/2016,6,24,2016,0
CHY,6/25/2016,6,25,2016,1.778
CHY,6/26/2016,6,26,2016,0
CHY,6/27/2016,6,27,2016,0
CHY,6/28/2016,6,28,2016,0
CHY,6/29/2016,6,29,2016,9.144
CHY,6/30/2016,6,30,2016,0
CHY,7/1/2016,7,1,2016,5.334
CHY,7/2/2016,7,2,2016,0
CHY,7/3/2016,7,3,2016,0
CHY,7/4/2016,7,4,2016,0.508
CHY,7/5/2016,7,5,2016,0.508
CHY,7/6/2016,7,6,2016,4.064
CHY,7/7/2016,7,7,2016,0
CHY,7/8/2016,7,8,2016,0
CHY,7/9/2016,7,9,2016,0
CHY,7/10/2016,7,10,2016,0
CHY,7/11/2016,7,11,2016,0
CHY,7/12/2016,7,12,2016,0
CHY,7/13/2016,7,13,2016,0
CHY,7/14/2016,7,14,2016,0
CHY,7/15/2016,7,15,2016,0
CHY,7/16/2016,7,16,2016,0
CHY,7/17/2016,7,17,2016,0
CHY,7/18/2016,7,18,2016,0
CHY,7/19/2016,7,19,2016,3.556
CHY,7/20/2016,7,20,2016,0
CHY,7/21/2016,7,21,2016,0
CHY,7/22/2016,7,22,2016,0
CHY,7/23/2016,7,23,2016,0
CHY,7/24/2016,7,24,2016,0.762
CHY,7/25/2016,7,25,2016,0
CHY,7/26/2016,7,26,2016,0
CHY,7/27/2016,7,27,2016,1.016
CHY,7/28/2016,7,28,2016,4.318
CHY,7/29/2016,7,29,2016,7.874
CHY,7/30/2016,7,30,2016,0
CHY,7/31/2016,7,31,2016,0
CHY,8/1/2016,8,1,2016,0
CHY,8/2/2016,8,2,2016,0
CHY,8/3/2016,8,3,2016,0
CHY,8/4/2016,8,4,2016,0
CHY,8/5/2016,8,5,2016,0
CHY,8/6/2016,8,6,2016,4.318
CHY,8/7/2016,8,7,2016,0
CHY,8/8/2016,8,8,2016,0
CHY,8/9/2016,8,9,2016,0.508
CHY,8/10/2016,8,10,2016,0
CHY,8/11/2016,8,11,2016,0.508
CHY,8/12/2016,8,12,2016,0
CHY,8/13/2016,8,13,2016,0
CHY,8/14/2016,8,14,2016,0
CHY,8/15/2016,8,15,2016,4.572
CHY,8/16/2016,8,16,2016,0
CHY,8/17/2016,8,17,2016,0
CHY,8/18/2016,8,18,2016,5.08
CHY,8/19/2016,8,19,2016,0
CHY,8/20/2016,8,20,2016,0
CHY,8/21/2016,8,21,2016,0
CHY,8/22/2016,8,22,2016,0
CHY,8/23/2016,8,23,2016,0
CHY,8/24/2016,8,24,2016,0
CHY,8/25/2016,8,25,2016,0
CHY,8/26/2016,8,26,2016,3.302
CHY,8/27/2016,8,27,2016,0
CHY,8/28/2016,8,28,2016,0
CHY,8/29/2016,8,29,2016,0
CHY,8/30/2016,8,30,2016,0
CHY,8/31/2016,8,31,2016,0
CHY,9/1/2016,9,1,2016,0
CHY,9/2/2016,9,2,2016,2.794
CHY,9/3/2016,9,3,2016,0
CHY,9/4/2016,9,4,2016,0
CHY,9/5/2016,9,5,2016,0
CHY,9/6/2016,9,6,2016,0
CHY,9/7/2016,9,7,2016,0
CHY,9/8/2016,9,8,2016,0
CHY,9/9/2016,9,9,2016,0
CHY,9/10/2016,9,10,2016,0
CHY,9/11/2016,9,11,2016,0
CHY,9/12/2016,9,12,2016,0
CHY,9/13/2016,9,13,2016,2.54
CHY,9/14/2016,9,14,2016,4.826
CHY,9/15/2016,9,15,2016,0.508
CHY,4/1/2017,4,1,2017,1.524
CHY,4/2/2017,4,2,2017,1.27
CHY,4/3/2017,4,3,2017,0
CHY,4/4/2017,4,4,2017,0
CHY,4/5/2017,4,5,2017,0
CHY,4/6/2017,4,6,2017,0
CHY,4/7/2017,4,7,2017,0
CHY,4/8/2017,4,8,2017,0
CHY,4/9/2017,4,9,2017,0
CHY,4/10/2017,4,10,2017,0
CHY,4/11/2017,4,11,2017,0
CHY,4/12/2017,4,12,2017,0
CHY,4/13/2017,4,13,2017,0
CHY,4/14/2017,4,14,2017,0
CHY,4/15/2017,4,15,2017,0
CHY,4/16/2017,4,16,2017,0
CHY,4/17/2017,4,17,2017,0
CHY,4/18/2017,4,18,2017,0
CHY,4/19/2017,4,19,2017,0
CHY,4/20/2017,4,20,2017,18.796
CHY,4/21/2017,4,21,2017,14.986
CHY,4/22/2017,4,22,2017,0
CHY,4/23/2017,4,23,2017,0
CHY,4/24/2017,4,24,2017,11.43
CHY,4/25/2017,4,25,2017,1.27
CHY,4/26/2017,4,26,2017,0
CHY,4/27/2017,4,27,2017,9.398
CHY,4/28/2017,4,28,2017,0
CHY,4/29/2017,4,29,2017,1.27
CHY,4/30/2017,4,30,2017,0
CHY,5/1/2017,5,1,2017,0
CHY,5/2/2017,5,2,2017,0.762
CHY,5/3/2017,5,3,2017,4.826
CHY,5/4/2017,5,4,2017,0
CHY,5/5/2017,5,5,2017,0
CHY,5/6/2017,5,6,2017,0
CHY,5/7/2017,5,7,2017,0
CHY,5/8/2017,5,8,2017,3.048
CHY,5/9/2017,5,9,2017,0.508
CHY,5/10/2017,5,10,2017,2.032
CHY,5/11/2017,5,11,2017,0
CHY,5/12/2017,5,12,2017,0
CHY,5/13/2017,5,13,2017,0
CHY,5/14/2017,5,14,2017,0
CHY,5/15/2017,5,15,2017,3.048
CHY,5/16/2017,5,16,2017,0
CHY,5/17/2017,5,17,2017,11.684
CHY,5/18/2017,5,18,2017,27.686
CHY,5/19/2017,5,19,2017,1.524
CHY,5/20/2017,5,20,2017,0
CHY,5/21/2017,5,21,2017,2.032
CHY,5/22/2017,5,22,2017,6.858
CHY,5/23/2017,5,23,2017,0
CHY,5/24/2017,5,24,2017,0
CHY,5/25/2017,5,25,2017,3.556
CHY,5/26/2017,5,26,2017,8.382
CHY,5/27/2017,5,27,2017,0
CHY,5/28/2017,5,28,2017,0
CHY,5/29/2017,5,29,2017,0.762
CHY,5/30/2017,5,30,2017,0
CHY,5/31/2017,5,31,2017,2.032
CHY,6/1/2017,6,1,2017,0
CHY,6/2/2017,6,2,2017,0
CHY,6/3/2017,6,3,2017,0
CHY,6/4/2017,6,4,2017,0
CHY,6/5/2017,6,5,2017,0
CHY,6/6/2017,6,6,2017,1.27
CHY,6/7/2017,6,7,2017,0
CHY,6/8/2017,6,8,2017,0
CHY,6/9/2017,6,9,2017,0
CHY,6/10/2017,6,10,2017,0
CHY,6/11/2017,6,11,2017,0
CHY,6/12/2017,6,12,2017,6.858
CHY,6/13/2017,6,13,2017,0
CHY,6/14/2017,6,14,2017,0
CHY,6/15/2017,6,15,2017,0
CHY,6/16/2017,6,16,2017,0
CHY,6/17/2017,6,17,2017,0
CHY,6/18/2017,6,18,2017,0
CHY,6/19/2017,6,19,2017,0
CHY,6/20/2017,6,20,2017,0
CHY,6/21/2017,6,21,2017,0
CHY,6/22/2017,6,22,2017,0
CHY,6/23/2017,6,23,2017,1.016
CHY,6/24/2017,6,24,2017,0
CHY,6/25/2017,6,25,2017,0
CHY,6/26/2017,6,26,2017,0
CHY,6/27/2017,6,27,2017,0
CHY,6/28/2017,6,28,2017,0
CHY,6/29/2017,6,29,2017,0
CHY,6/30/2017,6,30,2017,0
CHY,7/1/2017,7,1,2017,0
CHY,7/2/2017,7,2,2017,0
CHY,7/3/2017,7,3,2017,0
CHY,7/4/2017,7,4,2017,0
CHY,7/5/2017,7,5,2017,0
CHY,7/6/2017,7,6,2017,0
CHY,7/7/2017,7,7,2017,0
CHY,7/8/2017,7,8,2017,0
CHY,7/9/2017,7,9,2017,0
CHY,7/10/2017,7,10,2017,5.334
CHY,7/11/2017,7,11,2017,0
CHY,7/12/2017,7,12,2017,0
CHY,7/13/2017,7,13,2017,0
CHY,7/14/2017,7,14,2017,0
CHY,7/15/2017,7,15,2017,0
CHY,7/16/2017,7,16,2017,0
CHY,7/17/2017,7,17,2017,0
CHY,7/18/2017,7,18,2017,0
CHY,7/19/2017,7,19,2017,0
CHY,7/20/2017,7,20,2017,2.032
CHY,7/21/2017,7,21,2017,1.524
CHY,7/22/2017,7,22,2017,0
CHY,7/23/2017,7,23,2017,0
CHY,7/24/2017,7,24,2017,0
CHY,7/25/2017,7,25,2017,0
CHY,7/26/2017,7,26,2017,1.27
CHY,7/27/2017,7,27,2017,0
CHY,7/28/2017,7,28,2017,0
CHY,7/29/2017,7,29,2017,4.826
CHY,7/30/2017,7,30,2017,16.256
CHY,7/31/2017,7,31,2017,1.016
CHY,8/1/2017,8,1,2017,0
CHY,8/2/2017,8,2,2017,0
CHY,8/3/2017,8,3,2017,0
CHY,8/4/2017,8,4,2017,0
CHY,8/5/2017,8,5,2017,2.794
CHY,8/6/2017,8,6,2017,3.302
CHY,8/7/2017,8,7,2017,5.334
CHY,8/8/2017,8,8,2017,0
CHY,8/9/2017,8,9,2017,0
CHY,8/10/2017,8,10,2017,1.016
CHY,8/11/2017,8,11,2017,7.112
CHY,8/12/2017,8,12,2017,1.778
CHY,8/13/2017,8,13,2017,0
CHY,8/14/2017,8,14,2017,0
CHY,8/15/2017,8,15,2017,6.858
CHY,8/16/2017,8,16,2017,0
CHY,8/17/2017,8,17,2017,0
CHY,8/18/2017,8,18,2017,0
CHY,8/19/2017,8,19,2017,0
CHY,8/20/2017,8,20,2017,0
CHY,8/21/2017,8,21,2017,0
CHY,8/22/2017,8,22,2017,0
CHY,8/23/2017,8,23,2017,0
CHY,8/24/2017,8,24,2017,0
CHY,8/25/2017,8,25,2017,0
CHY,8/26/2017,8,26,2017,0
CHY,8/27/2017,8,27,2017,0
CHY,8/28/2017,8,28,2017,0
CHY,8/29/2017,8,29,2017,0
CHY,8/30/2017,8,30,2017,0
CHY,8/31/2017,8,31,2017,2.286
CHY,9/1/2017,9,1,2017,0
CHY,9/2/2017,9,2,2017,0
CHY,9/3/2017,9,3,2017,0
CHY,9/4/2017,9,4,2017,0
CHY,9/5/2017,9,5,2017,0
CHY,9/6/2017,9,6,2017,0
CHY,9/7/2017,9,7,2017,0
CHY,9/8/2017,9,8,2017,0
CHY,9/9/2017,9,9,2017,0
CHY,9/10/2017,9,10,2017,2.794
CHY,9/11/2017,9,11,2017,0
CHY,9/12/2017,9,12,2017,0
CHY,9/13/2017,9,13,2017,0
CHY,9/14/2017,9,14,2017,0
CHY,9/15/2017,9,15,2017,2.54
CHY,4/2/2018,4,2,2018,0
CHY,4/3/2018,4,3,2018,0
CHY,4/4/2018,4,4,2018,0
CHY,4/5/2018,4,5,2018,0
CHY,4/7/2018,4,7,2018,0
CHY,4/8/2018,4,8,2018,0
CHY,4/10/2018,4,10,2018,0
CHY,4/11/2018,4,11,2018,0
CHY,4/12/2018,4,12,2018,0
CHY,4/14/2018,4,14,2018,0
CHY,4/15/2018,4,15,2018,0
CHY,4/16/2018,4,16,2018,0
CHY,4/17/2018,4,17,2018,0
CHY,4/18/2018,4,18,2018,0
CHY,4/19/2018,4,19,2018,0
CHY,4/22/2018,4,22,2018,0
CHY,4/25/2018,4,25,2018,0
CHY,4/26/2018,4,26,2018,0
CHY,4/27/2018,4,27,2018,0
CHY,4/28/2018,4,28,2018,0
CHY,4/29/2018,4,29,2018,0
CHY,5/4/2018,5,4,2018,0
CHY,5/5/2018,5,5,2018,0
CHY,5/6/2018,5,6,2018,0
CHY,5/7/2018,5,7,2018,0
CHY,5/8/2018,5,8,2018,0
CHY,5/9/2018,5,9,2018,0
CHY,5/10/2018,5,10,2018,0
CHY,5/14/2018,5,14,2018,0
CHY,5/15/2018,5,15,2018,0
CHY,5/16/2018,5,16,2018,0
CHY,5/17/2018,5,17,2018,0
CHY,5/20/2018,5,20,2018,0
CHY,5/23/2018,5,23,2018,0
CHY,5/24/2018,5,24,2018,0
CHY,5/25/2018,5,25,2018,0
CHY,5/26/2018,5,26,2018,0
CHY,5/31/2018,5,31,2018,0
CHY,6/1/2018,6,1,2018,0
CHY,6/2/2018,6,2,2018,0
CHY,6/3/2018,6,3,2018,0
CHY,6/4/2018,6,4,2018,0
CHY,6/5/2018,6,5,2018,0
CHY,6/6/2018,6,6,2018,0
CHY,6/7/2018,6,7,2018,0
CHY,6/8/2018,6,8,2018,0
CHY,6/9/2018,6,9,2018,0
CHY,6/10/2018,6,10,2018,0
CHY,6/11/2018,6,11,2018,0
CHY,6/12/2018,6,12,2018,0
CHY,6/13/2018,6,13,2018,0
CHY,6/14/2018,6,14,2018,0
CHY,6/20/2018,6,20,2018,0
CHY,6/25/2018,6,25,2018,0
CHY,6/26/2018,6,26,2018,0
CHY,6/27/2018,6,27,2018,0
CHY,6/28/2018,6,28,2018,0
CHY,6/29/2018,6,29,2018,0
CHY,7/1/2018,7,1,2018,0
CHY,7/2/2018,7,2,2018,0
CHY,7/5/2018,7,5,2018,0
CHY,7/6/2018,7,6,2018,0
CHY,7/7/2018,7,7,2018,0
CHY,7/8/2018,7,8,2018,0
CHY,7/9/2018,7,9,2018,0
CHY,7/10/2018,7,10,2018,0
CHY,7/11/2018,7,11,2018,0
CHY,7/13/2018,7,13,2018,0
CHY,7/14/2018,7,14,2018,0
CHY,7/18/2018,7,18,2018,0
CHY,7/19/2018,7,19,2018,0
CHY,7/20/2018,7,20,2018,0
CHY,7/24/2018,7,24,2018,0
CHY,7/28/2018,7,28,2018,0
CHY,7/30/2018,7,30,2018,0
CHY,7/31/2018,7,31,2018,0
CHY,8/2/2018,8,2,2018,0
CHY,8/8/2018,8,8,2018,0
CHY,8/9/2018,8,9,2018,0
CHY,8/10/2018,8,10,2018,0
CHY,8/11/2018,8,11,2018,0
CHY,8/12/2018,8,12,2018,0
CHY,8/13/2018,8,13,2018,0
CHY,8/15/2018,8,15,2018,0
CHY,8/16/2018,8,16,2018,0
CHY,8/17/2018,8,17,2018,0
CHY,8/19/2018,8,19,2018,0
CHY,8/20/2018,8,20,2018,0
CHY,8/24/2018,8,24,2018,0
CHY,8/25/2018,8,25,2018,0
CHY,8/26/2018,8,26,2018,0
CHY,8/27/2018,8,27,2018,0
CHY,8/28/2018,8,28,2018,0
CHY,8/29/2018,8,29,2018,0
CHY,8/30/2018,8,30,2018,0
CHY,8/31/2018,8,31,2018,0
CHY,9/1/2018,9,1,2018,0
CHY,9/2/2018,9,2,2018,0
CHY,9/4/2018,9,4,2018,0
CHY,9/5/2018,9,5,2018,0
CHY,9/6/2018,9,6,2018,0
CHY,9/7/2018,9,7,2018,0
CHY,9/8/2018,9,8,2018,0
CHY,9/9/2018,9,9,2018,0
CHY,9/10/2018,9,10,2018,0
CHY,9/11/2018,9,11,2018,0
CHY,9/12/2018,9,12,2018,0
CHY,9/13/2018,9,13,2018,0
CHY,9/14/2018,9,14,2018,0
CHY,9/15/2018,9,15,2018,0
CHY,4/30/2018,4,30,2018,0.3
CHY,5/27/2018,5,27,2018,0.3
CHY,5/29/2018,5,29,2018,0.3
CHY,6/15/2018,6,15,2018,0.3
CHY,6/17/2018,6,17,2018,0.3
CHY,6/22/2018,6,22,2018,0.3
CHY,7/16/2018,7,16,2018,0.3
CHY,7/22/2018,7,22,2018,0.3
CHY,8/5/2018,8,5,2018,0.3
CHY,7/3/2018,7,3,2018,0.5
CHY,7/4/2018,7,4,2018,0.5
CHY,8/3/2018,8,3,2018,0.5
CHY,8/21/2018,8,21,2018,0.5
CHY,8/22/2018,8,22,2018,0.5
CHY,8/23/2018,8,23,2018,0.5
CHY,4/13/2018,4,13,2018,0.8
CHY,4/24/2018,4,24,2018,0.8
CHY,5/11/2018,5,11,2018,0.8
CHY,5/28/2018,5,28,2018,0.8
CHY,9/3/2018,9,3,2018,0.8
CHY,6/23/2018,6,23,2018,1
CHY,7/27/2018,7,27,2018,1
CHY,7/12/2018,7,12,2018,1.3
CHY,4/23/2018,4,23,2018,1.5
CHY,4/1/2018,4,1,2018,1.8
CHY,4/9/2018,4,9,2018,1.8
CHY,6/24/2018,6,24,2018,1.8
CHY,8/4/2018,8,4,2018,2
CHY,6/18/2018,6,18,2018,2.3
CHY,8/18/2018,8,18,2018,2.5
CHY,5/13/2018,5,13,2018,2.8
CHY,7/17/2018,7,17,2018,2.8
CHY,5/30/2018,5,30,2018,3
CHY,5/1/2018,5,1,2018,3.3
CHY,6/19/2018,6,19,2018,3.3
CHY,7/29/2018,7,29,2018,4.3
CHY,5/18/2018,5,18,2018,4.6
CHY,4/20/2018,4,20,2018,4.8
CHY,4/21/2018,4,21,2018,4.8
CHY,8/1/2018,8,1,2018,4.8
CHY,5/22/2018,5,22,2018,5.3
CHY,6/21/2018,6,21,2018,5.6
CHY,8/6/2018,8,6,2018,5.8
CHY,7/15/2018,7,15,2018,6.1
CHY,7/23/2018,7,23,2018,6.9
CHY,4/6/2018,4,6,2018,7.4
CHY,6/30/2018,6,30,2018,8.1
CHY,7/21/2018,7,21,2018,8.6
CHY,5/21/2018,5,21,2018,9.9
CHY,5/12/2018,5,12,2018,10.4
CHY,7/26/2018,7,26,2018,12.7
CHY,5/19/2018,5,19,2018,15.7
CHY,6/16/2018,6,16,2018,16.5
CHY,7/25/2018,7,25,2018,16.5
CHY,8/7/2018,8,7,2018,17.5
CHY,5/3/2018,5,3,2018,21.8
CHY,5/2/2018,5,2,2018,25.1
CHY,8/14/2018,8,14,2018,33.8
CHY,4/1/2019,4,1,2019,0
CHY,4/2/2019,4,2,2019,2.5
CHY,4/3/2019,4,3,2019,1.8
CHY,4/4/2019,4,4,2019,0
CHY,4/5/2019,4,5,2019,0
CHY,4/6/2019,4,6,2019,0
CHY,4/7/2019,4,7,2019,0
CHY,4/8/2019,4,8,2019,0
CHY,4/9/2019,4,9,2019,0
CHY,4/10/2019,4,10,2019,12.2
CHY,4/11/2019,4,11,2019,1
CHY,4/12/2019,4,12,2019,0
CHY,4/13/2019,4,13,2019,1.5
CHY,4/14/2019,4,14,2019,0
CHY,4/15/2019,4,15,2019,0
CHY,4/16/2019,4,16,2019,0
CHY,4/17/2019,4,17,2019,2.5
CHY,4/18/2019,4,18,2019,0
CHY,4/19/2019,4,19,2019,0
CHY,4/20/2019,4,20,2019,0
CHY,4/21/2019,4,21,2019,0
CHY,4/22/2019,4,22,2019,1.3
CHY,4/23/2019,4,23,2019,0
CHY,4/24/2019,4,24,2019,0
CHY,4/25/2019,4,25,2019,0
CHY,4/26/2019,4,26,2019,0
CHY,4/27/2019,4,27,2019,0
CHY,4/28/2019,4,28,2019,0
CHY,4/29/2019,4,29,2019,10.4
CHY,4/30/2019,4,30,2019,5.8
CHY,5/1/2019,5,1,2019,1.3
CHY,5/2/2019,5,2,2019,0
CHY,5/3/2019,5,3,2019,0
CHY,5/4/2019,5,4,2019,0
CHY,5/5/2019,5,5,2019,0
CHY,5/6/2019,5,6,2019,2.3
CHY,5/7/2019,5,7,2019,0.8
CHY,5/8/2019,5,8,2019,1
CHY,5/9/2019,5,9,2019,5.6
CHY,5/10/2019,5,10,2019,1
CHY,5/11/2019,5,11,2019,0
CHY,5/12/2019,5,12,2019,0
CHY,5/13/2019,5,13,2019,0.3
CHY,5/14/2019,5,14,2019,0
CHY,5/15/2019,5,15,2019,0
CHY,5/16/2019,5,16,2019,0
CHY,5/17/2019,5,17,2019,19.1
CHY,5/18/2019,5,18,2019,0
CHY,5/19/2019,5,19,2019,4.3
CHY,5/20/2019,5,20,2019,14.5
CHY,5/21/2019,5,21,2019,7.1
CHY,5/22/2019,5,22,2019,0
CHY,5/23/2019,5,23,2019,0
CHY,5/24/2019,5,24,2019,0
CHY,5/25/2019,5,25,2019,7.6
CHY,5/26/2019,5,26,2019,5.6
CHY,5/27/2019,5,27,2019,41.9
CHY,5/28/2019,5,28,2019,19.3
CHY,5/29/2019,5,29,2019,0
CHY,5/30/2019,5,30,2019,0
CHY,5/31/2019,5,31,2019,0.3
CHY,6/1/2019,6,1,2019,0
CHY,6/2/2019,6,2,2019,0
CHY,6/3/2019,6,3,2019,1.3
CHY,6/4/2019,6,4,2019,0
CHY,6/5/2019,6,5,2019,0
CHY,6/6/2019,6,6,2019,0
CHY,6/7/2019,6,7,2019,5.8
CHY,6/8/2019,6,8,2019,3.3
CHY,6/9/2019,6,9,2019,0
CHY,6/10/2019,6,10,2019,0
CHY,6/11/2019,6,11,2019,0
CHY,6/12/2019,6,12,2019,0
CHY,6/13/2019,6,13,2019,0
CHY,6/14/2019,6,14,2019,0
CHY,6/15/2019,6,15,2019,2.3
CHY,6/16/2019,6,16,2019,2
CHY,6/17/2019,6,17,2019,17.8
CHY,6/18/2019,6,18,2019,4.1
CHY,6/19/2019,6,19,2019,2
CHY,6/20/2019,6,20,2019,1.3
CHY,6/21/2019,6,21,2019,12.2
CHY,6/22/2019,6,22,2019,17
CHY,6/23/2019,6,23,2019,0.5
CHY,6/24/2019,6,24,2019,0
CHY,6/25/2019,6,25,2019,0
CHY,6/26/2019,6,26,2019,0
CHY,6/27/2019,6,27,2019,0
CHY,6/28/2019,6,28,2019,0
CHY,6/29/2019,6,29,2019,0
CHY,6/30/2019,6,30,2019,0
CHY,7/1/2019,7,1,2019,8.4
CHY,7/2/2019,7,2,2019,0
CHY,7/3/2019,7,3,2019,4.3
CHY,7/4/2019,7,4,2019,0.8
CHY,7/5/2019,7,5,2019,1.3
CHY,7/6/2019,7,6,2019,0
CHY,7/7/2019,7,7,2019,0
CHY,7/8/2019,7,8,2019,2.3
CHY,7/9/2019,7,9,2019,0
CHY,7/10/2019,7,10,2019,0
CHY,7/11/2019,7,11,2019,0
CHY,7/12/2019,7,12,2019,0
CHY,7/13/2019,7,13,2019,0
CHY,7/14/2019,7,14,2019,2.8
CHY,7/15/2019,7,15,2019,0.8
CHY,7/16/2019,7,16,2019,0
CHY,7/17/2019,7,17,2019,0
CHY,7/18/2019,7,18,2019,0
CHY,7/19/2019,7,19,2019,0
CHY,7/20/2019,7,20,2019,10.9
CHY,7/21/2019,7,21,2019,0
CHY,7/22/2019,7,22,2019,0.3
CHY,7/23/2019,7,23,2019,0
CHY,7/24/2019,7,24,2019,1.8
CHY,7/25/2019,7,25,2019,0.3
CHY,7/26/2019,7,26,2019,0.3
CHY,7/27/2019,7,27,2019,0.8
CHY,7/28/2019,7,28,2019,0
CHY,7/29/2019,7,29,2019,0
CHY,7/30/2019,7,30,2019,0
CHY,7/31/2019,7,31,2019,0
CHY,8/1/2019,8,1,2019,0.3
CHY,8/2/2019,8,2,2019,0
CHY,8/3/2019,8,3,2019,0
CHY,8/4/2019,8,4,2019,0
CHY,8/5/2019,8,5,2019,1.8
CHY,8/6/2019,8,6,2019,0
CHY,8/7/2019,8,7,2019,0
CHY,8/8/2019,8,8,2019,1
CHY,8/9/2019,8,9,2019,0
CHY,8/10/2019,8,10,2019,0.5
CHY,8/11/2019,8,11,2019,3
CHY,8/12/2019,8,12,2019,0
CHY,8/13/2019,8,13,2019,0
CHY,8/14/2019,8,14,2019,0
CHY,8/15/2019,8,15,2019,0
CHY,8/16/2019,8,16,2019,0
CHY,8/17/2019,8,17,2019,0
CHY,8/18/2019,8,18,2019,0
CHY,8/19/2019,8,19,2019,0
CHY,8/20/2019,8,20,2019,0
CHY,8/21/2019,8,21,2019,0
CHY,8/22/2019,8,22,2019,0
CHY,8/23/2019,8,23,2019,4.8
CHY,8/24/2019,8,24,2019,0
CHY,8/25/2019,8,25,2019,0
CHY,8/26/2019,8,26,2019,0
CHY,8/27/2019,8,27,2019,0
CHY,8/28/2019,8,28,2019,0
CHY,8/29/2019,8,29,2019,0
CHY,8/30/2019,8,30,2019,0
CHY,8/31/2019,8,31,2019,0
CHY,9/1/2019,9,1,2019,0
CHY,9/2/2019,9,2,2019,0
CHY,9/3/2019,9,3,2019,0
CHY,9/4/2019,9,4,2019,0
CHY,9/5/2019,9,5,2019,0.5
CHY,9/6/2019,9,6,2019,0.8
CHY,9/7/2019,9,7,2019,0.5
CHY,9/8/2019,9,8,2019,4.1
CHY,9/9/2019,9,9,2019,0
CHY,9/10/2019,9,10,2019,1.3
CHY,9/11/2019,9,11,2019,3.3
CHY,9/12/2019,9,12,2019,0
CHY,9/13/2019,9,13,2019,0
CHY,9/14/2019,9,14,2019,0
CHY,9/15/2019,9,15,2019,0
CHY,4/1/2020,4,1,2020,0
CHY,4/2/2020,4,2,2020,0.3
CHY,4/3/2020,4,3,2020,0
CHY,4/4/2020,4,4,2020,0
CHY,4/5/2020,4,5,2020,0
CHY,4/6/2020,4,6,2020,0
CHY,4/7/2020,4,7,2020,0
CHY,4/8/2020,4,8,2020,0
CHY,4/9/2020,4,9,2020,0
CHY,4/10/2020,4,10,2020,0
CHY,4/11/2020,4,11,2020,0.3
CHY,4/12/2020,4,12,2020,1.8
CHY,4/13/2020,4,13,2020,1.8
CHY,4/14/2020,4,14,2020,0
CHY,4/15/2020,4,15,2020,4.6
CHY,4/16/2020,4,16,2020,10.9
CHY,4/17/2020,4,17,2020,0
CHY,4/18/2020,4,18,2020,0
CHY,4/19/2020,4,19,2020,0
CHY,4/20/2020,4,20,2020,0
CHY,4/21/2020,4,21,2020,0
CHY,4/22/2020,4,22,2020,0.5
CHY,4/23/2020,4,23,2020,1.8
CHY,4/24/2020,4,24,2020,0.8
CHY,4/25/2020,4,25,2020,0
CHY,4/26/2020,4,26,2020,0
CHY,4/27/2020,4,27,2020,0
CHY,4/28/2020,4,28,2020,0
CHY,4/29/2020,4,29,2020,0
CHY,4/30/2020,4,30,2020,0
CHY,5/1/2020,5,1,2020,1.8
CHY,5/2/2020,5,2,2020,2
CHY,5/3/2020,5,3,2020,4.3
CHY,5/4/2020,5,4,2020,4.1
CHY,5/5/2020,5,5,2020,0
CHY,5/6/2020,5,6,2020,0
CHY,5/7/2020,5,7,2020,0
CHY,5/8/2020,5,8,2020,0
CHY,5/9/2020,5,9,2020,0.5
CHY,5/10/2020,5,10,2020,0
CHY,5/11/2020,5,11,2020,1.5
CHY,5/12/2020,5,12,2020,0.5
CHY,5/13/2020,5,13,2020,0
CHY,5/14/2020,5,14,2020,2.8
CHY,5/15/2020,5,15,2020,4.6
CHY,5/16/2020,5,16,2020,0
CHY,5/17/2020,5,17,2020,0
CHY,5/18/2020,5,18,2020,0
CHY,5/19/2020,5,19,2020,0
CHY,5/20/2020,5,20,2020,0
CHY,5/21/2020,5,21,2020,0
CHY,5/22/2020,5,22,2020,0
CHY,5/23/2020,5,23,2020,0.5
CHY,5/24/2020,5,24,2020,4.1
CHY,5/25/2020,5,25,2020,0
CHY,5/26/2020,5,26,2020,0
CHY,5/27/2020,5,27,2020,0.3
CHY,5/28/2020,5,28,2020,0
CHY,5/29/2020,5,29,2020,0
CHY,5/30/2020,5,30,2020,0
CHY,5/31/2020,5,31,2020,0
CHY,6/1/2020,6,1,2020,0
CHY,6/2/2020,6,2,2020,18.5
CHY,6/3/2020,6,3,2020,0
CHY,6/4/2020,6,4,2020,0
CHY,6/5/2020,6,5,2020,0
CHY,6/6/2020,6,6,2020,0
CHY,6/7/2020,6,7,2020,0
CHY,6/8/2020,6,8,2020,8.1
CHY,6/9/2020,6,9,2020,9.9
CHY,6/10/2020,6,10,2020,0
CHY,6/11/2020,6,11,2020,0
CHY,6/12/2020,6,12,2020,0
CHY,6/13/2020,6,13,2020,0
CHY,6/14/2020,6,14,2020,0
CHY,6/15/2020,6,15,2020,0
CHY,6/16/2020,6,16,2020,0
CHY,6/17/2020,6,17,2020,0
CHY,6/18/2020,6,18,2020,0
CHY,6/19/2020,6,19,2020,10.9
CHY,6/20/2020,6,20,2020,0
CHY,6/21/2020,6,21,2020,0.5
CHY,6/22/2020,6,22,2020,0
CHY,6/23/2020,6,23,2020,0
CHY,6/24/2020,6,24,2020,0
CHY,6/25/2020,6,25,2020,3.8
CHY,6/26/2020,6,26,2020,0.5
CHY,6/27/2020,6,27,2020,0
CHY,6/28/2020,6,28,2020,0.8
CHY,6/29/2020,6,29,2020,0
CHY,6/30/2020,6,30,2020,0
CHY,7/1/2020,7,1,2020,0
CHY,7/2/2020,7,2,2020,0
CHY,7/3/2020,7,3,2020,3.3
CHY,7/4/2020,7,4,2020,0
CHY,7/5/2020,7,5,2020,3.6
CHY,7/6/2020,7,6,2020,0
CHY,7/7/2020,7,7,2020,0
CHY,7/8/2020,7,8,2020,0
CHY,7/9/2020,7,9,2020,0
CHY,7/10/2020,7,10,2020,0
CHY,7/11/2020,7,11,2020,0
CHY,7/12/2020,7,12,2020,0
CHY,7/13/2020,7,13,2020,3.3
CHY,7/14/2020,7,14,2020,0
CHY,7/15/2020,7,15,2020,0
CHY,7/16/2020,7,16,2020,0
CHY,7/17/2020,7,17,2020,0
CHY,7/18/2020,7,18,2020,0
CHY,7/19/2020,7,19,2020,0
CHY,7/20/2020,7,20,2020,2.5
CHY,7/21/2020,7,21,2020,11.4
CHY,7/22/2020,7,22,2020,9.7
CHY,7/23/2020,7,23,2020,4.3
CHY,7/24/2020,7,24,2020,0
CHY,7/25/2020,7,25,2020,0
CHY,7/26/2020,7,26,2020,0
CHY,7/27/2020,7,27,2020,0
CHY,7/28/2020,7,28,2020,4.1
CHY,7/29/2020,7,29,2020,0
CHY,7/30/2020,7,30,2020,0.3
CHY,7/31/2020,7,31,2020,0
CHY,8/1/2020,8,1,2020,0
CHY,8/2/2020,8,2,2020,0
CHY,8/3/2020,8,3,2020,0
CHY,8/4/2020,8,4,2020,0
CHY,8/5/2020,8,5,2020,0
CHY,8/6/2020,8,6,2020,0
CHY,8/7/2020,8,7,2020,0
CHY,8/8/2020,8,8,2020,0
CHY,8/9/2020,8,9,2020,0
CHY,8/10/2020,8,10,2020,0
CHY,8/11/2020,8,11,2020,0
CHY,8/12/2020,8,12,2020,0
CHY,8/13/2020,8,13,2020,0
CHY,8/14/2020,8,14,2020,0
CHY,8/15/2020,8,15,2020,0
CHY,8/16/2020,8,16,2020,0
CHY,8/17/2020,8,17,2020,0
CHY,8/18/2020,8,18,2020,0
CHY,8/19/2020,8,19,2020,1
CHY,8/20/2020,8,20,2020,1
CHY,8/21/2020,8,21,2020,0
CHY,8/22/2020,8,22,2020,0
CHY,8/23/2020,8,23,2020,0
CHY,8/24/2020,8,24,2020,0
CHY,8/25/2020,8,25,2020,0
CHY,8/26/2020,8,26,2020,0.3
CHY,8/27/2020,8,27,2020,2.5
CHY,8/28/2020,8,28,2020,0
CHY,8/29/2020,8,29,2020,0.3
CHY,8/30/2020,8,30,2020,0
CHY,8/31/2020,8,31,2020,0
CHY,9/1/2020,9,1,2020,0
CHY,9/2/2020,9,2,2020,0
CHY,9/3/2020,9,3,2020,0
CHY,9/4/2020,9,4,2020,0
CHY,9/5/2020,9,5,2020,0
CHY,9/6/2020,9,6,2020,0
CHY,9/7/2020,9,7,2020,1.3
CHY,9/8/2020,9,8,2020,10.2
CHY,9/9/2020,9,9,2020,0
CHY,9/10/2020,9,10,2020,0
CHY,9/11/2020,9,11,2020,3.8
CHY,9/12/2020,9,12,2020,0
CHY,9/13/2020,9,13,2020,0
CHY,9/14/2020,9,14,2020,0
CHY,9/15/2020,9,15,2020,0
CHY,4/1/2021,4,1,2021,0
CHY,4/2/2021,4,2,2021,0
CHY,4/3/2021,4,3,2021,0
CHY,4/4/2021,4,4,2021,0
CHY,4/5/2021,4,5,2021,0
CHY,4/6/2021,4,6,2021,0
CHY,4/7/2021,4,7,2021,0
CHY,4/8/2021,4,8,2021,0
CHY,4/9/2021,4,9,2021,0
CHY,4/10/2021,4,10,2021,0
CHY,4/11/2021,4,11,2021,0
CHY,4/12/2021,4,12,2021,0
CHY,4/13/2021,4,13,2021,0
CHY,4/14/2021,4,14,2021,3.8
CHY,4/15/2021,4,15,2021,3
CHY,4/16/2021,4,16,2021,1
CHY,4/17/2021,4,17,2021,0
CHY,4/18/2021,4,18,2021,0
CHY,4/19/2021,4,19,2021,3.8
CHY,4/20/2021,4,20,2021,0
CHY,4/21/2021,4,21,2021,1.5
CHY,4/22/2021,4,22,2021,0
CHY,4/23/2021,4,23,2021,0
CHY,4/24/2021,4,24,2021,0
CHY,4/25/2021,4,25,2021,0
CHY,4/26/2021,4,26,2021,0
CHY,4/27/2021,4,27,2021,36.1
CHY,4/28/2021,4,28,2021,1.3
CHY,4/29/2021,4,29,2021,0
CHY,4/30/2021,4,30,2021,0
CHY,5/1/2021,5,1,2021,0
CHY,5/2/2021,5,2,2021,4.8
CHY,5/3/2021,5,3,2021,7.6
CHY,5/4/2021,5,4,2021,3.6
CHY,5/5/2021,5,5,2021,0
CHY,5/6/2021,5,6,2021,0
CHY,5/7/2021,5,7,2021,0
CHY,5/8/2021,5,8,2021,0
CHY,5/9/2021,5,9,2021,4.3
CHY,5/10/2021,5,10,2021,20.6
CHY,5/11/2021,5,11,2021,4.3
CHY,5/12/2021,5,12,2021,0
CHY,5/13/2021,5,13,2021,0
CHY,5/14/2021,5,14,2021,8.1
CHY,5/15/2021,5,15,2021,0.5
CHY,5/16/2021,5,16,2021,0
CHY,5/17/2021,5,17,2021,0.5
CHY,5/18/2021,5,18,2021,0
CHY,5/19/2021,5,19,2021,0
CHY,5/20/2021,5,20,2021,0
CHY,5/21/2021,5,21,2021,0
CHY,5/22/2021,5,22,2021,1
CHY,5/23/2021,5,23,2021,6.9
CHY,5/24/2021,5,24,2021,0
CHY,5/25/2021,5,25,2021,0
CHY,5/26/2021,5,26,2021,0
CHY,5/27/2021,5,27,2021,0
CHY,5/28/2021,5,28,2021,0
CHY,5/29/2021,5,29,2021,4.1
CHY,5/30/2021,5,30,2021,2.8
CHY,5/31/2021,5,31,2021,0
CHY,6/1/2021,6,1,2021,0
CHY,6/2/2021,6,2,2021,0
CHY,6/3/2021,6,3,2021,0
CHY,6/4/2021,6,4,2021,0
CHY,6/5/2021,6,5,2021,0
CHY,6/6/2021,6,6,2021,0
CHY,6/7/2021,6,7,2021,0
CHY,6/8/2021,6,8,2021,60.2
CHY,6/9/2021,6,9,2021,0
CHY,6/10/2021,6,10,2021,0
CHY,6/11/2021,6,11,2021,0
CHY,6/12/2021,6,12,2021,0
CHY,6/13/2021,6,13,2021,0
CHY,6/14/2021,6,14,2021,0
CHY,6/15/2021,6,15,2021,0
CHY,6/16/2021,6,16,2021,0
CHY,6/17/2021,6,17,2021,0
CHY,6/18/2021,6,18,2021,4.6
CHY,6/19/2021,6,19,2021,0.3
CHY,6/20/2021,6,20,2021,0.8
CHY,6/21/2021,6,21,2021,0
CHY,6/22/2021,6,22,2021,0
CHY,6/23/2021,6,23,2021,0
CHY,6/24/2021,6,24,2021,0.3
CHY,6/25/2021,6,25,2021,0.5
CHY,6/26/2021,6,26,2021,0
CHY,6/27/2021,6,27,2021,0
CHY,6/28/2021,6,28,2021,0
CHY,6/29/2021,6,29,2021,0
CHY,6/30/2021,6,30,2021,0
CHY,7/1/2021,7,1,2021,2.8
CHY,7/2/2021,7,2,2021,0
CHY,7/3/2021,7,3,2021,0
CHY,7/4/2021,7,4,2021,0
CHY,7/5/2021,7,5,2021,0.3
CHY,7/6/2021,7,6,2021,0
CHY,7/7/2021,7,7,2021,0
CHY,7/8/2021,7,8,2021,0
CHY,7/9/2021,7,9,2021,3.3
CHY,7/10/2021,7,10,2021,0
CHY,7/11/2021,7,11,2021,0
CHY,7/12/2021,7,12,2021,0
CHY,7/13/2021,7,13,2021,0
CHY,7/14/2021,7,14,2021,2.3
CHY,7/15/2021,7,15,2021,0
CHY,7/16/2021,7,16,2021,0
CHY,7/17/2021,7,17,2021,2
CHY,7/18/2021,7,18,2021,0
CHY,7/19/2021,7,19,2021,0
CHY,7/20/2021,7,20,2021,0
CHY,7/21/2021,7,21,2021,2
CHY,7/22/2021,7,22,2021,0
CHY,7/23/2021,7,23,2021,0
CHY,7/24/2021,7,24,2021,0
CHY,7/25/2021,7,25,2021,0
CHY,7/26/2021,7,26,2021,0
CHY,7/27/2021,7,27,2021,0
CHY,7/28/2021,7,28,2021,0
CHY,7/29/2021,7,29,2021,0
CHY,7/30/2021,7,30,2021,0.3
CHY,7/31/2021,7,31,2021,0
CHY,8/1/2021,8,1,2021,0
CHY,8/2/2021,8,2,2021,0
CHY,8/3/2021,8,3,2021,3.3
CHY,8/4/2021,8,4,2021,0
CHY,8/5/2021,8,5,2021,0.3
CHY,8/6/2021,8,6,2021,0.8
CHY,8/7/2021,8,7,2021,0
CHY,8/8/2021,8,8,2021,0
CHY,8/9/2021,8,9,2021,0
CHY,8/10/2021,8,10,2021,0
CHY,8/11/2021,8,11,2021,0
CHY,8/12/2021,8,12,2021,0
CHY,8/13/2021,8,13,2021,0
CHY,8/14/2021,8,14,2021,0
CHY,8/15/2021,8,15,2021,0.5
CHY,8/16/2021,8,16,2021,0
CHY,8/17/2021,8,17,2021,0
CHY,8/18/2021,8,18,2021,0
CHY,8/19/2021,8,19,2021,0
CHY,8/20/2021,8,20,2021,3.8
CHY,8/21/2021,8,21,2021,0
CHY,8/22/2021,8,22,2021,0
CHY,8/23/2021,8,23,2021,0
CHY,8/24/2021,8,24,2021,0
CHY,8/25/2021,8,25,2021,0
CHY,8/26/2021,8,26,2021,3.6
CHY,8/27/2021,8,27,2021,0
CHY,8/28/2021,8,28,2021,0
CHY,8/29/2021,8,29,2021,0
CHY,8/30/2021,8,30,2021,0
CHY,8/31/2021,8,31,2021,0
CHY,9/1/2021,9,1,2021,0
CHY,9/2/2021,9,2,2021,0
CHY,9/3/2021,9,3,2021,3
CHY,9/4/2021,9,4,2021,0
CHY,9/5/2021,9,5,2021,0
CHY,9/6/2021,9,6,2021,0
CHY,9/7/2021,9,7,2021,0
CHY,9/8/2021,9,8,2021,0
CHY,9/9/2021,9,9,2021,0
CHY,9/10/2021,9,10,2021,0
CHY,9/11/2021,9,11,2021,0
CHY,9/12/2021,9,12,2021,0.8
CHY,9/13/2021,9,13,2021,0.5
CHY,9/14/2021,9,14,2021,0
CHY,9/15/2021,9,15,2021,0
