"","site","species","resp.ratio.site_D4","resp.ratio.site_D6","resp.ratio.site_PDfull","resp.ratio.site_PDfirst","resp.ratio.site_PDfinal","SE.RII_D4","SE.RII_D6","SE.RII_PDfull","SE.RII_PDfirst","SE.RII_PDfinal","persistence.site","mean.ctrl.cov","percrank","absrank","spatial_rarity","temporal_rarity"
"1","CHY","Allium_textile",-0.253012048192771,-0.253012048192771,-0.273972602739726,-0.278350515463917,-0.25,0.0200454324129532,0.0200454324129532,0.0111554753297721,0.0149983759953724,0.0353128296413502,0.8,0.43,0.753246753246753,59,0.246753246753247,0.2
"2","CHY","Antennaria_parvifolia",-0.818181818181818,-0.818181818181818,NA,NA,NA,0.0386955044398022,0.0386955044398022,NA,NA,NA,0.1,0.025,0.246753246753247,20,0.753246753246753,0.9
"3","CHY","Antennaria_rosea",0.217391304347826,0.217391304347826,0.00483091787439668,0.00970873786407764,-0.032258064516129,0.0830883323479352,0.0830883323479352,0.0465177887796067,0.119732690924927,0.0791774364810932,1,0.357499999999999,0.74025974025974,58,0.25974025974026,0
"4","CHY","Aristida_purpurea",-1,-1,NA,NA,NA,0,0,NA,NA,NA,0.1,0.00500000000000001,0.155844155844156,13,0.844155844155844,0.9
"5","CHY","Artemesia_dracunculus",0.0909090909090905,0.0909090909090905,-0.0476190476190469,-6.93889390390723e-17,-0.166666666666667,0.107426418187231,0.107426418187231,0.139011913140086,0.246835443037975,0.298362048757618,0.8,0.04,0.298701298701299,24,0.701298701298701,0.2
"6","CHY","Artemesia_frigida",-0.322233104799217,-0.322233104799217,-0.28686327077748,-0.319148936170213,-0.172413793103448,0.00258137900611619,0.00258137900611619,0.00508876111433814,0.00546024441360798,0.00987389056099827,1,5.6075,0.922077922077922,72,0.077922077922078,0
"7","CHY","Artemesia_ludoviciana",NA,NA,1,NA,NA,NA,NA,0,NA,NA,0,0,0,4,1,1
"8","CHY","Astragalus_drummondii",-0.514018691588785,-0.514018691588785,-0.43030303030303,-0.619047619047619,-0.230769230769231,0.06968682301661,0.06968682301661,0.0232009656104314,0.0188862287741622,0.066050550082285,1,0.5025,0.779220779220779,61,0.220779220779221,0
"9","CHY","Astragalus_laxmanii",-0.268292682926829,-0.268292682926829,-0.0434782608695653,0,-0.250000000000001,0.0745796091542759,0.0745796091542759,0.0846390176446036,0.236708860759494,0.198155656645569,0.8,0.0974999999999999,0.493506493506494,39,0.506493506493507,0.2
"10","CHY","Astragalus_shortianus",0.225806451612903,0.225806451612903,-0.106719367588933,-0.159420289855072,-0.0630630630630632,0.0282184637008943,0.0282184637008943,0.0213062323892437,0.0390260234167678,0.0467928970468921,1,0.5475,0.792207792207792,62,0.207792207792208,0
"11","CHY","Bouteloua_dactyloides",-0.547169811320755,-0.547169811320755,-0.153846153846154,-0.0833333333333333,-0.0833333333333337,0.0417418558836548,0.0417418558836548,0.0397522608314848,0.095874050144554,0.0834941861032975,0.9,0.1875,0.662337662337662,52,0.337662337662338,0.1
"12","CHY","Bouteloua_gracilis",-0.238255033557047,-0.238255033557047,-0.159811193526635,-0.416387959866221,-0.0674486803519064,0.00237668723006136,0.00237668723006136,0.00333356494625896,0.00556589467768229,0.0166708019257099,1,16.7125,0.987012987012987,77,0.012987012987013,0
"13","CHY","Bouteloua_hirsuta",0.272727272727274,0.272727272727274,NA,NA,NA,0.0920627679342226,0.0920627679342226,NA,NA,NA,0.1,0.03,0.272727272727273,22,0.727272727272727,0.9
"14","CHY","Bromus_japonicus",NA,NA,1,1,1,NA,NA,0,0,0,0,0,0,4,1,1
"15","CHY","Bromus_tectorum",0.809523809523809,0.809523809523809,0.880681818181818,0.634408602150538,0.969111969111969,0.0163081362267236,0.0163081362267236,0.00656282703361286,0.0675546827319287,0.000421592135371246,0.6,0.0575000000000002,0.376623376623377,30,0.623376623376623,0.4
"16","CHY","Carex_eleocharis",0.0269192422731805,0.0269192422731805,0.0317912738434556,0.0422145328719723,0.0353334727158688,0.000830869225883358,0.000830869225883358,0.000963831094313996,0.00264897360570404,0.00172129660240105,1,22.995,1,78,0,0
"17","CHY","Carex_filifolia",1,1,-0.530434782608696,-0.530434782608695,NA,0,0,0.147022807175913,0.146178264212332,NA,0.1,0.220000000000001,0.675324675324675,53,0.324675324675325,0.9
"18","CHY","Chenopodium_sp.",1,1,0.418604651162791,0.538461538461539,0.366666666666667,0,0,0.00966630504870981,0.0244646257909454,0.0135480465697765,0.4,0.0625,0.402597402597403,32,0.597402597402597,0.6
"19","CHY","Circium_ochochrocentrum",0.674418604651163,0.674418604651163,-0.500000000000001,-0.5,NA,0.0281956365521864,0.0281956365521864,0.200769472361809,0.200158227848101,NA,0.3,0.0474999999999999,0.324675324675325,26,0.675324675324675,0.7
"20","CHY","Cirsium_undulatum",0.136363636363636,0.136363636363636,-0.0215827338129493,-0.107142857142857,-0.0153846153846156,0.0218245933027166,0.0218245933027166,0.0199945452678608,0.0303804284969607,0.0472020858752685,1,0.335,0.727272727272727,57,0.272727272727273,0
"21","CHY","Collomia_linearis",-0.499999999999999,-0.499999999999999,0.483870967741935,0.375,0.6,0.0925707547169811,0.0925707547169811,0.031713627524469,0.0682589374011077,0.0535763713080169,0.6,0.035,0.285714285714286,23,0.714285714285714,0.4
"22","CHY","Comandra_umbellatum",0.112540192926045,0.112540192926045,0.00487804878048738,-0.146067415730337,0.0970873786407768,0.00715768010270488,0.00715768010270488,0.0056127617702144,0.016377420287441,0.008140437491488,1,0.877500000000001,0.844155844155844,66,0.155844155844156,0
"23","CHY","Conyza_canadensis",-0.333333333333333,-0.333333333333333,-4.62592926927148e-16,-9.25185853854297e-17,NA,0.079724002802917,0.079724002802917,0.0951982132886649,0.0921237693389593,NA,0.3,0.0600000000000002,0.38961038961039,31,0.61038961038961,0.7
"24","CHY","Cymopterus_glomeratus",0.2,0.2,-0.333333333333333,-0.333333333333333,-0.333333333333333,0.0403803773584906,0.0403803773584906,0.0383398473850735,0.106127693563231,0.0590092201906548,0.4,0.08,0.441558441558442,35,0.558441558441559,0.6
"25","CHY","Cymopterus_montanus",NA,NA,0.10344827586207,0.363636363636363,-0.0555555555555557,NA,NA,0.0228768222369083,0.056515040561489,0.0311578752660042,0.2,0.065,0.415584415584416,33,0.584415584415584,0.8
"26","CHY","Delphinium_geyeri",1,1,1,NA,1,0,0,0,NA,0,0,0,0,4,1,1
"27","CHY","Descurainia_pinnata",-1,-1,1,NA,1,0,0,0,NA,0,0.1,0.00250000000000001,0.116883116883117,10,0.883116883116883,0.9
"28","CHY","Dieteria_canescens",0.647058823529411,0.647058823529411,-0.125,0.130434782608696,-0.777777777777778,0.0713237562593946,0.0713237562593946,0.0838426752905148,0.0914732819120297,0.0595154721320267,0.5,0.0524999999999998,0.337662337662338,27.5,0.662337662337662,0.5
"29","CHY","Draba_nemorosa",-1,-1,-0.666666666666667,NA,-0.666666666666666,0,0,0.0984862584527574,NA,0.0980621972183153,0.3,0.0225,0.220779220779221,18,0.779220779220779,0.7
"30","CHY","Draba_reptans",-0.739130434782609,-0.739130434782609,-0.684210526315789,-0.68421052631579,NA,0.0214101812846599,0.0214101812846599,0.0301986447920112,0.0293538088375549,NA,0.5,0.1425,0.597402597402597,47,0.402597402597403,0.5
"31","CHY","Echinocereus_Escobaria",0.121951219512195,0.121951219512195,0.0199999999999994,0.0769230769230769,-0.0212765957446808,0.0211268117702512,0.0211268117702512,0.0115895473366834,0.0204084617467654,0.0241513193541166,1,0.18,0.649350649350649,51,0.350649350649351,0
"32","CHY","Erigeron_pumilus",0.101639344262295,0.101639344262295,0.114457831325301,0.149228130360206,-0.135802469135803,0.0113066262899165,0.0113066262899165,0.0125635231526013,0.0131291434335545,0.0160870366227242,0.7,1.42,0.883116883116883,69,0.116883116883117,0.3
"33","CHY","Eriogonum_alatum",NA,NA,0.904761904761905,NA,0.904761904761905,NA,NA,0.0114516877144396,NA,0.0114136950933153,0.2,0.005,0.12987012987013,11,0.87012987012987,0.8
"34","CHY","Eriogonum_effusum",0.246753246753247,0.246753246753247,0.233333333333334,0.428571428571428,-0.0909090909090909,0.0519328837710749,0.0519328837710749,0.0581835070413797,0.105628749390051,0.259925525596145,1,0.1425,0.584415584415584,46,0.415584415584416,0
"35","CHY","Grindelia_squarrosa",-0.116279069767442,-0.116279069767442,-0.777777777777778,-0.777777777777778,NA,0.0840102390598858,0.0840102390598858,0.0336141919780277,0.0332768044389652,NA,0.5,0.1,0.506493506493506,40,0.493506493506494,0.5
"36","CHY","Gutierrezia_sarothrae",-0.11111111111111,-0.11111111111111,-1,-1,-1,0.0521472892516194,0.0521472892516194,0,0,0,0.6,0.0675000000000001,0.428571428571429,34,0.571428571428571,0.4
"37","CHY","Hesperostipa_comata",0.220397579948142,0.220397579948142,0.227934725390419,0.220815752461322,0.246205299717005,0.00261303801357795,0.00261303801357795,0.00313209249115734,0.00491606659361436,0.00441056800624825,1,9.56499999999999,0.948051948051948,74,0.051948051948052,0
"38","CHY","Heterotheca_villosa",-0.278143949380438,-0.278143949380438,-0.308714918759232,-0.305530371713509,-0.463087248322148,0.00326235297569465,0.00326235297569465,0.00687579170909607,0.00731383600354673,0.0220787436817875,1,8.60750000000001,0.935064935064935,73,0.064935064935065,0
"39","CHY","Koeleria_macrantha",-0.405433646812957,-0.405433646812957,-0.386224590487468,-0.495375128468654,-0.319909061383566,0.00414187637901007,0.00414187637901007,0.00302646552303355,0.00436516283824075,0.00457261944820277,1,12.33,0.961038961038961,75,0.038961038961039,0
"40","CHY","Lactuca_serriola",0.0555555555555559,0.0555555555555559,0.52,0.5,0.6,0.0187677219303316,0.0187677219303316,0.0346620397989949,0.0458069620253165,0.127027848101266,0.7,0.1,0.519480519480519,41,0.480519480519481,0.3
"41","CHY","Lappula_redowskii",0.05084745762712,0.05084745762712,0.71875,0.84,0.641025641025641,0.0154458191051447,0.0154458191051447,0.00946288132787352,0.011957209113924,0.0199456955562808,0.8,0.0949999999999999,0.48051948051948,38,0.519480519480519,0.2
"42","CHY","Lepidium_densiflorum",0.226890756302521,0.226890756302521,0.875,0.851851851851852,1,0.0139408654085796,0.0139408654085796,0.00731501747016333,0.00993525151427912,0,0.5,0.12,0.545454545454545,43,0.454545454545455,0.5
"43","CHY","Lesquerella_montana",0.00671140939597341,0.00671140939597341,0.0641025641025638,0.00366300366300358,0.19205298013245,0.00681966908409099,0.00681966908409099,0.00513356885472853,0.00990487838795755,0.00908133185801789,1,1.7225,0.896103896103896,70,0.103896103896104,0
"44","CHY","Leucocrinum_montanum",-0.199999999999999,-0.199999999999999,-0.414634146341464,-0.272727272727272,-0.517241379310345,0.0502140849444833,0.0502140849444833,0.0508956471100587,0.1699821638385,0.065122846363375,0.9,0.1525,0.623376623376623,49,0.376623376623377,0.1
"45","CHY","Liatris_punctata",0.466666666666667,0.466666666666667,0.48,0.411764705882353,0.448275862068966,0.0274943085643296,0.0274943085643296,0.0223082709547738,0.0548031655496632,0.0463455709571612,0.8,0.0524999999999998,0.337662337662338,27.5,0.662337662337662,0.2
"46","CHY","Linaria_dalmatica",0.283185840707965,0.283185840707965,0.633144475920681,0.621722846441948,0.640091116173121,0.00760236750547283,0.00760236750547283,0.00315626045693213,0.00546332836837633,0.0054470891070688,0.7,0.850000000000004,0.831168831168831,65,0.168831168831169,0.3
"47","CHY","Lygodesmia_juncea",0.0973451327433627,0.0973451327433627,-0.247524752475248,-0.1875,-0.283018867924528,0.0121952499479873,0.0121952499479873,0.0107801187253443,0.027252486989468,0.0240852172848637,1,0.3075,0.714285714285714,56,0.285714285714286,0
"48","CHY","Machaeranthera_pinnatifida",-0.0399999999999999,-0.0399999999999999,-0.303030303030303,-0.354838709677419,-0.333333333333333,0.0326010686792454,0.0326010686792454,0.0223948222096992,0.057815055338773,0.0480939344303411,1,0.18,0.636363636363636,50,0.363636363636364,0
"49","CHY","Machaeranthera_tanacetifolia",-1,-1,-0.75,NA,-0.75,0,0,0.0839254868090458,NA,0.0838360363924052,0.3,0.0249999999999999,0.233766233766234,19,0.766233766233766,0.7
"50","CHY","Mertensia_lanceolata",-0.173913043478261,-0.173913043478261,-0.147058823529412,-0.180555555555556,-0.0887573964497039,0.00504015993448571,0.00504015993448571,0.00481520452624109,0.00915503086020326,0.0110065887256954,1,0.832499999999999,0.818181818181818,64,0.181818181818182,0
"51","CHY","Mirabilis_linearis",-0.125,-0.125,0.191489361702127,-0.111111111111111,0.263157894736842,0.036875214966588,0.036875214966588,0.0290765856029437,0.104954670772246,0.0337425824587565,0.9,0.1025,0.532467532467532,42,0.467532467532468,0.1
"52","CHY","Musineon_divaricatum",0.0888888888888889,0.0888888888888889,0.178947368421053,0.169811320754717,0.170731707317073,0.0113563904873375,0.0113563904873375,0.0148669747090283,0.0239870634444758,0.0370470741209855,0.9,0.2225,0.688311688311688,54,0.311688311688312,0.1
"53","CHY","Nassella_viridula",-1,-1,-1,-1,NA,0,0,0,0,NA,0.2,0.01,0.181818181818182,15,0.818181818181818,0.8
"54","CHY","Oenothera_albicaulis",-1,-1,NA,NA,NA,0,0,NA,NA,NA,0.1,0.005,0.142857142857143,12,0.857142857142857,0.9
"55","CHY","Oenothera_coronopifolia",0.404255319148937,0.404255319148937,0.166666666666667,0.0344827586206897,0.368421052631579,0.0242976600701315,0.0242976600701315,0.0324733234071592,0.0673930485688293,0.0525254146067175,0.8,0.0925000000000001,0.454545454545455,36.5,0.545454545454545,0.2
"56","CHY","Oenothera_suffrutescens",0.624161073825503,0.624161073825503,0.425287356321839,0.567567567567568,0.310344827586207,0.00575575848326969,0.00575575848326969,0.0108599303472457,0.0239827010795629,0.0366960661741894,0.9,0.14,0.571428571428571,45,0.428571428571429,0.1
"57","CHY","Orobanche_sp.",-0.473684210526316,-0.473684210526316,0.555555555555556,0.555555555555556,NA,0.0391872241541556,0.0391872241541556,0.090708074743478,0.0895818984061937,NA,0.5,0.04,0.311688311688312,25,0.688311688311688,0.5
"58","CHY","Oxytropis_lambertii",1,1,NA,NA,NA,0,0,NA,NA,NA,0,0,0,4,1,1
"59","CHY","Paronychia_sp.",1,1,1,1,NA,0,0,0,0,NA,0,0,0,4,1,1
"60","CHY","Pascopyrum_smithii",-0.0436452067067708,-0.0436452067067708,0.211973121563836,0.264608599779493,0.324205378973105,0.00101750939558008,0.00101750939558008,0.0012891475751904,0.0029108687335739,0.00343050534243773,1,16.1675,0.974025974025974,76,0.025974025974026,0
"61","CHY","Penstemon_albidus",-0.239766081871345,-0.239766081871345,-0.36,-0.200000000000001,-0.473684210526316,0.00763538104926847,0.00763538104926847,0.0107138186934673,0.0312528832630099,0.0390855724409416,0.9,0.474999999999999,0.766233766233766,60,0.233766233766234,0.1
"62","CHY","Phlox_hoodii",0.776315789473684,0.776315789473684,0.635514018691589,0.666666666666667,0.621621621621622,0.0111805912240634,0.0111805912240634,0.0236556395718844,0.0580368105985948,0.0512818761378645,1,0.145,0.61038961038961,48,0.38961038961039,0
"63","CHY","Picradeniopsis_oppositifolia",NA,NA,NA,NA,NA,NA,NA,NA,NA,NA,0,0,0,4,1,1
"64","CHY","Plantago_patagonica",0.0703703703703693,0.0703703703703693,-0.199999999999999,-0.219298245614035,-0.0625,0.0264803034686078,0.0264803034686078,0.0172853855074187,0.0192497214350732,0.0269805328755439,0.9,1.0225,0.857142857142857,67,0.142857142857143,0.1
"65","CHY","Poa_pratensis",1,1,0.6,0.6,NA,0,0,0.12761407035176,0.127027848101266,NA,0.1,0.00500000000000002,0.168831168831169,14,0.831168831168831,0.9
"66","CHY","Polygala_verticillata",2.08166817117216e-16,2.08166817117216e-16,NA,NA,NA,0.499999999999998,0.499999999999998,NA,NA,NA,0.1,0.0025,0.0909090909090909,8,0.909090909090909,0.9
"67","CHY","Potentilla_pensylvanica",-0.0810810810810817,-0.0810810810810817,-0.222222222222223,5.55111512312578e-16,-0.6,0.0470155536163287,0.0470155536163287,0.0529344464877183,0.100474683544304,0.031432911392405,1,0.135,0.558441558441558,44,0.441558441558442,0
"68","CHY","Ratibida_columnifera",NA,NA,1,1,NA,NA,NA,0,0,NA,0,0,0,4,1,1
"69","CHY","Silene_sp.",NA,NA,-1,-1,NA,NA,NA,0,0,NA,0.1,0.00250000000000001,0.103896103896104,9,0.896103896103896,0.9
"70","CHY","Sisymbrium_altissimum",0.4,0.4,0.5,1,0.333333333333333,0.0400452830188678,0.0400452830188678,0.187028894472362,0,0.295046100953274,0.3,0.0175,0.207792207792208,17,0.792207792207792,0.7
"71","CHY","Sphaeralcea_coccinea",-0.0642201834862385,-0.0642201834862385,-0.00436681222707492,0.0109890109890109,-0.0045248868778282,0.00318731043191701,0.00318731043191701,0.00281948650088329,0.00642741151060788,0.00688989985524443,1,1.1,0.87012987012987,68,0.12987012987013,0
"72","CHY","Sporobolus_sp.",NA,NA,-1,-1,-1,NA,NA,0,0,0,0.2,0.0275000000000001,0.25974025974026,21,0.74025974025974,0.8
"73","CHY","Taraxacum_officinale",-0.36842105263158,-0.36842105263158,0.245901639344262,0.131578947368421,0.327102803738318,0.0242597873591184,0.0242597873591184,0.00970556845750831,0.0224432405659676,0.0146544977774153,0.8,0.2375,0.701298701298701,55,0.298701298701299,0.2
"74","CHY","Tetraneuris_acaulis",0.25,0.25,0.230769230769232,0.2,0.228571428571429,0.0738870872641508,0.0738870872641508,0.0335622222937725,0.188597468354431,0.0373187922753705,0.8,0.0925000000000001,0.454545454545455,36.5,0.545454545454545,0.2
"75","CHY","Townsendia_grandiflora",-1,-1,-1,-1,-1,0,0,0,0,0,0.8,0.0574999999999999,0.363636363636364,29,0.636363636363636,0.2
"76","CHY","Tradescantia_occidentalis",0.333333333333333,0.333333333333333,-1,-1,NA,0.29567513005668,0.29567513005668,0,0,NA,0.2,0.0175,0.194805194805195,16,0.805194805194805,0.8
"77","CHY","Tragopogon_dubius",-0.00371747211895883,-0.00371747211895883,-0.187878787878788,-0.2,-0.163636363636363,0.00584862621292987,0.00584862621292987,0.0108293369512241,0.0123781985563344,0.0410682219776438,0.8,0.5825,0.805194805194805,63,0.194805194805195,0.2
"78","CHY","Vulpia_octoflora",0.639111434814275,0.639111434814275,0.827225130890052,0.824561403508772,0.85,0.00341047484151829,0.00341047484151829,0.0016554180301892,0.00169963247271152,0.00419299841772151,0.8,2.65749999999999,0.909090909090909,71,0.0909090909090909,0.2
"79","HYS","Achillea_millefolium",0.423076923076923,0.423076923076923,0.516483516483517,0.499999999999999,0.875,0.0306453689323019,0.0306453689323019,0.0334244366130363,0.18631329113924,0.00470511520965188,0.9,0.1725,0.663551401869159,72,0.336448598130841,0.1
"80","HYS","Allium_textile",-1,-1,-1,-1,NA,0,0,0,0,NA,0.2,0.0075,0.280373831775701,31,0.719626168224299,0.8
"81","HYS","Ambrosia_psilostachya",-0.0808720112517581,-0.0808720112517581,0.273144167383204,0.304025423728814,0.232720355104629,0.00457502035686266,0.00457502035686266,0.00697793506473575,0.00886780623902086,0.018732018762131,1,7.09499999999999,0.94392523364486,102,0.0560747663551402,0
"82","HYS","Andropogon_gerardii",-0.875,-0.875,0.8125,NA,0.8125,0.0173931001867138,0.0173931001867138,0.0415986410936516,NA,0.0414759961864615,0.3,0.0450000000000001,0.532710280373832,58,0.467289719626168,0.7
"83","HYS","Andropogon_ternarius",0.0721003134796232,0.0721003134796232,0.381625441696113,0.287948482060718,0.458407079646018,0.0164092205469462,0.0164092205469462,0.00697062040932498,0.0192798374470824,0.00837504008756593,1,2.58,0.88785046728972,96,0.11214953271028,0
"84","HYS","Androsace_occidentalis",1,1,0.393939393939392,1,-1,0,0,0.166940200441037,0,0,0.1,0.0249999999999999,0.401869158878505,44,0.598130841121495,0.9
"85","HYS","Aristida_purpurea",0.333103922918101,0.333103922918101,0.417984636240398,0.472952086553323,0.311764705882353,0.00385862200635912,0.00385862200635912,0.00509585602540486,0.00985859470055563,0.0120471260165146,1,4.4,0.925233644859813,100,0.0747663551401869,0
"86","HYS","Artemesia_ludoviciana",-0.99609375,-0.99609375,-0.903494176372712,-0.93127147766323,-0.86986301369863,1.59354556832167e-05,1.59354556832167e-05,0.00163517412314017,0.0028146891846046,0.00441627670216472,1,2.965,0.897196261682243,97,0.102803738317757,0
"87","HYS","Asclepias_asperula",-0.448275862068965,-0.448275862068965,-0.8,-0.666666666666667,NA,0.20414406738734,0.20414406738734,0.0455035175879399,0.129317080793874,NA,0.7,0.0949999999999998,0.607476635514019,66,0.392523364485981,0.3
"88","HYS","Asclepias_sp.",1,1,1,NA,NA,0,0,0,NA,NA,0.1,0.00750000000000001,0.289719626168224,32.5,0.710280373831776,0.9
"89","HYS","Asclepias_stenophylla",1,1,1,NA,1,0,0,0,NA,0,0,0,0,10.5,1,1
"90","HYS","Asclepias_tuberosa",NA,NA,1,1,NA,NA,NA,0,0,NA,0,0,0,10.5,1,1
"91","HYS","Asclepias_viridis",0.363636363636364,0.363636363636364,0.428571428571429,NA,0.2,0.157122090588203,0.157122090588203,0.155714013633347,NA,0.3441417721519,0.5,0.035,0.448598130841121,49,0.551401869158878,0.5
"92","HYS","Aster_ericoides",-0.63,-0.63,0.0769230769230773,0.0476190476190474,0.142857142857143,0.0188509433647799,0.0188509433647799,0.0330752885607265,0.0438427521376434,0.135639685995814,1,0.525000000000001,0.794392523364486,86,0.205607476635514,0
"93","HYS","Aster_oblongifolius",-0.924369747899159,-0.924369747899159,-0.800664451827243,-0.844559585492228,-0.725490196078431,0.00229791514405318,0.00229791514405318,0.00750067355843906,0.0100348415758883,0.0233246655395622,1,1.2675,0.85981308411215,93,0.14018691588785,0
"94","HYS","Astragalus_sp",0.416666666666667,0.416666666666667,-0.5,-0.333333333333333,-1,0.0680490951840206,0.0680490951840206,0.106766471245115,0.172804778524423,0,0.7,0.0424999999999999,0.514018691588785,56,0.485981308411215,0.3
"95","HYS","Astragulus_crassicarpus",-0.64406779661017,-0.64406779661017,-0.6,-0.777777777777778,NA,0.0241489135937754,0.0241489135937754,0.0447106644332773,0.0459331029732655,NA,0.8,0.294999999999999,0.766355140186916,83,0.233644859813084,0.2
"96","HYS","Bouteloua_curtipendula",-0.192221868026777,-0.192221868026777,0.122406015037594,0.0869384359400999,0.195926025194318,0.00176674909338875,0.00176674909338875,0.00173283838023513,0.00358641154258682,0.00522081867933372,1,28.8375,1,108,0,0
"97","HYS","Bouteloua_dactyloides",0.0634441087613291,0.0634441087613291,0.372859025032938,0.56440281030445,0.37037037037037,0.0441806689431619,0.0441806689431619,0.0271547448988115,0.0523875637985415,0.0532643458884792,1,1.675,0.869158878504673,94,0.130841121495327,0
"98","HYS","Bouteloua_gracilis",0.0829074389551392,0.0829074389551392,0.323223813535524,0.473684210526316,0.298555377207063,0.0107618092082953,0.0107618092082953,0.0086847962763197,0.0159604817966224,0.0197677932612522,1,8.7475,0.953271028037383,103,0.0467289719626168,0
"99","HYS","Bouteloua_hirsuta",0.492795389048991,0.492795389048991,0.348754448398576,0.353951890034364,0.347280334728033,0.0478143178898127,0.0478143178898127,0.0448665642596558,0.0938472882932309,0.104206685073055,1,0.86,0.831775700934579,90,0.168224299065421,0
"100","HYS","Bromus_japonicus",0.750297265160523,0.750297265160523,0.36826119969628,0.785714285714286,0.05,0.00227514295921076,0.00227514295921076,0.00913549830885711,0.00459575783297046,0.0205001582278481,1,4.34250000000002,0.91588785046729,99,0.0841121495327103,0
"101","HYS","Bromus_tectorum",0.333333333333333,0.333333333333333,NA,NA,NA,0.29567513005668,0.29567513005668,NA,NA,NA,0.1,0.00250000000000001,0.186915887850467,21,0.813084112149533,0.9
"102","HYS","Calylophus_serrulatus",1,1,0.933333333333333,1,0.9,0,0,0.00259365965630621,0,0.00663227848101268,0.2,0.00999999999999999,0.308411214953271,34,0.691588785046729,0.8
"103","HYS","Carex_brevior",0.888888888888889,0.888888888888889,0.810810810810811,0.75,0.833333333333333,0.0119780597949193,0.0119780597949193,0.0102679634155842,0.0348842958860759,0.0171201880502161,0.5,0.0225,0.383177570093458,42.5,0.616822429906542,0.5
"104","HYS","Carex_gravida",NA,NA,1,1,1,NA,NA,0,0,0,0,0,0,10.5,1,1
"105","HYS","Carex_heliophyla",NA,NA,-0.200000000000001,-1,0,NA,NA,0.357885427135678,0,0.499999999999999,0.2,0.00749999999999999,0.261682242990654,29,0.738317757009346,0.8
"106","HYS","Castilleja_purpurea",1,1,1,NA,NA,0,0,0,NA,NA,0,0,0,10.5,1,1
"107","HYS","Chaetopappa_ericoides",-0.333333333333333,-0.333333333333333,-1,NA,NA,0.29567513005668,0.29567513005668,0,NA,NA,0.4,0.0375000000000002,0.457943925233645,50,0.542056074766355,0.6
"108","HYS","Chenopodium_sp.",1,1,NA,NA,NA,0,0,NA,NA,NA,0,0,0,10.5,1,1
"109","HYS","Chloris_sp.",NA,NA,0.866666666666667,0.846153846153846,1,NA,NA,0.0214437123891061,0.030123400104329,0,0.1,0.00250000000000001,0.196261682242991,22,0.803738317757009,0.9
"110","HYS","Cirsium_undulatum",-0.578125,-0.578125,-0.0378006872852235,-0.0344827586206897,0.0449438202247191,0.0234653872888793,0.0234653872888793,0.0362131085931917,0.094418356245039,0.0731567400733374,1,0.7525,0.822429906542056,89,0.177570093457944,0
"111","HYS","Convolvulus_arvensis",NA,NA,-1,NA,NA,NA,NA,0,NA,NA,0.2,0.00500000000000003,0.233644859813084,26,0.766355140186916,0.8
"112","HYS","Conyza_canadensis",0.741496598639457,0.741496598639457,0.672932330827068,0.737827715355805,0.638461538461539,0.00660380110128411,0.00660380110128411,0.00438319165053126,0.00455829091427789,0.011600814401687,0.7,0.265,0.700934579439252,76,0.299065420560748,0.3
"113","HYS","Croton_sp.",0.666666666666666,0.666666666666666,0.5,NA,1,0.092204363692833,0.092204363692833,0.218435929648243,NA,0,0.2,0.00500000000000001,0.224299065420561,25,0.775700934579439,0.8
"114","HYS","Cyperus_acuminatus",-4.85722573273505e-16,-4.85722573273505e-16,0.538461538461539,0.25,1,0.499999999999997,0.499999999999997,0.104580885591081,0.269358188291139,0,0.3,0.01,0.317757009345794,35,0.682242990654206,0.7
"115","HYS","Dalea_candida",0,0,NA,NA,NA,0.500000000000005,0.500000000000005,NA,NA,NA,0.2,0.01,0.327102803738318,36,0.672897196261682,0.8
"116","HYS","Dalea_purpurea",0.499999999999999,0.499999999999999,0.379310344827587,0.36,0.393939393939394,0.0670204402515724,0.0670204402515724,0.0591237222930286,0.107653249620253,0.119530663552322,0.6,0.0550000000000002,0.551401869158878,60,0.448598130841122,0.4
"117","HYS","Descurainia_pinnata",NA,NA,0.789473684210526,NA,0.789473684210526,NA,NA,0.0220388164840287,NA,0.021667238607221,0.1,0.00500000000000005,0.242990654205607,27,0.757009345794392,0.9
"118","HYS","Dicanthelium_oligosanthes",-0.96,-0.96,-0.981481481481482,-0.986577181208054,-0.976744186046512,0.00206731270440247,0.00206731270440247,0.000168092717102047,0.000244150195341312,0.000430447377326398,0.9,0.924999999999997,0.850467289719626,92,0.149532710280374,0.1
"119","HYS","Draba_reptans",0.932432432432432,0.932432432432432,0.714285714285715,0.666666666666666,1,0.00179182641571718,0.00179182641571718,0.0730683823113905,0.0980621972183153,0,0.5,0.0424999999999998,0.504672897196262,55,0.495327102803738,0.5
"120","HYS","Echinocereus_Escobaria",1,1,1,1,1,0,0,0,0,0,0,0,0,10.5,1,1
"121","HYS","Erigeron_strigosus",-0.4,-0.4,-0.793103448275862,-0.846153846153846,-0.25,0.015194856743536,0.015194856743536,0.00645337658172549,0.00544603843694089,0.148709454113924,0.9,0.459999999999999,0.785046728971963,85,0.214953271028037,0.1
"122","HYS","Eriogonum_sp",-1,-1,-0.764705882352941,-1,-0.733333333333333,0,0,0.0515502405166481,0,0.0658582903578683,0.5,0.0424999999999997,0.485981308411215,53,0.514018691588785,0.5
"123","HYS","Eryisimum_asperum",0.591836734693877,0.591836734693877,0.156862745098039,0.36842105263158,0.129032258064517,0.0136229917525319,0.0136229917525319,0.0182328391437357,0.0525254146067174,0.0330935913555604,0.9,0.29,0.757009345794392,82,0.242990654205608,0.1
"124","HYS","Erysimum_capitatum",NA,NA,NA,NA,NA,NA,NA,NA,NA,NA,0,0,0,10.5,1,1
"125","HYS","Euphorbia_marginata",0.333333333333333,0.333333333333333,1,NA,1,0.0969019333799212,0.0969019333799212,0,NA,0,0.1,0.0075,0.271028037383178,30,0.728971962616823,0.9
"126","HYS","Euphorbia_sp.",0.673469387755102,0.673469387755102,0.947686116700201,0.964989059080963,0.794871794871795,0.0138816510708423,0.0138816510708423,0.000382865987859765,0.000251687736880551,0.00903821065184182,0.6,0.06,0.570093457943925,62,0.429906542056075,0.4
"127","HYS","Euphorbiadavidii",0.230769230769231,0.230769230769231,-1,NA,-1,0.112745554643168,0.112745554643168,0,NA,0,0.3,0.0250000000000001,0.411214953271028,45,0.588785046728972,0.7
"128","HYS","Gutierrezia_sarothrae",-0.0799396681749627,-0.0799396681749627,0.246753246753247,0.248695652173913,0.443298969072165,0.0122797930183322,0.0122797930183322,0.011908277889942,0.0173054445424058,0.0464826598523511,1,1.7925,0.878504672897196,95,0.121495327102804,0
"129","HYS","Happlopappus_filiosus",NA,NA,1,1,NA,NA,NA,0,0,NA,0,0,0,10.5,1,1
"130","HYS","Hedeoma_hispida",0.482352941176471,0.482352941176471,0.184466019417476,0.5,0.0399999999999998,0.00479921384589076,0.00479921384589076,0.0123302914512872,0.0169743319268636,0.0411425053164558,1,0.2725,0.710280373831776,77,0.289719626168224,0
"131","HYS","Helianthus_annuus",0.870967741935484,0.870967741935484,0.811320754716981,0.918367346938776,-0.5,0.0107260264702416,0.0107260264702416,0.0156168072140362,0.00464387894303434,0.217958860759494,0.4,0.0225,0.383177570093458,42.5,0.616822429906542,0.6
"132","HYS","Hordeum_pusilum",0.75609756097561,0.75609756097561,1,1,1,0.0271372102737109,0.0271372102737109,0,0,0,0.3,0.02,0.373831775700935,41,0.626168224299065,0.7
"133","HYS","Ipomopsis_laxiflora",1,1,NA,NA,NA,0,0,NA,NA,NA,0,0,0,10.5,1,1
"134","HYS","Koeleria_macrantha",1,1,0.399999999999999,-1,0.5,0,0,0.165463316582915,0,0.21004746835443,0.2,0.00749999999999998,0.252336448598131,28,0.747663551401869,0.8
"135","HYS","Kuhnia_eupatoroides",0.95049504950495,0.95049504950495,0.907756813417191,0.947136563876652,0.91,0.000572701222513305,0.000572701222513305,0.00089027169623104,0.000631794993570793,0.00198424297468354,0.9,0.0775,0.598130841121495,65,0.401869158878505,0.1
"136","HYS","Lactuca_serriola",0.929824561403509,0.929824561403509,-0.125000000000001,1,-0.285714285714286,0.00416652923701427,0.00416652923701427,0.0593979418577261,0,0.061090052140722,0.4,0.0275000000000001,0.439252336448598,48,0.560747663551402,0.6
"137","HYS","Lappula_redowskii",1,1,NA,NA,NA,0,0,NA,NA,NA,0,0,0,10.5,1,1
"138","HYS","Lepidium_densiflorum",0.650793650793651,0.650793650793651,0.222222222222222,0.307692307692307,0.333333333333333,0.0346712208541052,0.0346712208541052,0.0424776680230904,0.0626753131981781,0.145022659790592,0.8,0.105,0.616822429906542,67,0.383177570093458,0.2
"139","HYS","Liatris_punctata",0.333333333333334,0.333333333333334,-0.0322580645161292,0.304347826086957,-0.125,0.0118390019196525,0.0118390019196525,0.0226598599325253,0.0365922077179541,0.0682836605023734,1,0.372499999999999,0.775700934579439,84,0.224299065420561,0
"140","HYS","Linum_rigidum",0.298245614035088,0.298245614035088,-0.428571428571429,-0.2,-1,0.0166531522518707,0.0166531522518707,0.115529752050548,0.18859746835443,0,0.5,0.0625,0.579439252336449,63,0.420560747663551,0.5
"141","HYS","Lithospermum_incisum",1,1,1,1,1,0,0,0,0,0,0.1,0.00250000000000002,0.205607476635514,23,0.794392523364486,0.9
"142","HYS","Machaeranthera_pinnatifida",-0.0999999999999994,-0.0999999999999994,-0.225,-0.416666666666667,-0.23076923076923,0.0619871069182389,0.0619871069182389,0.0377628759029523,0.0872447721323644,0.106297026262687,1,0.21,0.682242990654206,74,0.317757009345794,0
"143","HYS","Medicago_lupulina",0.193181818181818,0.193181818181818,0.473684210526315,0.473684210526316,NA,0.00682414068227016,0.00682414068227016,0.0531505526034113,0.0512697031740224,NA,0.7,0.285,0.738317757009346,80.5,0.261682242990654,0.3
"144","HYS","Melilotus_sp.",0.0769230769230769,0.0769230769230769,-0.27461139896373,1.53134210293125e-16,-0.421875,0.0686487325385995,0.0686487325385995,0.0206476726063953,0.092408073571246,0.0211836533455909,1,0.61,0.813084112149533,88,0.186915887850467,0
"145","HYS","Mirabilis_linearis",-1,-1,0.466666666666668,1,0.575757575757575,0,0,0.0298381675179739,0,0.023041302546259,0.5,0.04,0.476635514018692,52,0.523364485981308,0.5
"146","HYS","Oenothera_sp",-0.499999999999999,-0.499999999999999,-0.303030303030304,-0.6,-0.173913043478261,0.186910377358491,0.186910377358491,0.108159006956148,0.0970531645569621,0.181763952848632,0.6,0.115000000000001,0.635514018691589,69,0.364485981308411,0.4
"147","HYS","Opuntia_polycantha",-0.333333333333334,-0.333333333333334,-0.137931034482759,0,0.0833333333333336,0.0437224217838793,0.0437224217838793,0.0348790423036926,0.134317862165964,0.0551206121073606,1,0.28,0.728971962616822,79,0.271028037383178,0
"148","HYS","Oxalis_stricta",0.0731707317073165,0.0731707317073165,0.0417827298050131,-0.190476190476191,0.186440677966102,0.013132652000313,0.013132652000313,0.0235462990252245,0.0430439692166083,0.0197715273298547,1,0.567500000000001,0.803738317757009,87,0.196261682242991,0
"149","HYS","Pascopyrum_smithii",0.303776683087028,0.303776683087028,0.00852985449071749,0.0355263157894736,-0.0194902548725637,0.00340531085688356,0.00340531085688356,0.00367550158050314,0.00966915691239418,0.0182421893929849,1,16.32,0.97196261682243,105,0.0280373831775701,0
"150","HYS","Plantago_patagonica",0.75,0.75,-0.499999999999999,1,NA,0.0544295400943395,0.0544295400943395,0.0614007537688437,0,NA,0.3,0.0424999999999997,0.495327102803738,54,0.504672897196262,0.7
"151","HYS","Plantago_rhodosperma",1,1,NA,NA,NA,0,0,NA,NA,NA,0,0,0,10.5,1,1
"152","HYS","Poa_pratensis",-0.319271332694152,-0.319271332694152,-0.182025894897183,-0.251789976133652,-0.0266343825665862,0.0131896300022598,0.0131896300022598,0.0141328442580803,0.0246416274391853,0.032062424566457,1,5.83,0.934579439252336,101,0.0654205607476636,0
"153","HYS","Polygala_verticillata",-0.529411764705882,-0.529411764705882,-0.499999999999999,-1,1.85037170770859e-16,0.0409739907238332,0.0409739907238332,0.0648904243439416,0,0.162447257383966,0.6,0.065,0.588785046728972,64,0.411214953271028,0.4
"154","HYS","Polygonum_sp.",NA,NA,-1,NA,NA,NA,NA,0,NA,NA,0.1,0.00250000000000002,0.214953271028037,24,0.785046728971963,0.9
"155","HYS","Psoralea_cuspidata",0.6,0.6,0.777777777777778,0.666666666666667,1,0.127516981132075,0.127516981132075,0.0559787199984072,0.154320987654321,0,0.3,0.00750000000000001,0.289719626168224,32.5,0.710280373831776,0.7
"156","HYS","Psoralea_esculenta",-0.818181818181818,-0.818181818181818,-0.666666666666667,-0.666666666666666,NA,0.0331970313400079,0.0331970313400079,0.104690117252931,0.104313173933427,NA,0.7,0.045,0.523364485981308,57,0.476635514018692,0.3
"157","HYS","Psoralea_tenuiflora",-0.259194395796847,-0.259194395796847,-0.227170490328385,-0.332480818414322,-0.202357563850688,0.00662389006155498,0.00662389006155498,0.0026334562914534,0.00941765186029086,0.00480985953315486,1,13.4075,0.962616822429907,104,0.0373831775700935,0
"158","HYS","Ratibida_columnifera",-0.0833333333333332,-0.0833333333333332,-0.266666666666667,-0.2,-0.333333333333333,0.0245588311020955,0.0245588311020955,0.051731199205906,0.0892219409282699,0.157524613220816,0.9,0.2775,0.719626168224299,78,0.280373831775701,0.1
"159","HYS","Ruellia_humilis",1,1,NA,NA,NA,0,0,NA,NA,NA,0,0,0,10.5,1,1
"160","HYS","Salsola_tragus",1,1,NA,NA,NA,0,0,NA,NA,NA,0,0,0,10.5,1,1
"161","HYS","Salvia_azurea",0,0,NA,NA,NA,0.499999999999996,0.499999999999996,NA,NA,NA,0.2,0.0100000000000001,0.336448598130841,37,0.663551401869159,0.8
"162","HYS","Schedonnardus_paniculatus",2.08166817117216e-16,2.08166817117216e-16,-1,NA,NA,0.374213836477985,0.374213836477985,0,NA,NA,0.3,0.0475000000000002,0.542056074766355,59,0.457943925233645,0.7
"163","HYS","Schizachyrium_scoparium",-0.39074618882054,-0.39074618882054,-0.184883951596905,-0.263747454175153,-0.144416027280478,0.00671123782262459,0.00671123782262459,0.00388684134476691,0.0100254909073409,0.0053522733371587,1,21.965,0.981308411214953,106,0.0186915887850467,0
"164","HYS","Schrankia_nutallii",-0.966942148760331,-0.966942148760331,-0.952561669829222,-0.979757085020243,-0.93014705882353,0.000276204291098599,0.000276204291098599,0.000675153801045553,0.000324659098183804,0.00232484339855063,1,3.96750000000001,0.906542056074766,98,0.0934579439252337,0
"165","HYS","Senecio_plattensis",0.178082191780822,0.178082191780822,0.0429447852760735,-0.0447761194029852,0.120879120879121,0.0163228463969358,0.0163228463969358,0.0202954743947832,0.0366550829930617,0.045708058870502,1,0.285,0.738317757009346,80.5,0.261682242990654,0
"166","HYS","Silene_antirrhina",0.205882352941177,0.205882352941177,0.255813953488373,0.714285714285714,0.142857142857143,0.0330549729367953,0.0330549729367953,0.0254698714872707,0.0300634229408632,0.0799666805497709,0.8,0.2,0.672897196261682,73,0.327102803738318,0.2
"167","HYS","Solanum_rostratum",NA,NA,1,1,NA,NA,NA,0,0,NA,0,0,0,10.5,1,1
"168","HYS","Solidago_canadensis",-0.375,-0.375,1,1,NA,0.0640101402810534,0.0640101402810534,0,0,NA,0.1,0.0275000000000001,0.429906542056075,47,0.570093457943925,0.9
"169","HYS","Solidago_missouriensis",1,1,1,1,1,0,0,0,0,0,0,0,0,10.5,1,1
"170","HYS","Sorghastrum_nutans",-0.986666666666667,-0.986666666666667,-1,-1,-1,0.000223265930584689,0.000223265930584689,0,0,0,0.9,0.869999999999999,0.841121495327103,91,0.158878504672897,0.1
"171","HYS","Sphaeralcea_coccinea",0.956521739130435,0.956521739130435,0.818181818181818,0.75,0.964285714285714,0.00194781542501707,0.00194781542501707,0.0053885986177043,0.0192263317510549,0.00132805580414801,0.6,0.0275,0.420560747663551,46,0.579439252336449,0.4
"172","HYS","Sporobolus_asper",-0.399290647750607,-0.399290647750607,-0.272420104181332,-0.426188490408674,-0.138663335415365,0.0032216876057303,0.0032216876057303,0.00329743775570252,0.00618952406419239,0.00820788761997522,1,23.3075,0.990654205607477,107,0.00934579439252337,0
"173","HYS","Sporobolus_cryptandrus",0.181818181818182,0.181818181818182,-0.142857142857143,1,-0.4,0.0976818781065837,0.0976818781065837,0.0875849468081762,0,0.142167088607594,0.8,0.1125,0.626168224299065,68,0.373831775700935,0.2
"174","HYS","Sporobolus_heterolepis",1,1,NA,NA,NA,0,0,NA,NA,NA,0,0,0,10.5,1,1
"175","HYS","Stenaria_nigricans",1,1,NA,NA,NA,0,0,NA,NA,NA,0,0,0,10.5,1,1
"176","HYS","Teucrium_canadense",1,1,NA,NA,NA,0,0,NA,NA,NA,0,0,0,10.5,1,1
"177","HYS","Thelesperma_megapotamicum",0.263157894736843,0.263157894736843,0.353846153846154,0.333333333333334,0.542857142857143,0.0829617772652336,0.0829617772652336,0.041402261332924,0.0856383809970307,0.0538660958777725,1,0.1225,0.654205607476635,71,0.345794392523365,0
"178","HYS","Tradescantia_bracteata",1,1,NA,NA,NA,0,0,NA,NA,NA,0,0,0,10.5,1,1
"179","HYS","Tragia_racemosa",0.701492537313433,0.701492537313433,0.811023622047244,0.844155844155844,0.772727272727272,0.0138075686916566,0.0138075686916566,0.00587890962616775,0.00770407518615745,0.0206021228317565,0.9,0.0574999999999999,0.560747663551402,61,0.439252336448598,0.1
"180","HYS","Tragopogon_dubius",0.150000000000001,0.150000000000001,-0.073170731707317,-0.125,-0.166666666666667,0.069429225628931,0.069429225628931,0.0538288899483882,0.144678043413766,0.144041061103297,0.9,0.254999999999999,0.691588785046729,75,0.308411214953271,0.1
"181","HYS","Triodanis_sp.",0.818181818181818,0.818181818181818,0.666666666666667,0.6,1,0.0298979474801313,0.0298979474801313,0.098486258452758,0.139989873417721,0,0.3,0.0125,0.355140186915888,39,0.644859813084112,0.7
"182","HYS","UNKFHYS1",NA,NA,1,NA,NA,NA,NA,0,NA,NA,0,0,0,10.5,1,1
"183","HYS","UNKFHYS2",NA,NA,-1,NA,NA,NA,NA,0,NA,NA,0.1,0.0124999999999999,0.345794392523364,38,0.654205607476636,0.9
"184","HYS","Vicia_americana",-0.749999999999999,-0.749999999999999,-0.636363636363637,-1,-0.555555555555556,0.0563949488993707,0.0563949488993707,0.071049874054378,0,0.109338071728029,0.7,0.04,0.467289719626168,51,0.532710280373832,0.3
"185","HYS","Viola_rafinesquii",-1,-1,0.583333333333332,0.714285714285714,0.529411764705882,0,0,0.0295622353666481,0.0727123192340745,0.0458018668540724,0.3,0.0149999999999999,0.364485981308411,40,0.635514018691589,0.7
"186","HYS","Vulpia_octoflora",0.733333333333333,0.733333333333333,0.674418604651163,0.933333333333333,0.333333333333334,0.0347892848823665,0.0347892848823665,0.021329244437174,0.00503566182215979,0.170026566651039,0.5,0.12,0.644859813084112,70,0.355140186915888,0.5
"187","KNZ","Achillea_millefolium",1,1,1,1,1,0,0,0,0,0,0,0,0,8,1,1
"188","KNZ","Amaranthus_sp. ",NA,NA,1,1,NA,NA,NA,0,0,NA,0,0,0,8,1,1
"189","KNZ","Ambrosia_artemisiifolia",0,0,-1,NA,-1,0.499999999999998,0.499999999999998,0,NA,0,0.222222222222222,0.00555555555555557,0.311688311688312,25,0.688311688311688,0.777777777777778
"190","KNZ","Ambrosia_psilostachya",0.05006105006105,0.05006105006105,0.0203375162267414,0.161825726141079,-0.016949152542373,0.00538670523169583,0.00538670523169583,0.00393082288482959,0.00900876694044652,0.00394178472557379,1,9.025,0.935064935064935,73,0.064935064935065,0
"191","KNZ","Amorpha_canescens",-0.321947053800171,-0.321947053800171,-0.373315363881402,-0.417754569190601,-0.325905292479108,0.0188070501282994,0.0188070501282994,0.0151589170136623,0.0286057333456699,0.0319951208783139,1,5.53333333333333,0.922077922077922,72,0.077922077922078,0
"192","KNZ","Andropogon_gerardii",0.173430951244098,0.173430951244098,0.12121491026231,0.0935082737687262,0.145784492489364,0.000723954063164552,0.000723954063164552,0.000556642045398343,0.00146349173628631,0.000802904386260749,1,53.8138888888889,1,78,0,0
"193","KNZ","Antennaria_neglecta",-1,-1,-1,-1,-1,0,0,0,0,0,0.888888888888889,0.0444444444444445,0.506493506493506,40,0.493506493506494,0.111111111111111
"194","KNZ","Artemesia_ludoviciana",0.864406779661017,0.864406779661017,0.692307692307692,0.90625,0.433962264150943,0.00353503341451553,0.00353503341451553,0.0112396704585977,0.00377722027935558,0.03243979291253,1,0.088888888888889,0.61038961038961,48,0.38961038961039,0
"195","KNZ","Asclepias_stenophylla",0.379310344827586,0.379310344827586,0.0999999999999994,0.0769230769230769,0.142857142857143,0.0640525401560175,0.0640525401560175,0.0660625786163521,0.102028126342064,0.187095039514127,0.777777777777778,0.0749999999999999,0.584415584415584,46,0.415584415584416,0.222222222222222
"196","KNZ","Asclepias_sullivantii",-4.16333634234433e-16,-4.16333634234433e-16,-1,-1,-1,0.499999999999997,0.499999999999997,0,0,0,0.555555555555556,0.025,0.454545454545455,36,0.545454545454545,0.444444444444444
"197","KNZ","Asclepias_syriaca",NA,NA,-1,-1,NA,NA,NA,0,0,NA,0.111111111111111,0.00277777777777778,0.194805194805195,18,0.805194805194805,0.888888888888889
"198","KNZ","Asclepias_tuberosa",-1,-1,-0.809523809523809,-0.692307692307692,-1,0,0,0.0176327389534326,0.0445185277436392,0,0.666666666666667,0.0972222222222223,0.623376623376623,49,0.376623376623377,0.333333333333333
"199","KNZ","Asclepias_verticillata",0.173553719008264,0.173553719008264,0.342105263157895,0.318087318087318,0.383512544802867,0.00551865855791502,0.00551865855791502,0.00748526744966794,0.014907754727365,0.0107040740063472,1,1.17222222222222,0.844155844155844,66,0.155844155844156,0
"200","KNZ","Asclepias_viridiflora",0.333333333333333,0.333333333333333,NA,NA,NA,0.295675130056681,0.295675130056681,NA,NA,NA,0.111111111111111,0.00277777777777779,0.25974025974026,21.5,0.74025974025974,0.888888888888889
"201","KNZ","Asclepias_viridis",-0.9,-0.9,0.11111111111111,-1,0.250000000000001,0.0162889937106917,0.0162889937106917,0.196932704114939,0,0.215956289556962,0.555555555555556,0.063888888888889,0.532467532467532,42,0.467532467532468,0.444444444444444
"202","KNZ","Aster_ericoides",-0.0105263157894734,-0.0105263157894734,0.208275862068966,0.209964412811388,0.207207207207207,0.0237892528072555,0.0237892528072555,0.0166165050864647,0.0450311735873616,0.0261389493584953,1,0.969444444444444,0.818181818181818,64,0.181818181818182,0
"203","KNZ","Aster_oblongifolius",1,1,0.964125560538116,0.826086956521739,1,0,0,0.000654575722699192,0.017389983525455,0,0.222222222222222,0.0138888888888889,0.415584415584416,33,0.584415584415584,0.777777777777778
"204","KNZ","Baptisia_bracteata",0.48051948051948,0.48051948051948,0.61849710982659,0.628571428571429,0.611650485436893,0.0519101891153402,0.0519101891153402,0.0330436479341725,0.0643439874735737,0.0638458964948855,1,0.152777777777778,0.662337662337662,52,0.337662337662338,0
"205","KNZ","Bouteloua_curtipendula",-0.131313131313131,-0.131313131313131,0.293051359516616,0.265536723163842,0.324675324675324,0.0250059249133392,0.0250059249133392,0.0348882101626041,0.0682347824318384,0.0687789936810908,1,1.11388888888889,0.831168831168831,65,0.168831168831169,0
"206","KNZ","Bouteloua_dactyloides",1,1,NA,NA,NA,0,0,NA,NA,NA,0,0,0,8,1,1
"207","KNZ","Bouteloua_gracilis",-1,-1,-0.599999999999999,-0.428571428571428,-1,0,0,0.120271698113207,0.208352005229888,0,1,0.1,0.636363636363636,50,0.363636363636364,0
"208","KNZ","Bouteloua_hirsuta",1,1,NA,NA,NA,0,0,NA,NA,NA,0,0,0,8,1,1
"209","KNZ","Carex_brevior",-0.022222222222222,-0.022222222222222,0.0796460176991152,0.0442477876106192,0.115044247787611,0.0168630100297259,0.0168630100297259,0.0198122087495869,0.0391157381162257,0.0410922802246475,1,0.619444444444444,0.766233766233766,60,0.233766233766234,0
"210","KNZ","Carex_gravida",6.93889390390721e-17,6.93889390390721e-17,1,1,1,0.499999999999997,0.499999999999997,0,0,0,0.111111111111111,0.00277777777777778,0.194805194805195,18,0.805194805194805,0.888888888888889
"211","KNZ","Carex_heliophyla",0.199570815450644,0.199570815450644,0.28,0.31239092495637,0.218543046357616,0.0032188517297879,0.0032188517297879,0.00395098551251444,0.00678318562247576,0.00690212332240679,1,4.46111111111111,0.909090909090909,71,0.0909090909090909,0
"212","KNZ","Carex_meadii",-0.0308747855917667,-0.0308747855917667,-0.128651973347002,-0.0902255639097745,-0.155247181266262,0.00200923229587347,0.00200923229587347,0.00144699787871385,0.00477955304626311,0.00157338738416086,1,11.2333333333333,0.961038961038961,75,0.038961038961039,0
"213","KNZ","Cirsium_sp",NA,NA,0,-1,1,NA,NA,0.499999999999997,0,0,0.111111111111111,0.00277777777777778,0.194805194805195,18,0.805194805194805,0.888888888888889
"214","KNZ","Cyperus_lupulinus",0.0909090909090909,0.0909090909090909,0.0666666666666669,-0.428571428571428,0.499999999999999,0.0876319150279712,0.0876319150279712,0.135547418277816,0.154366060554938,0.194224683544304,0.777777777777778,0.0361111111111111,0.48051948051948,38,0.519480519480519,0.222222222222222
"215","KNZ","Dalea_candida",0.272727272727272,0.272727272727272,0.230769230769231,0.263157894736842,0.2,0.0814323866079533,0.0814323866079533,0.0703406988134875,0.116855759959415,0.16753417721519,0.888888888888889,0.0666666666666667,0.545454545454545,43,0.454545454545455,0.111111111111111
"216","KNZ","Dalea_purpurea",0.692307692307692,0.692307692307692,0.8,0.741935483870967,1,0.0319845045328338,0.0319845045328338,0.0271144654088049,0.0477485732610112,0,0.555555555555556,0.0277777777777778,0.467532467532468,37,0.532467532467533,0.444444444444444
"217","KNZ","Desmodium_illinoense",NA,NA,1,NA,1,NA,NA,0,NA,0,0,0,0,8,1,1
"218","KNZ","Dicanthelium_acuminatum",-0.703703703703703,-0.703703703703703,-0.9,-1,-0.5,0.0413103478629168,0.0413103478629168,0.0108047169811322,0,0.281250000000001,0.888888888888889,0.122222222222222,0.649350649350649,51,0.350649350649351,0.111111111111111
"219","KNZ","Dicanthelium_oligosanthes",-0.155615696887686,-0.155615696887686,-0.147180192572215,-0.181318681318681,-0.112947658402204,0.0025298466078861,0.0025298466078861,0.00296236951885778,0.00541737973478119,0.00637362755487386,1,2.69166666666667,0.87012987012987,68,0.12987012987013,0
"220","KNZ","Eleocharis_sp.",-1,-1,-1,-1,-1,0,0,0,0,0,0.777777777777778,0.194444444444445,0.688311688311688,54,0.311688311688312,0.222222222222222
"221","KNZ","Eragrostis_spectabilis",-0.570469798657717,-0.570469798657717,-0.542857142857142,-0.862068965517241,-0.45945945945946,0.0266628091502151,0.0266628091502151,0.0436458477730716,0.0189170154006968,0.0656257347615051,1,0.858333333333333,0.805194805194805,63,0.194805194805195,0
"222","KNZ","Erigeron_strigosus",-1.38777878078144e-16,-1.38777878078144e-16,-0.454545454545455,-0.111111111111111,-0.692307692307692,0.499999999999997,0.499999999999997,0.0516306624070681,0.104954670772246,0.0547298498129034,0.444444444444444,0.0472222222222221,0.519480519480519,41,0.480519480519481,0.555555555555556
"223","KNZ","Euphorbia_marginata",-1,-1,-1,-1,NA,0,0,0,0,NA,0.444444444444444,0.0166666666666667,0.428571428571429,34,0.571428571428571,0.555555555555556
"224","KNZ","Euphorbia_sp.",-0.311827956989248,-0.311827956989248,0.0718232044198897,0.0307692307692307,0.176470588235294,0.00493199891022712,0.00493199891022712,0.00667036084944804,0.0101446502910271,0.0132966382491439,1,0.647222222222222,0.792207792207792,62,0.207792207792208,0
"225","KNZ","Juncus_interior",1,1,1,1,NA,0,0,0,0,NA,0,0,0,8,1,1
"226","KNZ","Koeleria_macrantha",-0.0980392156862742,-0.0980392156862742,0.365853658536585,0.417721518987342,-1,0.0383760713802868,0.0383760713802868,0.029722303402929,0.0274954102328106,0,0.888888888888889,0.197222222222222,0.701298701298701,55,0.298701298701299,0.111111111111111
"227","KNZ","Kuhnia_eupatoroides",1,1,1,1,1,0,0,0,0,0,0,0,0,8,1,1
"228","KNZ","Lactuca_serriola",NA,NA,-0.333333333333333,-1,0,NA,NA,0.295675130056681,0,0.499999999999998,0.222222222222222,0.00555555555555557,0.324675324675325,26.5,0.675324675324675,0.777777777777778
"229","KNZ","Lepidium_densiflorum",-1,-1,NA,NA,NA,0,0,NA,NA,NA,0.111111111111111,0.00277777777777779,0.25974025974026,21.5,0.74025974025974,0.888888888888889
"230","KNZ","Lespedeza_capitata",-0.15625,-0.15625,-0.773913043478261,-0.737704918032787,-0.814814814814815,0.067234756061866,0.067234756061866,0.0105717776350042,0.0289572967494194,0.0126150326557798,1,0.405555555555556,0.753246753246753,59,0.246753246753247,0
"231","KNZ","Lespedeza_violacea",0.714285714285714,0.714285714285714,NA,NA,NA,0.0696565110449261,0.0696565110449261,NA,NA,NA,0.222222222222222,0.00555555555555557,0.376623376623377,30.5,0.623376623376623,0.777777777777778
"232","KNZ","Liatris_punctata",1,1,1,1,1,0,0,0,0,0,0,0,0,8,1,1
"233","KNZ","Linum_sulcatum",-1,-1,-1,-1,-1,0,0,0,0,0,0.777777777777778,0.0388888888888889,0.493506493506494,39,0.506493506493507,0.222222222222222
"234","KNZ","Medicago_lupulina",1,1,NA,NA,NA,0,0,NA,NA,NA,0,0,0,8,1,1
"235","KNZ","Oenothera_speciosa",NA,NA,1,1,NA,NA,NA,0,0,NA,0,0,0,8,1,1
"236","KNZ","Oxalis_stricta",-0.658536585365853,-0.658536585365853,0.128205128205128,0.222222222222222,0.0476190476190473,0.0144267654606913,0.0144267654606913,0.0250259463346874,0.0477611277996755,0.0510179673924739,0.777777777777778,0.161111111111111,0.675324675324675,53,0.324675324675325,0.222222222222222
"237","KNZ","Oxalis_violacea",-0.333333333333333,-0.333333333333333,NA,NA,NA,0.29567513005668,0.29567513005668,NA,NA,NA,0.111111111111111,0.00555555555555557,0.350649350649351,28.5,0.649350649350649,0.888888888888889
"238","KNZ","Panicum_capillare",NA,NA,1,NA,1,NA,NA,0,NA,0,0,0,0,8,1,1
"239","KNZ","Panicum_virgatum",-1,-1,-0.962043795620438,-0.902621722846442,-1,0,0,0.000609769081510422,0.00435488091614184,0,1,4.23888888888889,0.896103896103896,70,0.103896103896104,0
"240","KNZ","Pascopyrum_smithii",NA,NA,1,1,NA,NA,NA,0,0,NA,0,0,0,8,1,1
"241","KNZ","Physalis_pumila",0.21311475409836,0.21311475409836,0.327272727272727,0.368421052631579,0.283018867924528,0.0232964391583603,0.0232964391583603,0.0196323390977091,0.0390358412950923,0.0403185893599059,1,0.275,0.74025974025974,58,0.25974025974026,0
"242","KNZ","Plantago_rhodosperma",NA,NA,1,1,1,NA,NA,0,0,0,0.111111111111111,0.00277777777777779,0.285714285714286,23,0.714285714285714,0.888888888888889
"243","KNZ","Poa_pratensis",1,1,NA,NA,NA,0,0,NA,NA,NA,0.111111111111111,0.00277777777777779,0.298701298701299,24,0.701298701298701,0.888888888888889
"244","KNZ","Polygala_verticillata",1,1,-1,NA,-1,0,0,0,NA,0,0.111111111111111,0.00555555555555557,0.324675324675325,26.5,0.675324675324675,0.888888888888889
"245","KNZ","Psoralea_tenuiflora",0.413813116656994,0.413813116656994,0.223262032085562,0.159235668789809,0.269585253456221,0.0078490578787471,0.0078490578787471,0.00978882143478663,0.017071247195772,0.0201310958873483,1,3.40833333333333,0.883116883116883,69,0.116883116883117,0
"246","KNZ","Ratibida_columnifera",-1,-1,-0.583333333333333,-0.833333333333333,-0.333333333333333,0,0,0.0711088242002485,0.0392590639162369,0.176277543366151,0.666666666666667,0.0694444444444443,0.571428571428571,45,0.428571428571429,0.333333333333333
"247","KNZ","Rhus_glabra",-1,-1,NA,NA,NA,0,0,NA,NA,NA,0.222222222222222,0.00555555555555557,0.402597402597403,32,0.597402597402597,0.777777777777778
"248","KNZ","Ruellia_humilis",-0.164345403899721,-0.164345403899721,-0.056122448979592,-0.0297872340425535,-0.0955414012738854,0.0101194638580944,0.0101194638580944,0.0117850686021726,0.0255474328285295,0.0145824489964459,1,1.30833333333333,0.857142857142857,67,0.142857142857143,0
"249","KNZ","Salvia_azurea",-1,-1,-1,-1,-1,0,0,0,0,0,1,0.208333333333333,0.714285714285714,56,0.285714285714286,0
"250","KNZ","Schizachyrium_scoparium",-0.334071613141381,-0.334071613141381,-0.408838643371017,-0.434296365330848,-0.38874586244943,0.00414355257407088,0.00414355257407088,0.00393888825562224,0.00871630292278129,0.00712332304881482,1,21.7138888888889,0.974025974025974,76,0.025974025974026,0
"251","KNZ","Schrankia_nutallii",1,1,0.833333333333333,1,0.6,0,0,0.0299882560757824,0,0.156192405063291,0.111111111111111,0.00555555555555557,0.376623376623377,30.5,0.623376623376623,0.888888888888889
"252","KNZ","Senecio_plattensis",1,1,NA,NA,NA,0,0,NA,NA,NA,0,0,0,8,1,1
"253","KNZ","Silene_antirrhina",NA,NA,NA,NA,NA,NA,NA,NA,NA,NA,0,0,0,8,1,1
"254","KNZ","Sisynchrium_campestre",0.749999999999999,0.749999999999999,0.538461538461538,1,0.428571428571429,0.0662219929245285,0.0662219929245285,0.0342112292370363,0,0.0475188783857641,0.222222222222222,0.0194444444444444,0.441558441558442,35,0.558441558441559,0.777777777777778
"255","KNZ","Solidago_canadensis",-1,-1,-2.77555756156289e-16,-0.333333333333333,0.259259259259259,0,0,0.032669461914745,0.0582744114992458,0.0516732164488341,0.555555555555556,0.0694444444444443,0.558441558441558,44,0.441558441558442,0.444444444444444
"256","KNZ","Solidago_missouriensis",-0.156626506024096,-0.156626506024096,-0.212121212121212,-0.223880597014925,-0.208695652173913,0.0454093831461296,0.0454093831461296,0.030385789260699,0.0722204957911319,0.0434172420966535,1,0.64722222222222,0.779220779220779,61,0.220779220779221,0
"257","KNZ","Sonchus_asper",-1,-1,NA,NA,NA,0,0,NA,NA,NA,0.111111111111111,0.00277777777777778,0.194805194805195,18,0.805194805194805,0.888888888888889
"258","KNZ","Sorghastrum_nutans",-0.146261859582543,-0.146261859582543,-0.11629968967046,-0.26027397260274,-0.0206591244466306,0.000897541222313541,0.000897541222313541,0.00148887314989582,0.00400967325894952,0.00168310658899017,1,34.6527777777778,0.987012987012987,77,0.012987012987013,0
"259","KNZ","Sporobolus_asper",-0.667320517850137,-0.667320517850137,-0.564102564102564,-0.553903345724907,-0.570438799076213,0.00290479233678312,0.00290479233678312,0.00380738015434919,0.00635983522556811,0.00737299277539636,1,9.80833333333333,0.948051948051948,74,0.051948051948052,0
"260","KNZ","Taraxacum_officinale",-1,-1,1,NA,1,0,0,0,NA,0,0.111111111111111,0.00555555555555557,0.350649350649351,28.5,0.649350649350649,0.888888888888889
"261","KNZ","Teucrium_canadense",-1,-1,-1,-1,-1,0,0,0,0,0,0.666666666666667,0.252777777777777,0.727272727272727,57,0.272727272727273,0.333333333333333
"262","KNZ","Tragia_racemosa",NA,NA,-1,NA,-1,NA,NA,0,NA,0,0.111111111111111,0.00277777777777778,0.194805194805195,18,0.805194805194805,0.888888888888889
"263","KNZ","Verbena_stricta",-0.199999999999999,-0.199999999999999,0.0232558139534886,0.357142857142857,-0.6,0.12268679245283,0.12268679245283,0.211039245159322,0.247174008456392,0.0636579465541492,0.888888888888889,0.0805555555555555,0.597402597402597,47,0.402597402597403,0.111111111111111
"264","KNZ","Vernonia_baldwinii",1,1,1,1,1,0,0,0,0,0,0,0,0,8,1,1
"265","SBK","Allionia_incarnata",-0.964783281733746,-0.952722568505233,-0.522076144073768,-0.86306133982524,-0.320910973084886,0.000520587580968722,0.000689387534760624,0.0423010792140857,0.0206853427416465,0.0774793804178809,0.833333333333333,0.262084367245658,0.8125,66,0.1875,0.166666666666667
"266","SBK","Amaranthus_blitoides",NA,NA,-1,NA,-1,NA,NA,0,NA,0,0.0833333333333333,0.000124069478908189,0.275,24,0.725,0.916666666666667
"267","SBK","Aphanostephus_ramosissimus",NA,1,0.328,NA,0.344262295081967,NA,0,0.398203158528001,NA,0.388506555867571,0.0833333333333333,0.000124069478908189,0.3125,26.5,0.6875,0.916666666666667
"268","SBK","Aristida_adscensionis",NA,NA,-0.351105414931112,NA,-0.334928865842308,NA,NA,0.261164493023757,NA,0.266208066781091,0.166666666666667,0.00622828784119105,0.5,41,0.5,0.833333333333333
"269","SBK","Aristida_purpurea",NA,NA,-1,NA,-1,NA,NA,0,NA,0,0.0833333333333333,0.000248138957816378,0.35,29.5,0.65,0.916666666666667
"270","SBK","Astragalus_sp",0.366445916114791,0.424515786680817,0.832490563350189,0.833017077798861,0.822222222222222,0.0226457354683392,0.00749982756063776,0.0149137464050049,0.0257459585296553,0.0185459933796834,0.833333333333333,0.0541687344913152,0.6875,56,0.3125,0.166666666666667
"271","SBK","Bouteloua_barbata",-1,0.499999999999998,0.403907254725598,-0.699570815450644,0.426744507318193,0,0.24204749103943,0.0284889800760635,0.0655040620575357,0.0239102522620649,0.333333333333333,0.10136476426799,0.725,59,0.275,0.666666666666667
"272","SBK","Bouteloua_eriopoda",-0.568206807366684,-0.692177854598046,-0.971834733000056,-0.982380279009612,-0.953026845963396,0.00078430384783054,0.000593259453524044,5.89855433346926e-05,5.03524494832171e-05,0.000307937894101546,1,28.3514143920596,1,81,0,0
"273","SBK","Bouteloua_gracilis",-0.978021978021978,-0.967213114754098,NA,NA,NA,0.000339636591812808,0.000577238583338306,NA,NA,NA,0.0833333333333333,0.0446650124069478,0.675,55,0.325,0.916666666666667
"274","SBK","Chaetopappa_ericoides",-0.103896103896105,0.29966703662597,0.696555979790968,0.621714155285883,0.829291949563531,0.347823660271286,0.116166974579966,0.0377987723675269,0.0785598881206223,0.0388658542612046,0.666666666666667,0.0226302729528536,0.625,51,0.375,0.333333333333333
"275","SBK","Chamaesyce_albomarginata",1,1,0.0310559006211176,-1,1,0,0,0.33871212984148,0,0,0.0833333333333333,0.00161290322580645,0.45,37,0.55,0.916666666666667
"276","SBK","Chamaesyce_lata",0.187945863057537,0.386780973451328,0.690957413376671,0.624029000517867,0.747216167351008,0.04509519833163,0.0117790095788035,0.00961466195756808,0.0235285640283287,0.0146435730917348,1,0.33181141439206,0.8625,70,0.1375,0
"277","SBK","Chamaesyce_revoluta",NA,NA,1,NA,1,NA,NA,0,NA,0,0,0,0,10,1,1
"278","SBK","Chamaesyce_serpyllifolia",-0.579430319250621,-0.2294921875,-0.0241397114104296,0.130412170068912,-0.147780107575896,0.0354414292414416,0.0346603758763743,0.026245627698088,0.0638519938474741,0.036287973645559,0.416666666666667,0.350124069478908,0.875,71,0.125,0.583333333333333
"279","SBK","Chamaesyce_serrula",-0.775765218388169,-0.69143695629389,-0.0461861222444891,-0.015100170791878,-0.0897778105038382,0.0112061083007163,0.0142661074766139,0.0364792123997268,0.0894867931285362,0.0407291207317384,0.833333333333333,0.251017369727047,0.8,65,0.2,0.166666666666667
"280","SBK","Cryptantha_crassisepala",0.463663890991673,0.465595699844241,-0.0408788100384921,1,-0.0267507865430393,0.0210243283819159,0.00725671415519685,0.0575398691854776,0,0.0525786173923102,0.583333333333333,0.236228287841191,0.7875,64,0.2125,0.416666666666667
"281","SBK","Dalea_nana",NA,NA,0.85554600171969,NA,0.860383944153578,NA,NA,0.028823936470982,NA,0.0269766243490927,0.0833333333333333,2.48138957816378e-05,0.25,21,0.75,0.916666666666667
"282","SBK","Dasyochloa_pulchella",-1,0.714285714285713,-0.133095122312198,-0.0232558139534884,-0.117338315096522,0,0.0823312866950613,0.121956487031695,0.499459313367464,0.122632541192648,0.333333333333333,0.0160794044665013,0.6,49,0.4,0.666666666666667
"283","SBK","Descurainia_pinnata",0.306439674315321,0.390191072948094,0.362300400788854,-0.88034188034188,0.451828006438262,0.0737953717603093,0.011778634168005,0.054512989667208,0.0188369035071966,0.0475680559105388,0.583333333333333,0.200049627791563,0.7625,62,0.2375,0.416666666666667
"284","SBK","Dimorphocarpa_wislizeni",NA,NA,1,NA,1,NA,NA,0,NA,0,0,0,0,10,1,1
"285","SBK","Echinocereus_fendleri",1,1,NA,NA,NA,0,0,NA,NA,NA,0,0,0,10,1,1
"286","SBK","Ecinomastus_intertextus",1,1,NA,NA,NA,0,0,NA,NA,NA,0,0,0,10,1,1
"287","SBK","Enneapogon_desvauxii",-0.583333333333332,-0.583333333333331,-0.248446623161708,NA,-0.231167151632719,0.196992044947201,0.197047487582416,0.283261833456324,NA,0.286233871578966,0.25,0.00826302729528536,0.5375,44,0.4625,0.75
"288","SBK","Erigeron_divergens",NA,-1,NA,NA,NA,NA,0,NA,NA,NA,0.0833333333333333,0.000124069478908189,0.3125,26.5,0.6875,0.916666666666667
"289","SBK","Eriogonum_abertianum",1,0.746462264150943,0.963455420507382,0.971352471145309,0.88084599344653,0,0.010425855999424,0.000811303813560752,0.000792714489186766,0.0169239439127332,0.416666666666667,0.0110669975186104,0.575,47,0.425,0.583333333333333
"290","SBK","Eriogonum_rotundifolium",1,0.783511953833471,0.554084855065265,0.555019911968141,0.532258928093377,0,0.0097615723654162,0.0550071763939702,0.0942717531563019,0.0910695011835514,0.416666666666667,0.0796526054590572,0.7,57,0.3,0.583333333333333
"291","SBK","Escobaria_vivipara",1,1,NA,NA,NA,0,0,NA,NA,NA,0,0,0,10,1,1
"292","SBK","Euphorbia_exstipulata",-0.934835198064711,-0.921808008138943,-0.736964157515244,-0.752674794725056,-0.610924661497512,0.00108573307599915,0.00113996241049891,0.0115254797162109,0.0115321152629799,0.0354287523584165,0.75,0.513250620347395,0.925,75,0.075,0.25
"293","SBK","Evolvulus_nuttallianus",NA,NA,-1,NA,-1,NA,NA,0,NA,0,0.0833333333333333,2.48138957816378e-05,0.2375,20,0.7625,0.916666666666667
"294","SBK","Gaillardia_pinnatifida",NA,NA,0.596153846153846,NA,0.607843137254902,NA,NA,0.142049326031345,NA,0.135069801913403,0.0833333333333333,0.000124069478908189,0.275,24,0.725,0.916666666666667
"295","SBK","Gutierrezia_sarothrae",-0.351799119855034,-0.332786212556423,0.486761569194173,0.467733167663276,0.562922952753461,0.101022450346672,0.0185366056431406,0.0478598234559369,0.0566718989079631,0.020204187265183,1,0.660099255583127,0.9375,76,0.0625,0
"296","SBK","Gutierrezia_sphaerocephala",NA,-0.279032258064516,0.676767676767677,1,0.678843837816138,NA,0.0731182138506383,0.0635461980072622,0,0.0628956021987875,0.333333333333333,0.0221588089330025,0.6125,50,0.3875,0.666666666666667
"297","SBK","Hoffmannseggia_drepanocarpa",-0.380697050938338,-0.397471384753498,-0.206252546261552,-0.605021556056917,0.24341580207502,0.0151482807253034,0.00756009400735887,0.0350754227255161,0.0290773778838432,0.0750609341227652,1,0.31833746898263,0.8375,68,0.1625,0
"298","SBK","Hoffmannseggia_glauca",NA,NA,-1,NA,-1,NA,NA,0,NA,0,0.166666666666667,0.000372208436724565,0.375,31,0.625,0.833333333333333
"299","SBK","Hymenopappus_filifolius",1,1,1,NA,1,0,0,0,NA,0,0,0,0,10,1,1
"300","SBK","Ipomopsis_pumila",0.914209115281501,0.710490463215259,-0.159687068568799,NA,-0.141769743101808,0.00410371505330915,0.00813353022383441,0.161695288125245,NA,0.159362024142425,0.416666666666667,0.0116625310173697,0.5875,48,0.4125,0.583333333333333
"301","SBK","Kallstroemia_hirsutissima",NA,NA,-0.925859758820902,-1,1,NA,NA,0.00703093649939251,0,0,0.0833333333333333,0.0095533498759305,0.55,45,0.45,0.916666666666667
"302","SBK","Kallstroemia_parviflora",-0.402675114396339,-0.409939430582697,0.0895402792230031,-0.0374298803997763,0.334002538555346,0.0165690315822681,0.0148862721229943,0.0265996390361233,0.0448755103643778,0.0300992282868884,0.666666666666667,4.10342431761786,0.9875,80,0.0125,0.333333333333333
"303","SBK","Krascheninnikovia_lanata",-1,-0.999585663973483,-1,-1,NA,0,1.90867010746393e-07,0,0,NA,0.75,0.153523573200993,0.75,61,0.25,0.25
"304","SBK","Lappula_occidentalis",1,0.838532803932691,0.907202828104286,1,0.908288432878597,0,0.00746340329977353,0.0107944067198937,0,0.0106377640167413,0.333333333333333,0.0108436724565757,0.5625,46,0.4375,0.666666666666667
"305","SBK","Larrea_tridentata",NA,1,1,NA,1,NA,0,0,NA,0,0,0,0,10,1,1
"306","SBK","Lepidium_densiflorum",1,1,NA,NA,NA,0,0,NA,NA,NA,0,0,0,10,1,1
"307","SBK","Lesquerella_fendleri",-0.824686940966011,0.15126582278481,1,1,1,0.0225239378703997,0.0640408370198097,0,0,0,0.5,0.0332754342431761,0.65,53,0.35,0.5
"308","SBK","Linum_puberulum",-0.364102564102564,-0.0184254606365159,0.663326653306613,NA,0.673469387755102,0.0617909867138172,0.0415838581772092,0.156798740569836,NA,0.149297781484565,0.75,0.0345657568238213,0.6625,54,0.3375,0.25
"309","SBK","Lithospermum_incisum",NA,1,NA,NA,NA,NA,0,NA,NA,NA,0,0,0,10,1,1
"310","SBK","Lotus_plebeius",1,1,NA,NA,NA,0,0,NA,NA,NA,0,0,0,10,1,1
"311","SBK","Lycurus_phleoides",NA,NA,-1,-1,NA,NA,NA,0,0,NA,0.0833333333333333,0.00124069478908188,0.4375,36,0.5625,0.916666666666667
"312","SBK","Machaeranthera_canescens",1,0.996,1,NA,1,0,2.96771528032472e-05,0,NA,0,0.0833333333333333,0.000124069478908189,0.275,24,0.725,0.916666666666667
"313","SBK","Machaeranthera_gracilis",1,1,NA,NA,NA,0,0,NA,NA,NA,0,0,0,10,1,1
"314","SBK","Machaeranthera_pinnatifida",-0.580110497237568,0.0580141000594581,-0.186068313036838,-0.135246429031013,-0.377215189873418,0.0880681070357341,0.0316231510663963,0.0541571690682998,0.0830958396657252,0.0606477013293719,0.833333333333333,0.291761786600496,0.825,67,0.175,0.166666666666667
"315","SBK","Machaeranthera_tanacetifolia",1,0.405797101449277,1,NA,1,0,0.0987042298489588,0,NA,0,0.166666666666667,0.00712158808933001,0.525,43,0.475,0.833333333333333
"316","SBK","Melampodium_leucanthum",NA,0.923076923076923,NA,NA,NA,NA,0.0109414936451808,NA,NA,NA,0.0833333333333333,2.48138957816378e-05,0.2625,22,0.7375,0.916666666666667
"317","SBK","Muhlenbergia_arenacea",NA,NA,-1,-1,NA,NA,NA,0,0,NA,0.0833333333333333,0.00248138957816376,0.475,39,0.525,0.916666666666667
"318","SBK","Muhlenbergia_arenicola",-0.867204791042833,-0.916970868227042,-1,-1,-1,0.00259106531323317,0.000815805612659869,0,0,0,1,0.382903225806452,0.8875,72,0.1125,0
"319","SBK","Munroa_squarrosa",-1,-0.166666666666665,-0.912511858332455,-1,-0.8688,0,0.299923392627992,0.00957658797953061,0,0.0237852835184641,0.333333333333333,0.0035483870967742,0.4875,40,0.5125,0.666666666666667
"320","SBK","Nama_hispidum",0.200000000000001,0.199999999999999,1,NA,1,0.357755974842768,0.358032974910396,0,NA,0,0.0833333333333333,0.000248138957816378,0.35,29.5,0.65,0.916666666666667
"321","SBK","Oenothera_caespitosa",0.380566801619433,0.328881469115191,0.127447063523772,NA,0.14543960558751,0.0416094016909745,0.0323176097596334,0.147989813245274,NA,0.142163921317699,0.583333333333333,0.00660049627791562,0.5125,42,0.4875,0.416666666666667
"322","SBK","Opuntia_macrocenta",NA,0.404761904761904,0.310839913854989,0.32675222112537,0.306194690265487,NA,0.349588295257636,0.103396958329545,0.194820712397677,0.203019165258136,0.416666666666667,0.459057071960296,0.9,73,0.1,0.583333333333333
"323","SBK","Opuntia_phaeacantha",NA,-0.428571428571429,NA,NA,NA,NA,0.333194502290712,NA,NA,NA,0.0833333333333333,0.00062034739454094,0.4125,34,0.5875,0.916666666666667
"324","SBK","Panicum_hirticaule",NA,NA,1,NA,1,NA,NA,0,NA,0,0,0,0,10,1,1
"325","SBK","Phacelia_crenulata",0.675916290900682,0.547128505752719,0.156216231529785,NA,0.174050132694404,0.00613265852605522,0.00381895180229326,0.0347738059132543,NA,0.0286701004688829,0.416666666666667,0.492779156327543,0.9125,74,0.0875,0.583333333333333
"326","SBK","Phemeranthus_longipes",NA,NA,1,1,NA,NA,NA,0,0,NA,0,0,0,10,1,1
"327","SBK","Plantago_patagonica",0.123970572087405,-0.259911317636664,-0.14909187887535,-0.683189655172414,-0.0999064530248286,0.013360779845971,0.00512781821511078,0.04633707844159,0.0346011144324288,0.0485029223130017,0.75,0.99863523573201,0.95,77,0.05,0.25
"328","SBK","Pleuraphis_jamesii",0.422222222222221,0.430846358006488,-1,-1,-1,0.223333674959114,0.0764718900934715,0,0,0,0.666666666666667,0.0287841191066999,0.6375,52,0.3625,0.333333333333333
"329","SBK","Portulaca_oleracea",NA,-1,-1,-1,-1,NA,0,0,0,0,0.25,0.00168734491315136,0.4625,38,0.5375,0.75
"330","SBK","Psilostrophe_tagetina",NA,1,NA,NA,NA,NA,0,NA,NA,NA,0,0,0,10,1,1
"331","SBK","Salsola_tragus",0.9892578125,0.314580941446614,0.290586402848271,0.243872856475333,0.383340640109012,0.000158784107429435,0.0340033110876627,0.00525577538005608,0.00637212716078536,0.0139184248263029,0.75,1.8082382133995,0.975,79,0.025,0.25
"332","SBK","Sclerocactus_papyracanthus",1,1,NA,NA,NA,0,0,NA,NA,NA,0,0,0,10,1,1
"333","SBK","Scleropogon_brevifolius",-0.373311563010243,-0.546641631817018,-0.916017403622382,-0.964616680707666,-0.847191410063005,0.0725597999093459,0.0313253721396958,0.00230891472440833,0.00101870289919191,0.0120621583833877,1,0.326724565756824,0.85,69,0.15,0
"334","SBK","Selinocarpus_diffusus",NA,NA,1,1,NA,NA,NA,0,0,NA,0,0,0,10,1,1
"335","SBK","Senecio_flaccidus",NA,NA,1,NA,1,NA,NA,0,NA,0,0,0,0,10,1,1
"336","SBK","Solanum_elaeagnifolium",-1,-1,0.634994206257242,-0.571428571428572,0.96996996996997,0,0,0.129599238822887,0.226780508121616,0.00144313526494242,0.833333333333333,0.0918114143920595,0.7125,58,0.2875,0.166666666666667
"337","SBK","Sphaeralcea_hastulata",NA,1,NA,NA,NA,NA,0,NA,NA,NA,0,0,0,10,1,1
"338","SBK","Sphaeralcea_polychroma",-0.515893470790378,-0.254436176302233,0.566093912544391,0.289176090468498,0.621587735795293,0.0228511890018283,0.0139066212308793,0.0529550453432483,0.25444506405342,0.0567710665723217,0.833333333333333,0.115980148883375,0.7375,60,0.2625,0.166666666666667
"339","SBK","Sphaeralcea_wrightii",1,1,NA,NA,NA,0,0,NA,NA,NA,0,0,0,10,1,1
"340","SBK","Sporobolus_sp",-0.924864639733444,-0.948977161457644,-0.485366477999943,-0.894897027493152,-0.122006557988469,0.000799896230702218,0.000317413757049275,0.0260273981180356,0.00460057164639319,0.0549333612873166,1,1.12344913151365,0.9625,78,0.0375,0
"341","SBK","Stephanomeria_pauciflora",1,0.333333333333333,NA,NA,NA,0,0.295942298331782,NA,NA,NA,0.0833333333333333,0.000620347394540939,0.4,33,0.6,0.916666666666667
"342","SBK","Tidestromia_lanuginosa",-0.98662455879621,-0.889648592781046,0.024061828611728,0.145702364394993,-0.0431848934788808,0.000108405390663686,0.00338518145959902,0.030809525997767,0.072134541753238,0.0510505734904481,0.833333333333333,0.22848635235732,0.775,63,0.225,0.166666666666667
"343","SBK","Townsendia_annua",1,-0.0909090909090905,1,NA,1,0,0.423223534636252,0,NA,0,0.0833333333333333,0.000148883374689826,0.3375,28,0.6625,0.916666666666667
"344","SBK","Tragus_racemosus",NA,NA,-1,NA,-1,NA,NA,0,NA,0,0.0833333333333333,0.000744416873449129,0.425,35,0.575,0.916666666666667
"345","SBK","Zinnia_grandiflora",0.844036697247706,0.923250564334085,1,1,1,0.0172544176067197,0.00339872782172423,0,0,0,0.0833333333333333,0.000421836228287841,0.3875,32,0.6125,0.916666666666667
"346","SBL","Allionia_incarnata",0.596320899335719,0.893416082029142,0.998559492941515,0.99853016829573,1,0.124116507983134,0.00969157422416781,2.7682690973306e-06,2.89472927876511e-06,0,0.333333333333333,0.047625,0.78125,76,0.21875,0.666666666666667
"347","SBL","Allium_macropetalum",-0.0857142857142857,-0.308823529411765,-0.155555555555556,-0.272727272727273,-0.0434782608695652,0.0476061822598374,0.02598485081556,0.101397670546517,0.20982173348815,0.161128860811895,0.583333333333333,0.0255,0.666666666666667,65,0.333333333333333,0.416666666666667
"348","SBL","Amaranthus_albus",1,1,NA,NA,NA,0,0,NA,NA,NA,0,0,0,12.5,1,1
"349","SBL","Amaranthus_palmeri",1,1,1,1,NA,0,0,0,0,NA,0,0,0,12.5,1,1
"350","SBL","Amaranthus_powellii",NA,NA,1,1,NA,NA,NA,0,0,NA,0,0,0,12.5,1,1
"351","SBL","Aristida_adscensionis",0.736786094359702,0.816299752150459,0.959446564885496,0.95918754745634,0.96078431372549,0.0113104704012258,0.00494063415909814,0.000866105515667394,0.00119915223918127,0.000812223673806076,0.5,0.0542500000000002,0.791666666666667,77,0.208333333333333,0.5
"352","SBL","Aristida_purpurea",-0.777777777777778,0.142857142857144,0.885714285714286,0.954022988505747,0.863117870722433,0.0414996989495239,0.114781326179803,0.00531923512882289,0.00300443000491972,0.00915831097611954,0.75,0.024375,0.65625,64,0.34375,0.25
"353","SBL","Astragalus_sp",0.152384972562263,0.216517369455976,0.545602605863192,0.533123028391167,0.558922558922559,0.0581003729335463,0.0218222767215702,0.0256270556273837,0.0400505358820392,0.0646514076744167,1,0.0546749999999999,0.802083333333333,78,0.197916666666667,0
"354","SBL","Atriplex_canescens",NA,-1,NA,NA,NA,NA,0,NA,NA,NA,0.0833333333333333,0.000375,0.364583333333333,36.5,0.635416666666667,0.916666666666667
"355","SBL","Bahia_absinthifolia",NA,1,1,1,NA,NA,0,0,0,NA,0,0,0,12.5,1,1
"356","SBL","Bahia_dissecta",NA,0.199999999999996,0.923664122137404,1,0.821428571428572,NA,0.345700931899648,0.00749095642694375,0,0.0328717326314356,0.166666666666667,0.000375,0.364583333333333,36.5,0.635416666666667,0.833333333333333
"357","SBL","Boerhavia_spicata",NA,1,NA,NA,NA,NA,0,NA,NA,NA,0,0,0,12.5,1,1
"358","SBL","Bouteloua_barbata",0.602941176470588,0.546666666666668,0.868122810632599,0.980168567178979,0.788434414668547,0.0718561326720057,0.0663426160237178,0.00358391873754931,0.000331108144408825,0.0108834881673994,0.5,0.01225,0.604166666666667,59,0.395833333333333,0.5
"359","SBL","Bouteloua_eriopoda",-0.438807501924292,-0.504136103952277,-0.575186567164179,-0.85051932755113,-0.362697297743988,0.0026986359249947,0.00131798718088086,0.00602315154517098,0.00226766782783005,0.01273698165969,1,6.57255,0.989583333333333,96,0.0104166666666666,0
"360","SBL","Bouteloua_gracilis",-0.493073107833872,-0.558310807393379,-0.506029417412343,-0.680503374065293,-0.31208693184122,0.00178572390935619,0.000731859196576362,0.00198334844314049,0.00218209067138298,0.00447345426984291,1,17.505425,1,97,0,0
"361","SBL","Chaetopappa_ericoides",1,1,0.463414634146341,NA,0.463414634146341,0,0,0.187536800605285,NA,0.185988473320629,0.166666666666667,0.000275,0.354166666666667,35,0.645833333333333,0.833333333333333
"362","SBL","Chamaesaracha_coronopus",1,1,1,1,1,0,0,0,0,0,0,0,0,12.5,1,1
"363","SBL","Chamaesyce_albomarginata",0.0962216347213038,0.0160115979381441,0.321954179942346,0.288158056203215,0.43686889760494,0.0158197095097412,0.00944429166278568,0.0182386651185897,0.0272911317439092,0.0176913294675365,0.833333333333333,1.210475,0.947916666666667,92,0.0520833333333334,0.166666666666667
"364","SBL","Chamaesyce_fendleri",NA,NA,0.241379310344827,NA,0.241379310344828,NA,NA,0.223688821551805,NA,0.220871583703459,0.0833333333333333,0.005225,0.53125,52,0.46875,0.916666666666667
"365","SBL","Chamaesyce_lata",1,1,1,NA,1,0,0,0,NA,0,0,0,0,12.5,1,1
"366","SBL","Chamaesyce_revoluta",NA,0.746711213196911,NA,NA,NA,NA,0.0419620333639641,NA,NA,NA,0.0833333333333333,0.0303249999999999,0.6875,67,0.3125,0.916666666666667
"367","SBL","Chamaesyce_serpyllifolia",0.457514979064011,0.558816351433801,0.384840141596898,0.321244537212185,0.780210867802109,0.00748081280942414,0.00485307637685666,0.0223853088598371,0.0258102546662377,0.0187924522839449,0.916666666666667,2.38025,0.979166666666667,95,0.0208333333333334,0.0833333333333334
"368","SBL","Chamaesyce_serrula",0.498110355253212,0.617634220864251,0.352630114110771,0.352364475201845,0.36,0.119596801959088,0.0466274016536155,0.035762214310242,0.0341291177662773,0.13713408,0.5,0.0838250000000003,0.84375,82,0.15625,0.5
"369","SBL","Chenopodium_incanum",1,0.994015559545183,1,1,NA,0,4.40148299314348e-05,0,0,NA,0.0833333333333333,0.000125,0.25,26,0.75,0.916666666666667
"370","SBL","Cryptantha_crassisepala",0.976110101272397,0.929733085040348,0.244582043343653,-0.452380952380952,0.489539748953975,0.000301871884184552,0.000864792468412365,0.0557765932533661,0.073659356711268,0.0581498191860466,0.5,0.010125,0.583333333333333,57,0.416666666666667,0.5
"371","SBL","Cylindropuntia_imbricata",NA,-1,NA,NA,NA,NA,0,NA,NA,NA,0.166666666666667,0.000375,0.385416666666667,38,0.614583333333333,0.833333333333333
"372","SBL","Cymopterus_acaulis",0.570945945945946,0.479198767334361,-0.671232876712329,-0.824561403508772,-0.125,0.0463626019554428,0.046712076987516,0.0492408319465359,0.0350832158445667,0.29719739082532,0.416666666666667,0.02875,0.677083333333333,66,0.322916666666667,0.583333333333333
"373","SBL","Dasyochloa_pulchella",0.727616953707097,0.767698259187621,0.97051597051597,0.987341772151899,0.959839357429719,0.00988444821390255,0.00604536728928993,0.000713251073241373,0.000230706541060547,0.00178838917313843,0.833333333333333,0.03455,0.708333333333333,69,0.291666666666667,0.166666666666667
"374","SBL","Delphinium_wootonii",-1,-1,-1,-1,NA,0,0,0,0,NA,0.333333333333333,0.00545,0.552083333333333,54,0.447916666666667,0.666666666666667
"375","SBL","Descurainia_pinnata",0.575000000000001,0.47810329205678,-0.345924453280318,1,-0.34726368159204,0.117530462608098,0.0878202818737093,0.199884468367046,0,0.197270856450769,0.333333333333333,0.038525,0.75,73,0.25,0.666666666666667
"376","SBL","Echinocereus_fendleri",1,0.88235294117647,1,NA,1,0,0.0106757336361431,0,NA,0,0.0833333333333333,0.0015,0.489583333333333,48,0.510416666666667,0.916666666666667
"377","SBL","Ecinomastus_intertextus",-0.058171257590425,-0.238795604036442,-0.441310282074613,-0.348123672409724,-0.527991218441273,0.00571632808583786,0.00370124447897949,0.0132150567049942,0.0366734749275122,0.0151273362228912,1,0.554449999999999,0.9375,91,0.0625,0
"378","SBL","Enneapogon_desvauxii",1,1,1,1,1,0,0,0,0,0,0,0,0,12.5,1,1
"379","SBL","Eriastrum_diffusum",NA,-0.93998461143883,-0.62454699202706,-0.896854425749817,-0.094661921708185,NA,0.00128885272474948,0.031655275113847,0.00471968548702606,0.103930798567777,0.25,0.178599999999999,0.90625,88,0.09375,0.75
"380","SBL","Erigeron_divergens",NA,1,NA,NA,NA,NA,0,NA,NA,NA,0,0,0,12.5,1,1
"381","SBL","Eriogonum_abertianum",1,0.96420581655481,1,1,NA,0,0.000926771766253816,0,0,NA,0.0833333333333333,2e-04,0.302083333333333,30,0.697916666666667,0.916666666666667
"382","SBL","Escobaria_vivipara",-0.0454545454545453,0.161676646706587,-0.861538461538461,-0.925925925925926,-0.815789473684211,0.0723445355057455,0.0558873643475726,0.0080182417468452,0.00591869256876284,0.0208645985878263,0.833333333333333,0.023875,0.645833333333333,63,0.354166666666667,0.166666666666667
"383","SBL","Euphorbia_exstipulata",0.456740442655936,0.62111644354635,0.577883472057075,0.579922318494174,0.176470588235294,0.0669315302922526,0.012777788614492,0.0127987580899274,0.0102532566912069,0.205936231606423,0.583333333333333,0.055125,0.8125,79,0.1875,0.416666666666667
"384","SBL","Evolvulus_nuttallianus",NA,NA,-1,NA,-1,NA,NA,0,NA,0,0.0833333333333333,0.000125,0.25,26,0.75,0.916666666666667
"385","SBL","Gaillardia_pinnatifida",NA,1,1,1,1,NA,0,0,0,0,0,0,0,12.5,1,1
"386","SBL","Gaura_coccinea",-0.126647144948755,-0.0087241003271542,-0.00047551117451276,-0.036740146960588,0.0891089108910891,0.0316212541333444,0.0173684066038505,0.0603746122152079,0.101245744930411,0.108750153820612,1,0.15555,0.885416666666667,86,0.114583333333333,0
"387","SBL","Gaura_suffulta",NA,NA,0.923076923076923,NA,0.923076923076923,NA,NA,0.00563540783806627,NA,0.00556738109694946,0.166666666666667,0.00015,0.291666666666667,29,0.708333333333333,0.833333333333333
"388","SBL","Gilia_mexicana",NA,-0.154311167674198,0.547596606974553,0.433614330874605,0.834327369118622,NA,0.0812147820265063,0.0270943018799214,0.0491718625463882,0.011371342698105,0.25,0.1207,0.875,85,0.125,0.75
"389","SBL","Glandularia_bipinnatifida",0.189873417721519,-0.0644677661169422,0.411764705882353,0.411764705882353,NA,0.0495677326923737,0.0590216812921532,0.296325080980922,0.295703306922042,NA,0.5,0.00900000000000002,0.572916666666667,56,0.427083333333333,0.5
"390","SBL","Grusonia_clavata",1,1,0.997840172786177,1,0.996197718631179,0,0,5.81571009210153e-06,0,2.15697228010812e-05,0.0833333333333333,0.000125,0.28125,28,0.71875,0.916666666666667
"391","SBL","Gutierrezia_sarothrae",-0.524663677130046,-0.524064171122994,1,NA,1,0.135054425579319,0.0649607813653497,0,NA,0,0.583333333333333,0.0712500000000005,0.822916666666667,80,0.177083333333333,0.416666666666667
"392","SBL","Gutierrezia_sphaerocephala",NA,1,-1,NA,-1,NA,0,0,NA,0,0.0833333333333333,0.00025,0.3125,32.5,0.6875,0.916666666666667
"393","SBL","Heterosperma_pinnatum",NA,NA,1,NA,1,NA,NA,0,NA,0,0,0,0,12.5,1,1
"394","SBL","Hymenopappus_filifolius",0.993929583164711,0.984573852680293,0.909502262443439,1,0.897959183673469,1.0907470167756e-05,2.85951564090193e-05,0.00522128468960764,0,0.0068230722701709,0.416666666666667,0.0035,0.510416666666667,50,0.489583333333333,0.583333333333333
"395","SBL","Ipomoea_costellata",NA,NA,1,1,NA,NA,NA,0,0,NA,0,0,0,12.5,1,1
"396","SBL","Ipomopsis_pumila",-0.851951547779273,-0.851951547779273,NA,NA,NA,0.0109376323804759,0.0110092703080733,NA,NA,NA,0.0833333333333333,0.0172000000000001,0.635416666666667,62,0.364583333333333,0.916666666666667
"397","SBL","Kallstroemia_hirsutissima",NA,NA,0.404170804369414,0.401197604790419,1,NA,NA,0.33777057314588,0.34194708563707,0,0.0833333333333333,0.0375000000000002,0.739583333333333,72,0.260416666666667,0.916666666666667
"398","SBL","Kallstroemia_parviflora",0.597585513078471,0.648506151142354,0.956196581196581,0.965379494007989,0.918918918918919,0.0803857021596727,0.0631195508257833,0.000614411086131138,0.000532121473963297,0.00675195118762119,0.5,0.0420500000000001,0.760416666666667,74,0.239583333333333,0.5
"399","SBL","Krascheninnikovia_lanata",NA,-0.875,-1,-1,NA,NA,0.0213404282874103,0,0,NA,0.25,0.00500000000000004,0.520833333333333,51,0.479166666666667,0.75
"400","SBL","Lappula_occidentalis",NA,1,0.555555555555556,NA,0.555555555555556,NA,0,0.238987959152568,NA,0.238987959152568,0.0833333333333333,0.00025,0.3125,32.5,0.6875,0.916666666666667
"401","SBL","Lepidium_densiflorum",0.293293051359517,0.628803245436105,0.503083700440529,0.25,0.503978779840849,0.0582312084947319,0.00902416020041531,0.0391852006449069,0.439453125,0.0364093917888896,0.583333333333333,0.247425,0.916666666666667,89,0.0833333333333334,0.416666666666667
"402","SBL","Linum_puberulum",-1,0.444444444444445,-0.647058823529412,-0.733333333333333,-1.0842021724855e-16,0,0.310028194189736,0.0717727475194217,0.0580396327951885,0.5,0.25,0.000599999999999998,0.416666666666667,41,0.583333333333333,0.75
"403","SBL","Lithospermum_incisum",-1,0.784615384615384,NA,NA,NA,0,0.02758047501675,NA,NA,NA,0.166666666666667,0.000875000000000003,0.447916666666667,44,0.552083333333333,0.833333333333333
"404","SBL","Lotus_plebeius",0.127655350406988,-0.087092451987495,0.68235294117647,0.65952080706179,1,0.0405904023894463,0.0347078199762001,0.123693739202102,0.148284465212016,0,0.583333333333333,0.0946499999999999,0.864583333333333,84,0.135416666666667,0.416666666666667
"405","SBL","Lycurus_phleoides",NA,NA,1,1,NA,NA,NA,0,0,NA,0,0,0,12.5,1,1
"406","SBL","Machaeranthera_gracilis",NA,0.116279069767441,-1,-1,-1,NA,0.16754197143917,0,0,0,0.25,0.001325,0.479166666666667,47,0.520833333333333,0.75
"407","SBL","Machaeranthera_pinnatifida",0.666770476487075,0.693491306354824,0.44421906693712,0.183673469387755,0.955911823647295,0.0349409511471201,0.015871684257304,0.185392627418977,0.30973471145994,0.00173788666547481,0.583333333333333,0.0370500000000001,0.729166666666667,71,0.270833333333333,0.416666666666667
"408","SBL","Machaeranthera_tanacetifolia",NA,1,NA,NA,NA,NA,0,NA,NA,NA,0,0,0,12.5,1,1
"409","SBL","Malacothrix_fendleri",0.950078003120125,0.805285118219749,0.0666666666666667,-0.5,0.272727272727273,0.00130390926711937,0.00948554400818565,0.123027223003594,0.28125,0.111187585267225,0.333333333333333,0.011375,0.59375,58,0.40625,0.666666666666667
"410","SBL","Melampodium_leucanthum",0.629629629629629,0.629629629629628,NA,NA,NA,0.166998190833208,0.167038911496996,NA,NA,NA,0.0833333333333333,0.000625000000000004,0.427083333333333,42,0.572916666666667,0.916666666666667
"411","SBL","Mentzelia_albicaulis",NA,NA,1,1,1,NA,NA,0,0,0,0,0,0,12.5,1,1
"412","SBL","Mirabilis_linearis",1,0.578059071729957,1,1,1,0,0.149023085711882,0,0,0,0.0833333333333333,0.00125000000000001,0.458333333333333,45,0.541666666666667,0.916666666666667
"413","SBL","Muhlenbergia_arenacea",NA,NA,-1,NA,-1,NA,NA,0,NA,0,0.0833333333333333,0.00125000000000001,0.46875,46,0.53125,0.916666666666667
"414","SBL","Muhlenbergia_arenicola",-0.184534270650262,-0.402684563758388,-0.829268292682927,-1,1,0.103551373006486,0.0520699823347951,0.0369170744142638,0,0,0.833333333333333,0.0917499999999997,0.854166666666667,83,0.145833333333333,0.166666666666667
"415","SBL","Munroa_squarrosa",NA,NA,0.466666666666667,NA,0.466666666666667,NA,NA,0.195838599781216,NA,0.194427097182652,0.0833333333333333,5e-04,0.40625,40,0.59375,0.916666666666667
"416","SBL","Nama_dichotomum",NA,NA,1,NA,1,NA,NA,0,NA,0,0,0,0,12.5,1,1
"417","SBL","Nama_hispidum",NA,NA,NA,NA,NA,NA,NA,NA,NA,NA,0.0833333333333333,0.00025,0.3125,32.5,0.6875,0.916666666666667
"418","SBL","Oenothera_caespitosa",0.0576070901033964,-0.0308788598574812,0.140229885057471,NA,0.140229885057471,0.0675391763076589,0.0459272468651391,0.0972771359653206,NA,0.0923636515026096,0.5,0.015525,0.614583333333333,60,0.385416666666667,0.5
"419","SBL","Panicum_hirticaule",NA,NA,0.25,-1,1,NA,NA,0.439453124999998,0,0,0.0833333333333333,0.000375000000000001,0.395833333333333,39,0.604166666666667,0.916666666666667
"420","SBL","Pectis_angustifolia",NA,1,1,1,NA,NA,0,0,0,NA,0,0,0,12.5,1,1
"421","SBL","Phacelia_crenulata",0.770011273957159,-0.282121627800639,-1,NA,-1,0.01444860485929,0.212571373279888,0,NA,0,0.25,0.0352999999999999,0.71875,70,0.28125,0.75
"422","SBL","Phemeranthus_longipes",NA,NA,1,1,NA,NA,NA,0,0,NA,0,0,0,12.5,1,1
"423","SBL","Plantago_patagonica",0.668467276669239,0.486722277492921,0.0884394209795756,-0.838183934807916,0.27868068833652,0.00620545684795194,0.00933462834132893,0.0308015768519768,0.00789938784383518,0.0247802302256303,0.583333333333333,1.624,0.96875,94,0.03125,0.416666666666667
"424","SBL","Pleuraphis_jamesii",NA,1,-0.666666666666667,NA,-0.666666666666667,NA,0,0.154320987654321,NA,0.154320987654321,0.166666666666667,0.000875000000000002,0.4375,43,0.5625,0.833333333333333
"425","SBL","Portulaca_halimoides",NA,NA,1,1,NA,NA,NA,0,0,NA,0,0,0,12.5,1,1
"426","SBL","Portulaca_oleracea",1,1,1,1,1,0,0,0,0,0,0,0,0,12.5,1,1
"427","SBL","Psilostrophe_tagetina",NA,-1,NA,NA,NA,NA,0,NA,NA,NA,0.0833333333333333,0.000125,0.25,26,0.75,0.916666666666667
"428","SBL","Salsola_tragus",0.584367697815508,0.660616900252155,0.546341774574217,0.533505325130648,0.892857142857143,0.0169311689847954,0.00850763772761979,0.0324513132291061,0.032635148740891,0.0123700419630176,0.833333333333333,0.378275,0.927083333333333,90,0.0729166666666666,0.166666666666667
"429","SBL","Schkuhria_multiflora",NA,NA,1,1,NA,NA,NA,0,0,NA,0,0,0,12.5,1,1
"430","SBL","Scleropogon_brevifolius",1,1,1,NA,1,0,0,0,NA,0,0,0,0,12.5,1,1
"431","SBL","Selinocarpus_diffusus",NA,1,0.764705882352941,-1,1,NA,0,0.0807740462150123,0,0,0.0833333333333333,0.00025,0.3125,32.5,0.6875,0.916666666666667
"432","SBL","Senecio_flaccidus",-1,-1,NA,NA,NA,0,0,NA,NA,NA,0.25,0.016375,0.625,61,0.375,0.75
"433","SBL","Senna_bauhinioides",0.492260061919505,0.691037735849056,0.991379310344828,0.994583615436696,0.983633387888707,0.0581098638520671,0.0221879858943427,4.31144371167014e-05,2.6087746897298e-05,0.000326137766635072,0.666666666666667,0.00789999999999999,0.5625,55,0.4375,0.333333333333333
"434","SBL","Solanum_elaeagnifolium",-1,-0.600000000000001,-0.714285714285715,-1,-0.68421052631579,0,0.153416487455197,0.0854590006156599,0,0.107436489661918,0.416666666666667,0.00275000000000001,0.5,49,0.5,0.583333333333333
"435","SBL","Sphaeralcea_hastulata",0.371695178849146,0.401749063001964,0.806133493686109,0.843157711702313,0.723088923556942,0.061370886678481,0.0307469140595214,0.0101024783039838,0.0134649215058521,0.0318078325752833,0.833333333333333,0.0745499999999998,0.833333333333333,81,0.166666666666667,0.166666666666667
"436","SBL","Sphaeralcea_polychroma",0.65744920993228,0.723048169229461,0.53125,0.527186761229314,0.6,0.0243816779799944,0.0097524310307855,0.0838176466888373,0.0918681361027587,0.129312820512821,0.5,0.0459999999999999,0.770833333333333,75,0.229166666666667,0.5
"437","SBL","Sporobolus_sp",-0.157554406673682,-0.0525682402494393,0.917676965193586,0.873253168670783,0.936792057054957,0.0120329432321419,0.00872208151356389,0.000859109006873151,0.0058413052287826,0.00070715268284277,1,1.31965,0.958333333333333,93,0.0416666666666666,0
"438","SBL","Stephanomeria_pauciflora",0.191728005608133,0.064945995230749,-0.868597668668315,-0.919268849961919,-0.219512195121951,0.0700187282989083,0.0531651404525093,0.0168844557581913,0.00918932810362267,0.215308462538147,0.833333333333333,0.16845,0.895833333333333,87,0.104166666666667,0.166666666666667
"439","SBL","Townsendia_annua",1,1,NA,NA,NA,0,0,NA,NA,NA,0,0,0,12.5,1,1
"440","SBL","Tragus_racemosus",-0.142857142857143,0.535087719298244,0.941176470588235,1,0.909090909090909,0.263724263504231,0.0796456401742738,0.00425153440527891,0,0.0115227872553191,0.25,0.005425,0.541666666666667,53,0.458333333333333,0.75
"441","SBL","Yucca_glauca",1,1,NA,NA,NA,0,0,NA,NA,NA,0,0,0,12.5,1,1
"442","SBL","Zinnia_grandiflora",0.019367991845056,0.212777476989713,0.273356401384082,0.264367816091954,0.286956521739131,0.0865917396021164,0.0441696852061088,0.084747443285029,0.165332805683671,0.161815813833478,1,0.032425,0.697916666666667,68,0.302083333333333,0
"443","SGS","Aristida_purpurea",-0.488372093023256,-0.488372093023256,-0.565217391304347,-0.818181818181818,-1,0.0559330448556481,0.0559330448556481,0.0995109229201736,0.0341679642481361,0,0.9,0.1475,0.553571428571429,32,0.446428571428571,0.1
"444","SGS","Artemesia_frigida",-0.339087546239211,-0.339087546239211,-0.177816901408451,-0.291139240506329,0.361963190184049,0.00489271830245892,0.00489271830245892,0.00812829128601652,0.00793411781725357,0.0253447327270021,1,4.40000000000001,0.875,50,0.125,0
"445","SGS","Astragalus_mollissimus",1,1,0.11111111111111,0.111111111111112,NA,0,0,0.0663106553785372,0.0631099981114162,NA,0.1,0.03,0.303571428571429,18,0.696428571428571,0.9
"446","SGS","Astragalus_shortianus",-0.499999999999999,-0.499999999999999,-0.333333333333333,-1,3.46944695195361e-16,0.186910377358491,0.186910377358491,0.295799987592283,0,0.499999999999999,0.3,0.0125,0.214285714285714,13,0.785714285714286,0.7
"447","SGS","Astragalus_sp",0.139240506329114,0.139240506329114,0.91304347826087,0.9,1,0.0486046542528574,0.0486046542528574,0.0103312076407208,0.0147588607594934,0,0.5,0.0725000000000002,0.464285714285714,27,0.535714285714286,0.5
"448","SGS","Bouteloua_dactyloides",0.366459627329192,0.366459627329192,-0.186440677966102,-0.727272727272728,-0.3,0.0300078668549079,0.0300078668549079,0.0308745933182005,0.0399221364660882,0.0532398734177216,1,0.235,0.660714285714286,38,0.339285714285714,0
"449","SGS","Bouteloua_gracilis",-0.353307623850489,-0.353307623850489,-0.336627140974967,-0.828470380194518,-0.925465838509317,0.00119971474634264,0.00119971474634264,0.00411851239621508,0.00117133559310792,0.00126339504941851,1,26.9424999999999,1,57,0,0
"450","SGS","Bouteloua_hirsuta",1,1,1,NA,NA,0,0,0,NA,NA,0.1,0.0550000000000002,0.446428571428571,26,0.553571428571429,0.9
"451","SGS","Bromus_tectorum",0.230769230769231,0.230769230769231,0.375025799793604,0.550387596899225,0.354123354123354,0.128033851852782,0.128033851852782,0.00854586603222433,0.029387102225974,0.00783154873916983,0.7,3.8475,0.857142857142857,49,0.142857142857143,0.3
"452","SGS","Carex_eleocharis",-0.202670481640439,-0.202670481640439,-0.16081718177056,-0.188630490956072,-0.159090909090909,0.00415085577369526,0.00415085577369526,0.00394350604467603,0.00973566239665437,0.0116949783220546,1,6.2175,0.928571428571429,53,0.0714285714285714,0
"453","SGS","Chenopodium_sp.",0.398058252427185,0.398058252427185,0.117493472584856,0.144508670520231,-0.135135135135135,0.0167969944926676,0.0167969944926676,0.0253024533895541,0.0275226716076175,0.0259953079831793,0.7,0.6275,0.767857142857143,44,0.232142857142857,0.3
"454","SGS","Cirsium_undulatum",0.481481481481482,0.481481481481482,1,1,1,0.034196806241258,0.034196806241258,0,0,0,0.3,0.0175,0.232142857142857,14,0.767857142857143,0.7
"455","SGS","Conyza_canadensis",-0.832402234636872,-0.832402234636872,0.214285714285715,0.214285714285714,NA,0.00431634972094377,0.00431634972094377,0.0229032631922629,0.0196204838173968,NA,0.7,0.467499999999999,0.732142857142857,42,0.267857142857143,0.3
"456","SGS","Cryptantha_minima",0.591836734693878,0.591836734693878,0.623003194888179,0.661538461538461,0.433962264150943,0.0674195216428393,0.0674195216428393,0.0280165281482005,0.0372842825859287,0.064649858609717,0.7,0.2125,0.625,36,0.375,0.3
"457","SGS","Draba_reptans",-1,-1,NA,NA,NA,0,0,NA,NA,NA,0.1,0.0025,0.0535714285714286,4,0.946428571428571,0.9
"458","SGS","Echinocereus_Escobaria",0.232876712328767,0.232876712328767,0.241379310344828,0.266666666666667,0.111111111111111,0.0115947300083452,0.0115947300083452,0.0151217360326583,0.0283142991092358,0.0543294766350452,1,0.155,0.571428571428571,33,0.428571428571429,0
"459","SGS","Elymus_elymoides",-0.100062932662051,-0.100062932662051,-0.0317483540599847,-0.0272887323943662,-0.0331795209843991,0.00215556334982943,0.00215556334982943,0.00175502478500094,0.00195319456450816,0.00130868591474966,1,13.215,0.982142857142857,56,0.0178571428571429,0
"460","SGS","Ericameria_nauseosa",0.0499999999999998,0.0499999999999998,0.9,0.789473684210526,1,0.0522358294025157,0.0522358294025157,0.00701984924623108,0.0355919594450277,0,0.6,0.0550000000000001,0.428571428571429,25,0.571428571428571,0.4
"461","SGS","Euphorbia_sp.",-0.377049180327869,-0.377049180327869,-0.833333333333333,-1,-0.777777777777778,0.0259669956546345,0.0259669956546345,0.0257440753148459,0,0.0446983421406508,0.7,0.1875,0.589285714285714,34,0.410714285714286,0.3
"462","SGS","Evolvulus_nuttalliana",NA,NA,NA,NA,NA,NA,NA,NA,NA,NA,0,0,0,2,1,1
"463","SGS","Gutierrezia_sarothrae",-6.93889390390721e-17,-6.93889390390721e-17,NA,NA,NA,0.499999999999995,0.499999999999995,NA,NA,NA,0.1,0.00250000000000001,0.142857142857143,9,0.857142857142857,0.9
"464","SGS","Hesperostipa_comata",-1,-1,-0.463414634146341,-1,-0.421052631578947,0,0,0.101858273108869,0,0.119853567029571,0.5,0.0849999999999994,0.482142857142857,28,0.517857142857143,0.5
"465","SGS","Heterotheca_villosa",0.00751879699248124,0.00751879699248124,0.686746987951808,0.566666666666666,1,0.0306639855744166,0.0306639855744166,0.0200104913447748,0.0371392326926083,0,0.5,0.1975,0.607142857142857,35,0.392857142857143,0.5
"466","SGS","Ipomopsis_laxiflora",0.352564102564104,0.352564102564104,0.399999999999999,0.351351351351351,1,0.0239792344014278,0.0239792344014278,0.0243075376884422,0.0253521037150133,0,0.6,0.397500000000001,0.714285714285714,41,0.285714285714286,0.4
"467","SGS","Kochia_scoparia",-1,-1,NA,NA,NA,0,0,NA,NA,NA,0.2,0.0200000000000001,0.25,15,0.75,0.8
"468","SGS","Lactuca_serriola",0.105263157894738,0.105263157894738,1,1,NA,0.0761407524014599,0.0761407524014599,0,0,NA,0.3,0.0424999999999999,0.392857142857143,23,0.607142857142857,0.7
"469","SGS","Lappula_redowskii",NA,NA,1,1,NA,NA,NA,0,0,NA,0,0,0,2,1,1
"470","SGS","Lepidium_densiflorum",-0.182320441988951,-0.182320441988951,2.46716227694479e-16,-0.0019801980198025,0.0285714285714292,0.00739417954624567,0.00739417954624567,0.0200419105127834,0.0193628750578027,0.0586155093605512,0.8,0.957500000000001,0.821428571428571,47,0.178571428571429,0.2
"471","SGS","Leucocrinum_montanum",-1,-1,-0.666666666666667,-0.428571428571428,-1,0,0,0.0876295055524539,0.198229640603335,0,0.7,0.0349999999999999,0.357142857142857,21,0.642857142857143,0.3
"472","SGS","Lithospermum_incisum",-0.8,-0.8,-1,-1,-1,0.03742893081761,0.03742893081761,0,0,0,0.6,0.03,0.321428571428571,19,0.678571428571429,0.4
"473","SGS","Lygodesmia_juncea",0.666666666666666,0.666666666666666,-0.279999999999999,-1,-0.25,0.092204363692833,0.092204363692833,0.160635651859297,0,0.171784348628692,0.4,0.0424999999999997,0.375,22,0.625,0.6
"474","SGS","Machaeranthera_pinnatifida",-1,-1,-1,-1,NA,0,0,0,0,NA,0.5,0.0325,0.339285714285714,20,0.660714285714286,0.5
"475","SGS","Machaeranthera_tanacetifolia",-0.854545454545454,-0.854545454545454,-0.444444444444444,-0.411764705882352,-1,0.00361894543581629,0.00361894543581629,0.0303586979249241,0.0318876826096492,0,0.6,0.825000000000001,0.785714285714286,45,0.214285714285714,0.4
"476","SGS","Mirabilis_linearis",-0.128205128205129,-0.128205128205129,-0.703703703703704,-0.333333333333333,-0.7,0.0790776963430925,0.0790776963430925,0.0355938290431159,0.295046100953274,0.0565816455696202,0.9,0.1275,0.535714285714286,31,0.464285714285714,0.1
"477","SGS","Muhlenbergia_torreyi",-1,-1,-1,-1,NA,0,0,0,0,NA,0.7,0.222500000000002,0.642857142857143,37,0.357142857142857,0.3
"478","SGS","Oenothera_sp",0.0413223140495877,0.0413223140495877,0.0434782608695646,0.064102564102564,-0.6,0.0295274793581437,0.0295274793581437,0.0254073515487451,0.0233900919477507,0.127027848101266,0.8,0.35,0.696428571428571,40,0.303571428571429,0.2
"479","SGS","Opuntia_polycantha",-0.2734375,-0.2734375,-0.360443622920518,-0.414545454545454,-0.3828125,0.00793815372546889,0.00793815372546889,0.00510100064137131,0.0117891193019775,0.011172332233748,1,4.89,0.892857142857143,51,0.107142857142857,0
"480","SGS","Orobanche_sp.",NA,NA,-1,-1,NA,NA,NA,0,0,NA,0.1,0.00250000000000001,0.125,8,0.875,0.9
"481","SGS","Oxytropis_sericea",-1,-1,NA,NA,NA,0,0,NA,NA,NA,0.1,0.0125,0.196428571428571,12,0.803571428571429,0.9
"482","SGS","Pascopyrum_smithii",-0.4,-0.4,-0.269230769230772,1,NA,0.251366037735851,0.251366037735851,0.0941731114080242,0,NA,0.4,0.11,0.517857142857143,30,0.482142857142857,0.6
"483","SGS","Penstemon_angustifolius",1,1,NA,NA,NA,0,0,NA,NA,NA,0,0,0,2,1,1
"484","SGS","Picradeniopsis_oppositifolia",NA,NA,-1,NA,-1,NA,NA,0,NA,0,0.1,0.00250000000000002,0.160714285714286,10,0.839285714285714,0.9
"485","SGS","Plantago_patagonica",-0.311392405063291,-0.311392405063291,-0.35677821894498,-0.373365041617122,-0.012345679012346,0.00695130269525982,0.00695130269525982,0.00890699360943123,0.00721373425862369,0.0180573185685939,0.8,8.8475,0.946428571428571,54,0.0535714285714286,0.2
"486","SGS","Psoralea_tenuiflora",2.08166817117216e-16,2.08166817117216e-16,NA,NA,NA,0.499999999999997,0.499999999999997,NA,NA,NA,0.1,0.00250000000000001,0.0892857142857143,6,0.910714285714286,0.9
"487","SGS","Salsola_tragus",0.493975903614457,0.493975903614457,-0.163636363636364,0.5,-0.348837209302325,0.0197039053309734,0.0197039053309734,0.0602811514028033,0.0597310126582279,0.0683009161709995,0.8,0.869999999999998,0.803571428571429,46,0.196428571428571,0.2
"488","SGS","Scorzonera_laciniata",0,0,NA,NA,NA,0.499999999999996,0.499999999999996,NA,NA,NA,0.1,0.0025,0.0714285714285714,5,0.928571428571429,0.9
"489","SGS","Sisymbrium_altissimum",0.873817034700315,0.873817034700315,0.770419426048566,0.830508474576271,0.741407528641571,0.00342693376212049,0.00342693376212049,0.00389328880665818,0.00349290742870205,0.00760803423216589,0.7,0.309999999999999,0.678571428571429,39,0.321428571428571,0.3
"490","SGS","Solanum_triflorum",1,1,-1,NA,-1,0,0,0,NA,0,0.1,0.00250000000000003,0.178571428571429,11,0.821428571428571,0.9
"491","SGS","Sphaeralcea_coccinea",0.103244837758112,0.103244837758112,-0.179460580912863,-0.0416666666666665,-0.398416886543536,0.00167330353678109,0.00167330353678109,0.00344633576521005,0.00487667251009792,0.00814186420061641,1,5.4775,0.910714285714286,52,0.0892857142857143,0
"492","SGS","Sporobolus_cryptandrus",-0.499999999999999,-0.499999999999999,NA,NA,NA,0.139740566037736,0.139740566037736,NA,NA,NA,0.4,0.025,0.267857142857143,16,0.732142857142857,0.6
"493","SGS","Stephanomeria_runcinata",-0.771428571428571,-0.771428571428571,0,6.93889390390722e-16,NA,0.0234053924072517,0.0234053924072517,0.500000000000004,0.499999999999998,NA,0.6,0.0874999999999998,0.5,29,0.5,0.4
"494","SGS","Talinum_parviflorum",-1,-1,NA,NA,NA,0,0,NA,NA,NA,0.5,0.0474999999999999,0.410714285714286,24,0.589285714285714,0.5
"495","SGS","Taraxacum_officinale",-1,-1,-1,-1,NA,0,0,0,0,NA,0.4,0.0275,0.285714285714286,17,0.714285714285714,0.6
"496","SGS","Theleperma_filifolium",-0.728155339805826,-0.728155339805826,3.08395284618099e-16,0.0534351145038167,-0.538461538461539,0.0173907219949792,0.0173907219949792,0.0335473664619392,0.0353957726636014,0.0853070864536443,0.8,1.125,0.839285714285714,48,0.160714285714286,0.2
"497","SGS","Tradescantia_occidentalis",NA,NA,0.333333333333333,0.333333333333333,NA,NA,NA,0.395061728395065,0.395061728395061,NA,0.1,0.00250000000000001,0.107142857142857,7,0.892857142857143,0.9
"498","SGS","Tragopogon_dubius",0.138121546961326,0.138121546961326,0.204081632653061,0.187878787878788,0.290322580645161,0.00896700493627269,0.00896700493627269,0.0127539079329937,0.0139851486382549,0.0436239077798002,0.9,0.587500000000001,0.75,43,0.25,0.1
"499","SGS","Vulpia_octoflora",0.181900687151562,0.181900687151562,0.470240607851414,0.477764177886577,0.462177525142108,0.00402225465809466,0.00402225465809466,0.00174770353385697,0.00245244774387204,0.0030937210432605,0.9,11.075,0.964285714285714,55,0.0357142857142857,0.1
