"spei","lon","lat","Site","year","month","Rdate"
0.821606516838074,-104.75,41.25,"CHY",1901,6,1901-06-01
-0.644189417362213,-99.25,38.75,"HAYS",1901,6,1901-06-01
-1.12604069709778,-96.75,39.25,"KNZ",1901,6,1901-06-01
-0.00373895722441375,-106.75,34.25,"SEV_BLACK",1901,6,1901-06-01
-0.00373895722441375,-106.75,34.25,"SEV_BLUE",1901,6,1901-06-01
0.807851314544678,-104.75,40.75,"SGS",1901,6,1901-06-01
0.552335858345032,-104.75,41.25,"CHY",1901,7,1901-07-01
-1.15809428691864,-99.25,38.75,"HAYS",1901,7,1901-07-01
-1.38741183280945,-96.75,39.25,"KNZ",1901,7,1901-07-01
0.216873839497566,-106.75,34.25,"SEV_BLACK",1901,7,1901-07-01
0.216873839497566,-106.75,34.25,"SEV_BLUE",1901,7,1901-07-01
0.44691413640976,-104.75,40.75,"SGS",1901,7,1901-07-01
0.190660387277603,-104.75,41.25,"CHY",1901,8,1901-08-01
-1.35280442237854,-99.25,38.75,"HAYS",1901,8,1901-08-01
-1.69051468372345,-96.75,39.25,"KNZ",1901,8,1901-08-01
-0.510118722915649,-106.75,34.25,"SEV_BLACK",1901,8,1901-08-01
-0.510118722915649,-106.75,34.25,"SEV_BLUE",1901,8,1901-08-01
0.173185363411903,-104.75,40.75,"SGS",1901,8,1901-08-01
0.106319352984428,-104.75,41.25,"CHY",1901,9,1901-09-01
-1.17528736591339,-99.25,38.75,"HAYS",1901,9,1901-09-01
-1.62298333644867,-96.75,39.25,"KNZ",1901,9,1901-09-01
-0.628533124923706,-106.75,34.25,"SEV_BLACK",1901,9,1901-09-01
-0.628533124923706,-106.75,34.25,"SEV_BLUE",1901,9,1901-09-01
0.0772377923130989,-104.75,40.75,"SGS",1901,9,1901-09-01
-0.311854839324951,-104.75,41.25,"CHY",1901,10,1901-10-01
-1.3681697845459,-99.25,38.75,"HAYS",1901,10,1901-10-01
-1.68061256408691,-96.75,39.25,"KNZ",1901,10,1901-10-01
-0.342120438814163,-106.75,34.25,"SEV_BLACK",1901,10,1901-10-01
-0.342120438814163,-106.75,34.25,"SEV_BLUE",1901,10,1901-10-01
-0.581932306289673,-104.75,40.75,"SGS",1901,10,1901-10-01
-0.653852701187134,-104.75,41.25,"CHY",1901,11,1901-11-01
-1.27751743793488,-99.25,38.75,"HAYS",1901,11,1901-11-01
-1.67212855815887,-96.75,39.25,"KNZ",1901,11,1901-11-01
-0.150386437773705,-106.75,34.25,"SEV_BLACK",1901,11,1901-11-01
-0.150386437773705,-106.75,34.25,"SEV_BLUE",1901,11,1901-11-01
-0.859481334686279,-104.75,40.75,"SGS",1901,11,1901-11-01
-0.918408274650574,-104.75,41.25,"CHY",1901,12,1901-12-01
-1.02736270427704,-99.25,38.75,"HAYS",1901,12,1901-12-01
-1.51819944381714,-96.75,39.25,"KNZ",1901,12,1901-12-01
-0.263215810060501,-106.75,34.25,"SEV_BLACK",1901,12,1901-12-01
-0.263215810060501,-106.75,34.25,"SEV_BLUE",1901,12,1901-12-01
-1.07474482059479,-104.75,40.75,"SGS",1901,12,1901-12-01
-0.732164204120636,-104.75,41.25,"CHY",1902,1,1902-01-01
-0.326703161001205,-99.25,38.75,"HAYS",1902,1,1902-01-01
-1.2220561504364,-96.75,39.25,"KNZ",1902,1,1902-01-01
-0.562099158763885,-106.75,34.25,"SEV_BLACK",1902,1,1902-01-01
-0.562099158763885,-106.75,34.25,"SEV_BLUE",1902,1,1902-01-01
-0.737338900566101,-104.75,40.75,"SGS",1902,1,1902-01-01
-0.717340290546417,-104.75,41.25,"CHY",1902,2,1902-02-01
0.0358298234641552,-99.25,38.75,"HAYS",1902,2,1902-02-01
-0.839346885681152,-96.75,39.25,"KNZ",1902,2,1902-02-01
-0.445874750614166,-106.75,34.25,"SEV_BLACK",1902,2,1902-02-01
-0.445874750614166,-106.75,34.25,"SEV_BLUE",1902,2,1902-02-01
-0.873223543167114,-104.75,40.75,"SGS",1902,2,1902-02-01
-0.258226186037064,-104.75,41.25,"CHY",1902,3,1902-03-01
-0.21271775662899,-99.25,38.75,"HAYS",1902,3,1902-03-01
-1.21896386146545,-96.75,39.25,"KNZ",1902,3,1902-03-01
-0.321735590696335,-106.75,34.25,"SEV_BLACK",1902,3,1902-03-01
-0.321735590696335,-106.75,34.25,"SEV_BLUE",1902,3,1902-03-01
-0.450938552618027,-104.75,40.75,"SGS",1902,3,1902-03-01
-0.272041261196136,-104.75,41.25,"CHY",1902,4,1902-04-01
-0.799270212650299,-99.25,38.75,"HAYS",1902,4,1902-04-01
-1.74003303050995,-96.75,39.25,"KNZ",1902,4,1902-04-01
-1.19849967956543,-106.75,34.25,"SEV_BLACK",1902,4,1902-04-01
-1.19849967956543,-106.75,34.25,"SEV_BLUE",1902,4,1902-04-01
-0.469559848308563,-104.75,40.75,"SGS",1902,4,1902-04-01
-0.0655333325266838,-104.75,41.25,"CHY",1902,5,1902-05-01
-0.237791627645493,-99.25,38.75,"HAYS",1902,5,1902-05-01
-0.953606426715851,-96.75,39.25,"KNZ",1902,5,1902-05-01
-1.44923043251038,-106.75,34.25,"SEV_BLACK",1902,5,1902-05-01
-1.44923043251038,-106.75,34.25,"SEV_BLUE",1902,5,1902-05-01
-0.135397970676422,-104.75,40.75,"SGS",1902,5,1902-05-01
-0.351393848657608,-104.75,41.25,"CHY",1902,6,1902-06-01
0.6108438372612,-99.25,38.75,"HAYS",1902,6,1902-06-01
0.399537026882172,-96.75,39.25,"KNZ",1902,6,1902-06-01
-1.46985256671906,-106.75,34.25,"SEV_BLACK",1902,6,1902-06-01
-1.46985256671906,-106.75,34.25,"SEV_BLUE",1902,6,1902-06-01
-0.505691885948181,-104.75,40.75,"SGS",1902,6,1902-06-01
-0.206090927124023,-104.75,41.25,"CHY",1902,7,1902-07-01
0.578718066215515,-99.25,38.75,"HAYS",1902,7,1902-07-01
0.833327293395996,-96.75,39.25,"KNZ",1902,7,1902-07-01
-1.34888565540314,-106.75,34.25,"SEV_BLACK",1902,7,1902-07-01
-1.34888565540314,-106.75,34.25,"SEV_BLUE",1902,7,1902-07-01
-0.402651518583298,-104.75,40.75,"SGS",1902,7,1902-07-01
-0.322154819965363,-104.75,41.25,"CHY",1902,8,1902-08-01
0.598233044147491,-99.25,38.75,"HAYS",1902,8,1902-08-01
1.15476143360138,-96.75,39.25,"KNZ",1902,8,1902-08-01
-0.860876083374023,-106.75,34.25,"SEV_BLACK",1902,8,1902-08-01
-0.860876083374023,-106.75,34.25,"SEV_BLUE",1902,8,1902-08-01
-0.393278807401657,-104.75,40.75,"SGS",1902,8,1902-08-01
-0.158974200487137,-104.75,41.25,"CHY",1902,9,1902-09-01
0.960538804531097,-99.25,38.75,"HAYS",1902,9,1902-09-01
1.2954648733139,-96.75,39.25,"KNZ",1902,9,1902-09-01
-1.03725171089172,-106.75,34.25,"SEV_BLACK",1902,9,1902-09-01
-1.03725171089172,-106.75,34.25,"SEV_BLUE",1902,9,1902-09-01
-0.0257711876183748,-104.75,40.75,"SGS",1902,9,1902-09-01
-0.0846512168645859,-104.75,41.25,"CHY",1902,10,1902-10-01
1.18180787563324,-99.25,38.75,"HAYS",1902,10,1902-10-01
1.56741344928741,-96.75,39.25,"KNZ",1902,10,1902-10-01
-0.876505136489868,-106.75,34.25,"SEV_BLACK",1902,10,1902-10-01
-0.876505136489868,-106.75,34.25,"SEV_BLUE",1902,10,1902-10-01
0.146318539977074,-104.75,40.75,"SGS",1902,10,1902-10-01
0.059899564832449,-104.75,41.25,"CHY",1902,11,1902-11-01
1.1559362411499,-99.25,38.75,"HAYS",1902,11,1902-11-01
1.72500276565552,-96.75,39.25,"KNZ",1902,11,1902-11-01
-0.718663275241852,-106.75,34.25,"SEV_BLACK",1902,11,1902-11-01
-0.718663275241852,-106.75,34.25,"SEV_BLUE",1902,11,1902-11-01
0.273257195949554,-104.75,40.75,"SGS",1902,11,1902-11-01
0.261434316635132,-104.75,41.25,"CHY",1902,12,1902-12-01
0.942594170570374,-99.25,38.75,"HAYS",1902,12,1902-12-01
1.36081492900848,-96.75,39.25,"KNZ",1902,12,1902-12-01
-0.277366936206818,-106.75,34.25,"SEV_BLACK",1902,12,1902-12-01
-0.277366936206818,-106.75,34.25,"SEV_BLUE",1902,12,1902-12-01
0.61439722776413,-104.75,40.75,"SGS",1902,12,1902-12-01
0.206219151616096,-104.75,41.25,"CHY",1903,1,1903-01-01
1.0012481212616,-99.25,38.75,"HAYS",1903,1,1903-01-01
0.994388341903687,-96.75,39.25,"KNZ",1903,1,1903-01-01
-0.369988888502121,-106.75,34.25,"SEV_BLACK",1903,1,1903-01-01
-0.369988888502121,-106.75,34.25,"SEV_BLUE",1903,1,1903-01-01
0.63336580991745,-104.75,40.75,"SGS",1903,1,1903-01-01
1.21534299850464,-104.75,41.25,"CHY",1903,2,1903-02-01
1.44940793514252,-99.25,38.75,"HAYS",1903,2,1903-02-01
0.723000884056091,-96.75,39.25,"KNZ",1903,2,1903-02-01
-0.0841529667377472,-106.75,34.25,"SEV_BLACK",1903,2,1903-02-01
-0.0841529667377472,-106.75,34.25,"SEV_BLUE",1903,2,1903-02-01
1.42520618438721,-104.75,40.75,"SGS",1903,2,1903-02-01
0.631795883178711,-104.75,41.25,"CHY",1903,3,1903-03-01
0.817718088626862,-99.25,38.75,"HAYS",1903,3,1903-03-01
0.560460567474365,-96.75,39.25,"KNZ",1903,3,1903-03-01
0.25401371717453,-106.75,34.25,"SEV_BLACK",1903,3,1903-03-01
0.25401371717453,-106.75,34.25,"SEV_BLUE",1903,3,1903-03-01
0.529003798961639,-104.75,40.75,"SGS",1903,3,1903-03-01
0.744568765163422,-104.75,41.25,"CHY",1903,4,1903-04-01
0.892128646373749,-99.25,38.75,"HAYS",1903,4,1903-04-01
0.385678052902222,-96.75,39.25,"KNZ",1903,4,1903-04-01
0.448985308408737,-106.75,34.25,"SEV_BLACK",1903,4,1903-04-01
0.448985308408737,-106.75,34.25,"SEV_BLUE",1903,4,1903-04-01
0.516506314277649,-104.75,40.75,"SGS",1903,4,1903-04-01
0.206232815980911,-104.75,41.25,"CHY",1903,5,1903-05-01
1.50607919692993,-99.25,38.75,"HAYS",1903,5,1903-05-01
1.68019986152649,-96.75,39.25,"KNZ",1903,5,1903-05-01
0.426215410232544,-106.75,34.25,"SEV_BLACK",1903,5,1903-05-01
0.426215410232544,-106.75,34.25,"SEV_BLUE",1903,5,1903-05-01
0.0249763056635857,-104.75,40.75,"SGS",1903,5,1903-05-01
0.151152223348618,-104.75,41.25,"CHY",1903,6,1903-06-01
1.25152838230133,-99.25,38.75,"HAYS",1903,6,1903-06-01
1.17388355731964,-96.75,39.25,"KNZ",1903,6,1903-06-01
1.34300637245178,-106.75,34.25,"SEV_BLACK",1903,6,1903-06-01
1.34300637245178,-106.75,34.25,"SEV_BLUE",1903,6,1903-06-01
0.129214987158775,-104.75,40.75,"SGS",1903,6,1903-06-01
0.176736876368523,-104.75,41.25,"CHY",1903,7,1903-07-01
1.07172203063965,-99.25,38.75,"HAYS",1903,7,1903-07-01
1.055659532547,-96.75,39.25,"KNZ",1903,7,1903-07-01
0.699009299278259,-106.75,34.25,"SEV_BLACK",1903,7,1903-07-01
0.699009299278259,-106.75,34.25,"SEV_BLUE",1903,7,1903-07-01
0.156611099839211,-104.75,40.75,"SGS",1903,7,1903-07-01
-0.0920944660902023,-104.75,41.25,"CHY",1903,8,1903-08-01
1.12217593193054,-99.25,38.75,"HAYS",1903,8,1903-08-01
1.36814475059509,-96.75,39.25,"KNZ",1903,8,1903-08-01
-0.185431987047195,-106.75,34.25,"SEV_BLACK",1903,8,1903-08-01
-0.185431987047195,-106.75,34.25,"SEV_BLUE",1903,8,1903-08-01
-0.263958424329758,-104.75,40.75,"SGS",1903,8,1903-08-01
0.0233178976923227,-104.75,41.25,"CHY",1903,9,1903-09-01
0.915515184402466,-99.25,38.75,"HAYS",1903,9,1903-09-01
1.27580273151398,-96.75,39.25,"KNZ",1903,9,1903-09-01
-0.0447883270680904,-106.75,34.25,"SEV_BLACK",1903,9,1903-09-01
-0.0447883270680904,-106.75,34.25,"SEV_BLUE",1903,9,1903-09-01
-0.209897622466087,-104.75,40.75,"SGS",1903,9,1903-09-01
-0.0957740694284439,-104.75,41.25,"CHY",1903,10,1903-10-01
0.821856141090393,-99.25,38.75,"HAYS",1903,10,1903-10-01
1.32447719573975,-96.75,39.25,"KNZ",1903,10,1903-10-01
-0.335866808891296,-106.75,34.25,"SEV_BLACK",1903,10,1903-10-01
-0.335866808891296,-106.75,34.25,"SEV_BLUE",1903,10,1903-10-01
-0.27121776342392,-104.75,40.75,"SGS",1903,10,1903-10-01
0.222944363951683,-104.75,41.25,"CHY",1903,11,1903-11-01
0.242651954293251,-99.25,38.75,"HAYS",1903,11,1903-11-01
0.348344922065735,-96.75,39.25,"KNZ",1903,11,1903-11-01
-0.740783393383026,-106.75,34.25,"SEV_BLACK",1903,11,1903-11-01
-0.740783393383026,-106.75,34.25,"SEV_BLUE",1903,11,1903-11-01
0.0101957749575377,-104.75,40.75,"SGS",1903,11,1903-11-01
-0.177915543317795,-104.75,41.25,"CHY",1903,12,1903-12-01
-0.0915503725409508,-99.25,38.75,"HAYS",1903,12,1903-12-01
0.41985821723938,-96.75,39.25,"KNZ",1903,12,1903-12-01
-1.89311039447784,-106.75,34.25,"SEV_BLACK",1903,12,1903-12-01
-1.89311039447784,-106.75,34.25,"SEV_BLUE",1903,12,1903-12-01
-0.601482033729553,-104.75,40.75,"SGS",1903,12,1903-12-01
-0.512349367141724,-104.75,41.25,"CHY",1904,1,1904-01-01
-0.182456627488136,-99.25,38.75,"HAYS",1904,1,1904-01-01
0.414692640304565,-96.75,39.25,"KNZ",1904,1,1904-01-01
-1.44936919212341,-106.75,34.25,"SEV_BLACK",1904,1,1904-01-01
-1.44936919212341,-106.75,34.25,"SEV_BLUE",1904,1,1904-01-01
-0.847283601760864,-104.75,40.75,"SGS",1904,1,1904-01-01
-1.27375435829163,-104.75,41.25,"CHY",1904,2,1904-02-01
-1.38792526721954,-99.25,38.75,"HAYS",1904,2,1904-02-01
-0.590847969055176,-96.75,39.25,"KNZ",1904,2,1904-02-01
-1.56004655361176,-106.75,34.25,"SEV_BLACK",1904,2,1904-02-01
-1.56004655361176,-106.75,34.25,"SEV_BLUE",1904,2,1904-02-01
-1.23076546192169,-104.75,40.75,"SGS",1904,2,1904-02-01
-1.84071290493011,-104.75,41.25,"CHY",1904,3,1904-03-01
-1.41883182525635,-99.25,38.75,"HAYS",1904,3,1904-03-01
-0.581630527973175,-96.75,39.25,"KNZ",1904,3,1904-03-01
-2.07630133628845,-106.75,34.25,"SEV_BLACK",1904,3,1904-03-01
-2.07630133628845,-106.75,34.25,"SEV_BLUE",1904,3,1904-03-01
-1.69991421699524,-104.75,40.75,"SGS",1904,3,1904-03-01
-1.76018476486206,-104.75,41.25,"CHY",1904,4,1904-04-01
-1.33716773986816,-99.25,38.75,"HAYS",1904,4,1904-04-01
-0.237784639000893,-96.75,39.25,"KNZ",1904,4,1904-04-01
-1.9941885471344,-106.75,34.25,"SEV_BLACK",1904,4,1904-04-01
-1.9941885471344,-106.75,34.25,"SEV_BLUE",1904,4,1904-04-01
-1.65595817565918,-104.75,40.75,"SGS",1904,4,1904-04-01
-0.377589851617813,-104.75,41.25,"CHY",1904,5,1904-05-01
-1.01729452610016,-99.25,38.75,"HAYS",1904,5,1904-05-01
0.197439789772034,-96.75,39.25,"KNZ",1904,5,1904-05-01
-1.77550172805786,-106.75,34.25,"SEV_BLACK",1904,5,1904-05-01
-1.77550172805786,-106.75,34.25,"SEV_BLUE",1904,5,1904-05-01
-0.305156022310257,-104.75,40.75,"SGS",1904,5,1904-05-01
0.110289536416531,-104.75,41.25,"CHY",1904,6,1904-06-01
-0.0237413570284843,-99.25,38.75,"HAYS",1904,6,1904-06-01
0.89538311958313,-96.75,39.25,"KNZ",1904,6,1904-06-01
-1.22874248027802,-106.75,34.25,"SEV_BLACK",1904,6,1904-06-01
-1.22874248027802,-106.75,34.25,"SEV_BLUE",1904,6,1904-06-01
0.17837293446064,-104.75,40.75,"SGS",1904,6,1904-06-01
0.40491771697998,-104.75,41.25,"CHY",1904,7,1904-07-01
0.644611954689026,-99.25,38.75,"HAYS",1904,7,1904-07-01
1.20226979255676,-96.75,39.25,"KNZ",1904,7,1904-07-01
-1.36584317684174,-106.75,34.25,"SEV_BLACK",1904,7,1904-07-01
-1.36584317684174,-106.75,34.25,"SEV_BLUE",1904,7,1904-07-01
0.504109740257263,-104.75,40.75,"SGS",1904,7,1904-07-01
0.474300265312195,-104.75,41.25,"CHY",1904,8,1904-08-01
0.812705159187317,-99.25,38.75,"HAYS",1904,8,1904-08-01
1.08985912799835,-96.75,39.25,"KNZ",1904,8,1904-08-01
-0.840664863586426,-106.75,34.25,"SEV_BLACK",1904,8,1904-08-01
-0.840664863586426,-106.75,34.25,"SEV_BLUE",1904,8,1904-08-01
0.510171353816986,-104.75,40.75,"SGS",1904,8,1904-08-01
0.624701678752899,-104.75,41.25,"CHY",1904,9,1904-09-01
0.957553446292877,-99.25,38.75,"HAYS",1904,9,1904-09-01
1.03297328948975,-96.75,39.25,"KNZ",1904,9,1904-09-01
0.14330019056797,-106.75,34.25,"SEV_BLACK",1904,9,1904-09-01
0.14330019056797,-106.75,34.25,"SEV_BLUE",1904,9,1904-09-01
0.741308927536011,-104.75,40.75,"SGS",1904,9,1904-09-01
0.708249628543854,-104.75,41.25,"CHY",1904,10,1904-10-01
0.868381023406982,-99.25,38.75,"HAYS",1904,10,1904-10-01
0.625504314899445,-96.75,39.25,"KNZ",1904,10,1904-10-01
0.814861416816711,-106.75,34.25,"SEV_BLACK",1904,10,1904-10-01
0.814861416816711,-106.75,34.25,"SEV_BLUE",1904,10,1904-10-01
0.848898649215698,-104.75,40.75,"SGS",1904,10,1904-10-01
-0.411411702632904,-104.75,41.25,"CHY",1904,11,1904-11-01
0.654511213302612,-99.25,38.75,"HAYS",1904,11,1904-11-01
0.229412525892258,-96.75,39.25,"KNZ",1904,11,1904-11-01
0.797865390777588,-106.75,34.25,"SEV_BLACK",1904,11,1904-11-01
0.797865390777588,-106.75,34.25,"SEV_BLUE",1904,11,1904-11-01
-0.261528939008713,-104.75,40.75,"SGS",1904,11,1904-11-01
-0.968313932418823,-104.75,41.25,"CHY",1904,12,1904-12-01
0.296244353055954,-99.25,38.75,"HAYS",1904,12,1904-12-01
-0.281901687383652,-96.75,39.25,"KNZ",1904,12,1904-12-01
0.667391180992126,-106.75,34.25,"SEV_BLACK",1904,12,1904-12-01
0.667391180992126,-106.75,34.25,"SEV_BLUE",1904,12,1904-12-01
-0.800394773483276,-104.75,40.75,"SGS",1904,12,1904-12-01
-1.14687561988831,-104.75,41.25,"CHY",1905,1,1905-01-01
-0.249879002571106,-99.25,38.75,"HAYS",1905,1,1905-01-01
-1.05091869831085,-96.75,39.25,"KNZ",1905,1,1905-01-01
1.19570970535278,-106.75,34.25,"SEV_BLACK",1905,1,1905-01-01
1.19570970535278,-106.75,34.25,"SEV_BLUE",1905,1,1905-01-01
-1.10488331317902,-104.75,40.75,"SGS",1905,1,1905-01-01
-0.647706091403961,-104.75,41.25,"CHY",1905,2,1905-02-01
-0.207682952284813,-99.25,38.75,"HAYS",1905,2,1905-02-01
-0.902233242988586,-96.75,39.25,"KNZ",1905,2,1905-02-01
1.59834325313568,-106.75,34.25,"SEV_BLACK",1905,2,1905-02-01
1.59834325313568,-106.75,34.25,"SEV_BLUE",1905,2,1905-02-01
-0.661084294319153,-104.75,40.75,"SGS",1905,2,1905-02-01
-0.452999204397202,-104.75,41.25,"CHY",1905,3,1905-03-01
-0.231511026620865,-99.25,38.75,"HAYS",1905,3,1905-03-01
-1.16187739372253,-96.75,39.25,"KNZ",1905,3,1905-03-01
1.47925901412964,-106.75,34.25,"SEV_BLACK",1905,3,1905-03-01
1.47925901412964,-106.75,34.25,"SEV_BLUE",1905,3,1905-03-01
-0.366957038640976,-104.75,40.75,"SGS",1905,3,1905-03-01
1.29975521564484,-104.75,41.25,"CHY",1905,4,1905-04-01
0.122389040887356,-99.25,38.75,"HAYS",1905,4,1905-04-01
-0.816389441490173,-96.75,39.25,"KNZ",1905,4,1905-04-01
1.84304130077362,-106.75,34.25,"SEV_BLACK",1905,4,1905-04-01
1.84304130077362,-106.75,34.25,"SEV_BLUE",1905,4,1905-04-01
1.31323516368866,-104.75,40.75,"SGS",1905,4,1905-04-01
2.06018543243408,-104.75,41.25,"CHY",1905,5,1905-05-01
0.778643608093262,-99.25,38.75,"HAYS",1905,5,1905-05-01
0.242997527122498,-96.75,39.25,"KNZ",1905,5,1905-05-01
1.85296034812927,-106.75,34.25,"SEV_BLACK",1905,5,1905-05-01
1.85296034812927,-106.75,34.25,"SEV_BLUE",1905,5,1905-05-01
2.07455968856812,-104.75,40.75,"SGS",1905,5,1905-05-01
2.05820536613464,-104.75,41.25,"CHY",1905,6,1905-06-01
0.540187478065491,-99.25,38.75,"HAYS",1905,6,1905-06-01
0.141501039266586,-96.75,39.25,"KNZ",1905,6,1905-06-01
1.8856372833252,-106.75,34.25,"SEV_BLACK",1905,6,1905-06-01
1.8856372833252,-106.75,34.25,"SEV_BLUE",1905,6,1905-06-01
2.08440685272217,-104.75,40.75,"SGS",1905,6,1905-06-01
2.026043176651,-104.75,41.25,"CHY",1905,7,1905-07-01
0.939208030700684,-99.25,38.75,"HAYS",1905,7,1905-07-01
0.625152945518494,-96.75,39.25,"KNZ",1905,7,1905-07-01
1.52129948139191,-106.75,34.25,"SEV_BLACK",1905,7,1905-07-01
1.52129948139191,-106.75,34.25,"SEV_BLUE",1905,7,1905-07-01
2.13411211967468,-104.75,40.75,"SGS",1905,7,1905-07-01
1.7987152338028,-104.75,41.25,"CHY",1905,8,1905-08-01
0.296641439199448,-99.25,38.75,"HAYS",1905,8,1905-08-01
0.17372727394104,-96.75,39.25,"KNZ",1905,8,1905-08-01
0.720975697040558,-106.75,34.25,"SEV_BLACK",1905,8,1905-08-01
0.720975697040558,-106.75,34.25,"SEV_BLUE",1905,8,1905-08-01
1.91033971309662,-104.75,40.75,"SGS",1905,8,1905-08-01
1.59819650650024,-104.75,41.25,"CHY",1905,9,1905-09-01
0.337985754013062,-99.25,38.75,"HAYS",1905,9,1905-09-01
0.459546118974686,-96.75,39.25,"KNZ",1905,9,1905-09-01
0.462419271469116,-106.75,34.25,"SEV_BLACK",1905,9,1905-09-01
0.462419271469116,-106.75,34.25,"SEV_BLUE",1905,9,1905-09-01
1.70957016944885,-104.75,40.75,"SGS",1905,9,1905-09-01
1.07048463821411,-104.75,41.25,"CHY",1905,10,1905-10-01
0.148300990462303,-99.25,38.75,"HAYS",1905,10,1905-10-01
0.413693219423294,-96.75,39.25,"KNZ",1905,10,1905-10-01
-0.474502712488174,-106.75,34.25,"SEV_BLACK",1905,10,1905-10-01
-0.474502712488174,-106.75,34.25,"SEV_BLUE",1905,10,1905-10-01
1.22591936588287,-104.75,40.75,"SGS",1905,10,1905-10-01
0.480230838060379,-104.75,41.25,"CHY",1905,11,1905-11-01
0.15202234685421,-99.25,38.75,"HAYS",1905,11,1905-11-01
0.365232974290848,-96.75,39.25,"KNZ",1905,11,1905-11-01
0.273352980613708,-106.75,34.25,"SEV_BLACK",1905,11,1905-11-01
0.273352980613708,-106.75,34.25,"SEV_BLUE",1905,11,1905-11-01
0.507709681987762,-104.75,40.75,"SGS",1905,11,1905-11-01
0.252422481775284,-104.75,41.25,"CHY",1905,12,1905-12-01
0.00406174128875136,-99.25,38.75,"HAYS",1905,12,1905-12-01
0.329767465591431,-96.75,39.25,"KNZ",1905,12,1905-12-01
0.55188113451004,-106.75,34.25,"SEV_BLACK",1905,12,1905-12-01
0.55188113451004,-106.75,34.25,"SEV_BLUE",1905,12,1905-12-01
0.334174960851669,-104.75,40.75,"SGS",1905,12,1905-12-01
-0.789333403110504,-104.75,41.25,"CHY",1906,1,1906-01-01
-1.26109755039215,-99.25,38.75,"HAYS",1906,1,1906-01-01
-0.569326162338257,-96.75,39.25,"KNZ",1906,1,1906-01-01
0.782434582710266,-106.75,34.25,"SEV_BLACK",1906,1,1906-01-01
0.782434582710266,-106.75,34.25,"SEV_BLUE",1906,1,1906-01-01
-0.792491734027863,-104.75,40.75,"SGS",1906,1,1906-01-01
-1.23906266689301,-104.75,41.25,"CHY",1906,2,1906-02-01
-0.977575600147247,-99.25,38.75,"HAYS",1906,2,1906-02-01
-0.200370877981186,-96.75,39.25,"KNZ",1906,2,1906-02-01
1.41050255298615,-106.75,34.25,"SEV_BLACK",1906,2,1906-02-01
1.41050255298615,-106.75,34.25,"SEV_BLUE",1906,2,1906-02-01
-1.10717296600342,-104.75,40.75,"SGS",1906,2,1906-02-01
0.170415341854095,-104.75,41.25,"CHY",1906,3,1906-03-01
-0.161997422575951,-99.25,38.75,"HAYS",1906,3,1906-03-01
-0.154843643307686,-96.75,39.25,"KNZ",1906,3,1906-03-01
1.07736921310425,-106.75,34.25,"SEV_BLACK",1906,3,1906-03-01
1.07736921310425,-106.75,34.25,"SEV_BLUE",1906,3,1906-03-01
0.0171383954584599,-104.75,40.75,"SGS",1906,3,1906-03-01
0.0544680468738079,-104.75,41.25,"CHY",1906,4,1906-04-01
-0.0485344901680946,-99.25,38.75,"HAYS",1906,4,1906-04-01
-0.329453766345978,-96.75,39.25,"KNZ",1906,4,1906-04-01
1.55236601829529,-106.75,34.25,"SEV_BLACK",1906,4,1906-04-01
1.55236601829529,-106.75,34.25,"SEV_BLUE",1906,4,1906-04-01
0.0427005030214787,-104.75,40.75,"SGS",1906,4,1906-04-01
0.19231690466404,-104.75,41.25,"CHY",1906,5,1906-05-01
-0.876826345920563,-99.25,38.75,"HAYS",1906,5,1906-05-01
-1.19017326831818,-96.75,39.25,"KNZ",1906,5,1906-05-01
0.915846705436707,-106.75,34.25,"SEV_BLACK",1906,5,1906-05-01
0.915846705436707,-106.75,34.25,"SEV_BLUE",1906,5,1906-05-01
0.210720971226692,-104.75,40.75,"SGS",1906,5,1906-05-01
0.534718751907349,-104.75,41.25,"CHY",1906,6,1906-06-01
-0.754778802394867,-99.25,38.75,"HAYS",1906,6,1906-06-01
-0.973631322383881,-96.75,39.25,"KNZ",1906,6,1906-06-01
-0.26783874630928,-106.75,34.25,"SEV_BLACK",1906,6,1906-06-01
-0.26783874630928,-106.75,34.25,"SEV_BLUE",1906,6,1906-06-01
0.434151500463486,-104.75,40.75,"SGS",1906,6,1906-06-01
0.82728523015976,-104.75,41.25,"CHY",1906,7,1906-07-01
-0.151478737592697,-99.25,38.75,"HAYS",1906,7,1906-07-01
-0.716090261936188,-96.75,39.25,"KNZ",1906,7,1906-07-01
-0.114722818136215,-106.75,34.25,"SEV_BLACK",1906,7,1906-07-01
-0.114722818136215,-106.75,34.25,"SEV_BLUE",1906,7,1906-07-01
0.771713674068451,-104.75,40.75,"SGS",1906,7,1906-07-01
0.985612750053406,-104.75,41.25,"CHY",1906,8,1906-08-01
0.140586346387863,-99.25,38.75,"HAYS",1906,8,1906-08-01
-0.463999897241592,-96.75,39.25,"KNZ",1906,8,1906-08-01
-0.401186943054199,-106.75,34.25,"SEV_BLACK",1906,8,1906-08-01
-0.401186943054199,-106.75,34.25,"SEV_BLUE",1906,8,1906-08-01
0.871307969093323,-104.75,40.75,"SGS",1906,8,1906-08-01
0.628808736801147,-104.75,41.25,"CHY",1906,9,1906-09-01
0.172125682234764,-99.25,38.75,"HAYS",1906,9,1906-09-01
-0.535652816295624,-96.75,39.25,"KNZ",1906,9,1906-09-01
-0.446342796087265,-106.75,34.25,"SEV_BLACK",1906,9,1906-09-01
-0.446342796087265,-106.75,34.25,"SEV_BLUE",1906,9,1906-09-01
0.623418629169464,-104.75,40.75,"SGS",1906,9,1906-09-01
0.705150723457336,-104.75,41.25,"CHY",1906,10,1906-10-01
0.444809913635254,-99.25,38.75,"HAYS",1906,10,1906-10-01
-0.548424243927002,-96.75,39.25,"KNZ",1906,10,1906-10-01
-0.649851500988007,-106.75,34.25,"SEV_BLACK",1906,10,1906-10-01
-0.649851500988007,-106.75,34.25,"SEV_BLUE",1906,10,1906-10-01
0.654788255691528,-104.75,40.75,"SGS",1906,10,1906-10-01
1.22789180278778,-104.75,41.25,"CHY",1906,11,1906-11-01
0.844369173049927,-99.25,38.75,"HAYS",1906,11,1906-11-01
-0.20718988776207,-96.75,39.25,"KNZ",1906,11,1906-11-01
-0.0573213174939156,-106.75,34.25,"SEV_BLACK",1906,11,1906-11-01
-0.0573213174939156,-106.75,34.25,"SEV_BLUE",1906,11,1906-11-01
1.11490345001221,-104.75,40.75,"SGS",1906,11,1906-11-01
1.15270400047302,-104.75,41.25,"CHY",1906,12,1906-12-01
1.21872210502625,-99.25,38.75,"HAYS",1906,12,1906-12-01
0.0705225765705109,-96.75,39.25,"KNZ",1906,12,1906-12-01
0.852909803390503,-106.75,34.25,"SEV_BLACK",1906,12,1906-12-01
0.852909803390503,-106.75,34.25,"SEV_BLUE",1906,12,1906-12-01
1.02349293231964,-104.75,40.75,"SGS",1906,12,1906-12-01
1.2020400762558,-104.75,41.25,"CHY",1907,1,1907-01-01
1.34247231483459,-99.25,38.75,"HAYS",1907,1,1907-01-01
0.408459484577179,-96.75,39.25,"KNZ",1907,1,1907-01-01
0.872441709041595,-106.75,34.25,"SEV_BLACK",1907,1,1907-01-01
0.872441709041595,-106.75,34.25,"SEV_BLUE",1907,1,1907-01-01
0.976713418960571,-104.75,40.75,"SGS",1907,1,1907-01-01
0.966575264930725,-104.75,41.25,"CHY",1907,2,1907-02-01
1.18733489513397,-99.25,38.75,"HAYS",1907,2,1907-02-01
0.327898114919662,-96.75,39.25,"KNZ",1907,2,1907-02-01
0.464799463748932,-106.75,34.25,"SEV_BLACK",1907,2,1907-02-01
0.464799463748932,-106.75,34.25,"SEV_BLUE",1907,2,1907-02-01
0.733504295349121,-104.75,40.75,"SGS",1907,2,1907-02-01
0.0677111074328423,-104.75,41.25,"CHY",1907,3,1907-03-01
0.378188103437424,-99.25,38.75,"HAYS",1907,3,1907-03-01
-0.0962141677737236,-96.75,39.25,"KNZ",1907,3,1907-03-01
0.089775875210762,-106.75,34.25,"SEV_BLACK",1907,3,1907-03-01
0.089775875210762,-106.75,34.25,"SEV_BLUE",1907,3,1907-03-01
-0.403275936841965,-104.75,40.75,"SGS",1907,3,1907-03-01
-0.398358583450317,-104.75,41.25,"CHY",1907,4,1907-04-01
-0.487096965312958,-99.25,38.75,"HAYS",1907,4,1907-04-01
-0.0633868128061295,-96.75,39.25,"KNZ",1907,4,1907-04-01
0.281695544719696,-106.75,34.25,"SEV_BLACK",1907,4,1907-04-01
0.281695544719696,-106.75,34.25,"SEV_BLUE",1907,4,1907-04-01
-0.914436995983124,-104.75,40.75,"SGS",1907,4,1907-04-01
-0.535119116306305,-104.75,41.25,"CHY",1907,5,1907-05-01
-0.923687517642975,-99.25,38.75,"HAYS",1907,5,1907-05-01
-0.769811511039734,-96.75,39.25,"KNZ",1907,5,1907-05-01
0.378914475440979,-106.75,34.25,"SEV_BLACK",1907,5,1907-05-01
0.378914475440979,-106.75,34.25,"SEV_BLUE",1907,5,1907-05-01
-0.779668033123016,-104.75,40.75,"SGS",1907,5,1907-05-01
-0.504064619541168,-104.75,41.25,"CHY",1907,6,1907-06-01
-0.411121487617493,-99.25,38.75,"HAYS",1907,6,1907-06-01
-0.385177224874496,-96.75,39.25,"KNZ",1907,6,1907-06-01
-0.0441643558442593,-106.75,34.25,"SEV_BLACK",1907,6,1907-06-01
-0.0441643558442593,-106.75,34.25,"SEV_BLUE",1907,6,1907-06-01
-0.692631483078003,-104.75,40.75,"SGS",1907,6,1907-06-01
-0.138117283582687,-104.75,41.25,"CHY",1907,7,1907-07-01
-0.358333885669708,-99.25,38.75,"HAYS",1907,7,1907-07-01
-0.316362202167511,-96.75,39.25,"KNZ",1907,7,1907-07-01
-0.474469900131226,-106.75,34.25,"SEV_BLACK",1907,7,1907-07-01
-0.474469900131226,-106.75,34.25,"SEV_BLUE",1907,7,1907-07-01
-0.232144370675087,-104.75,40.75,"SGS",1907,7,1907-07-01
0.00773886032402515,-104.75,41.25,"CHY",1907,8,1907-08-01
-0.141621857881546,-99.25,38.75,"HAYS",1907,8,1907-08-01
-0.479686468839645,-96.75,39.25,"KNZ",1907,8,1907-08-01
0.828312993049622,-106.75,34.25,"SEV_BLACK",1907,8,1907-08-01
0.828312993049622,-106.75,34.25,"SEV_BLUE",1907,8,1907-08-01
-0.0242753177881241,-104.75,40.75,"SGS",1907,8,1907-08-01
0.280623406171799,-104.75,41.25,"CHY",1907,9,1907-09-01
0.109668150544167,-99.25,38.75,"HAYS",1907,9,1907-09-01
-0.197972238063812,-96.75,39.25,"KNZ",1907,9,1907-09-01
1.09543645381927,-106.75,34.25,"SEV_BLACK",1907,9,1907-09-01
1.09543645381927,-106.75,34.25,"SEV_BLUE",1907,9,1907-09-01
0.28662645816803,-104.75,40.75,"SGS",1907,9,1907-09-01
0.045495793223381,-104.75,41.25,"CHY",1907,10,1907-10-01
0.16408197581768,-99.25,38.75,"HAYS",1907,10,1907-10-01
-0.136970236897469,-96.75,39.25,"KNZ",1907,10,1907-10-01
1.42435467243195,-106.75,34.25,"SEV_BLACK",1907,10,1907-10-01
1.42435467243195,-106.75,34.25,"SEV_BLUE",1907,10,1907-10-01
-0.00704318890348077,-104.75,40.75,"SGS",1907,10,1907-10-01
-0.274175316095352,-104.75,41.25,"CHY",1907,11,1907-11-01
0.284880220890045,-99.25,38.75,"HAYS",1907,11,1907-11-01
0.117504812777042,-96.75,39.25,"KNZ",1907,11,1907-11-01
1.33217394351959,-106.75,34.25,"SEV_BLACK",1907,11,1907-11-01
1.33217394351959,-106.75,34.25,"SEV_BLUE",1907,11,1907-11-01
-0.3822420835495,-104.75,40.75,"SGS",1907,11,1907-11-01
-0.104270040988922,-104.75,41.25,"CHY",1907,12,1907-12-01
0.245844841003418,-99.25,38.75,"HAYS",1907,12,1907-12-01
0.0483599416911602,-96.75,39.25,"KNZ",1907,12,1907-12-01
1.03431439399719,-106.75,34.25,"SEV_BLACK",1907,12,1907-12-01
1.03431439399719,-106.75,34.25,"SEV_BLUE",1907,12,1907-12-01
-0.220294907689095,-104.75,40.75,"SGS",1907,12,1907-12-01
-0.945801496505737,-104.75,41.25,"CHY",1908,1,1908-01-01
-0.245148226618767,-99.25,38.75,"HAYS",1908,1,1908-01-01
-0.640062987804413,-96.75,39.25,"KNZ",1908,1,1908-01-01
1.25880396366119,-106.75,34.25,"SEV_BLACK",1908,1,1908-01-01
1.25880396366119,-106.75,34.25,"SEV_BLUE",1908,1,1908-01-01
-1.09470903873444,-104.75,40.75,"SGS",1908,1,1908-01-01
-1.24428427219391,-104.75,41.25,"CHY",1908,2,1908-02-01
-0.361468344926834,-99.25,38.75,"HAYS",1908,2,1908-02-01
-0.338167935609818,-96.75,39.25,"KNZ",1908,2,1908-02-01
0.649875998497009,-106.75,34.25,"SEV_BLACK",1908,2,1908-02-01
0.649875998497009,-106.75,34.25,"SEV_BLUE",1908,2,1908-02-01
-1.36389565467834,-104.75,40.75,"SGS",1908,2,1908-02-01
-1.72646546363831,-104.75,41.25,"CHY",1908,3,1908-03-01
-0.772158861160278,-99.25,38.75,"HAYS",1908,3,1908-03-01
-0.872105896472931,-96.75,39.25,"KNZ",1908,3,1908-03-01
0.428380519151688,-106.75,34.25,"SEV_BLACK",1908,3,1908-03-01
0.428380519151688,-106.75,34.25,"SEV_BLUE",1908,3,1908-03-01
-1.79244434833527,-104.75,40.75,"SGS",1908,3,1908-03-01
-1.77552759647369,-104.75,41.25,"CHY",1908,4,1908-04-01
-1.19673454761505,-99.25,38.75,"HAYS",1908,4,1908-04-01
-1.1876540184021,-96.75,39.25,"KNZ",1908,4,1908-04-01
0.150182008743286,-106.75,34.25,"SEV_BLACK",1908,4,1908-04-01
0.150182008743286,-106.75,34.25,"SEV_BLUE",1908,4,1908-04-01
-1.94869208335876,-104.75,40.75,"SGS",1908,4,1908-04-01
-0.394383996725082,-104.75,41.25,"CHY",1908,5,1908-05-01
-0.817607581615448,-99.25,38.75,"HAYS",1908,5,1908-05-01
0.475092023611069,-96.75,39.25,"KNZ",1908,5,1908-05-01
-0.204082861542702,-106.75,34.25,"SEV_BLACK",1908,5,1908-05-01
-0.204082861542702,-106.75,34.25,"SEV_BLUE",1908,5,1908-05-01
-0.769513428211212,-104.75,40.75,"SGS",1908,5,1908-05-01
-0.049150463193655,-104.75,41.25,"CHY",1908,6,1908-06-01
-0.221610829234123,-99.25,38.75,"HAYS",1908,6,1908-06-01
1.64790642261505,-96.75,39.25,"KNZ",1908,6,1908-06-01
-0.17152826488018,-106.75,34.25,"SEV_BLACK",1908,6,1908-06-01
-0.17152826488018,-106.75,34.25,"SEV_BLUE",1908,6,1908-06-01
-0.488394767045975,-104.75,40.75,"SGS",1908,6,1908-06-01
0.514830529689789,-104.75,41.25,"CHY",1908,7,1908-07-01
0.338687747716904,-99.25,38.75,"HAYS",1908,7,1908-07-01
1.75798273086548,-96.75,39.25,"KNZ",1908,7,1908-07-01
0.227179452776909,-106.75,34.25,"SEV_BLACK",1908,7,1908-07-01
0.227179452776909,-106.75,34.25,"SEV_BLUE",1908,7,1908-07-01
0.158906564116478,-104.75,40.75,"SGS",1908,7,1908-07-01
1.01259589195251,-104.75,41.25,"CHY",1908,8,1908-08-01
0.530536592006683,-99.25,38.75,"HAYS",1908,8,1908-08-01
1.98377537727356,-96.75,39.25,"KNZ",1908,8,1908-08-01
0.457960098981857,-106.75,34.25,"SEV_BLACK",1908,8,1908-08-01
0.457960098981857,-106.75,34.25,"SEV_BLUE",1908,8,1908-08-01
0.793000996112823,-104.75,40.75,"SGS",1908,8,1908-08-01
0.940384984016418,-104.75,41.25,"CHY",1908,9,1908-09-01
0.528230130672455,-99.25,38.75,"HAYS",1908,9,1908-09-01
1.69083654880524,-96.75,39.25,"KNZ",1908,9,1908-09-01
0.340477168560028,-106.75,34.25,"SEV_BLACK",1908,9,1908-09-01
0.340477168560028,-106.75,34.25,"SEV_BLUE",1908,9,1908-09-01
0.863232135772705,-104.75,40.75,"SGS",1908,9,1908-09-01
1.56428039073944,-104.75,41.25,"CHY",1908,10,1908-10-01
0.759089350700378,-99.25,38.75,"HAYS",1908,10,1908-10-01
1.79473352432251,-96.75,39.25,"KNZ",1908,10,1908-10-01
-0.337430775165558,-106.75,34.25,"SEV_BLACK",1908,10,1908-10-01
-0.337430775165558,-106.75,34.25,"SEV_BLUE",1908,10,1908-10-01
1.64484286308289,-104.75,40.75,"SGS",1908,10,1908-10-01
1.11339914798737,-104.75,41.25,"CHY",1908,11,1908-11-01
1.0070948600769,-99.25,38.75,"HAYS",1908,11,1908-11-01
1.40402090549469,-96.75,39.25,"KNZ",1908,11,1908-11-01
-0.297054827213287,-106.75,34.25,"SEV_BLACK",1908,11,1908-11-01
-0.297054827213287,-106.75,34.25,"SEV_BLUE",1908,11,1908-11-01
1.34712088108063,-104.75,40.75,"SGS",1908,11,1908-11-01
1.11000561714172,-104.75,41.25,"CHY",1908,12,1908-12-01
0.416403353214264,-99.25,38.75,"HAYS",1908,12,1908-12-01
0.200434103608131,-96.75,39.25,"KNZ",1908,12,1908-12-01
-0.286799967288971,-106.75,34.25,"SEV_BLACK",1908,12,1908-12-01
-0.286799967288971,-106.75,34.25,"SEV_BLUE",1908,12,1908-12-01
1.47377324104309,-104.75,40.75,"SGS",1908,12,1908-12-01
0.511995673179626,-104.75,41.25,"CHY",1909,1,1909-01-01
0.203495338559151,-99.25,38.75,"HAYS",1909,1,1909-01-01
-0.0383215844631195,-96.75,39.25,"KNZ",1909,1,1909-01-01
-1.07686579227448,-106.75,34.25,"SEV_BLACK",1909,1,1909-01-01
-1.07686579227448,-106.75,34.25,"SEV_BLUE",1909,1,1909-01-01
0.899719774723053,-104.75,40.75,"SGS",1909,1,1909-01-01
0.296295523643494,-104.75,41.25,"CHY",1909,2,1909-02-01
-0.417807757854462,-99.25,38.75,"HAYS",1909,2,1909-02-01
-0.967620611190796,-96.75,39.25,"KNZ",1909,2,1909-02-01
-1.55245959758759,-106.75,34.25,"SEV_BLACK",1909,2,1909-02-01
-1.55245959758759,-106.75,34.25,"SEV_BLUE",1909,2,1909-02-01
0.45910570025444,-104.75,40.75,"SGS",1909,2,1909-02-01
1.46431863307953,-104.75,41.25,"CHY",1909,3,1909-03-01
0.42204761505127,-99.25,38.75,"HAYS",1909,3,1909-03-01
0.0348456650972366,-96.75,39.25,"KNZ",1909,3,1909-03-01
-0.678514182567596,-106.75,34.25,"SEV_BLACK",1909,3,1909-03-01
-0.678514182567596,-106.75,34.25,"SEV_BLUE",1909,3,1909-03-01
1.81798791885376,-104.75,40.75,"SGS",1909,3,1909-03-01
1.02735996246338,-104.75,41.25,"CHY",1909,4,1909-04-01
-0.19680380821228,-99.25,38.75,"HAYS",1909,4,1909-04-01
-0.326897501945496,-96.75,39.25,"KNZ",1909,4,1909-04-01
-0.702461242675781,-106.75,34.25,"SEV_BLACK",1909,4,1909-04-01
-0.702461242675781,-106.75,34.25,"SEV_BLUE",1909,4,1909-04-01
1.49770617485046,-104.75,40.75,"SGS",1909,4,1909-04-01
0.646363019943237,-104.75,41.25,"CHY",1909,5,1909-05-01
-1.15478241443634,-99.25,38.75,"HAYS",1909,5,1909-05-01
-0.426577359437943,-96.75,39.25,"KNZ",1909,5,1909-05-01
-0.94915235042572,-106.75,34.25,"SEV_BLACK",1909,5,1909-05-01
-0.94915235042572,-106.75,34.25,"SEV_BLUE",1909,5,1909-05-01
0.910888135433197,-104.75,40.75,"SGS",1909,5,1909-05-01
1.07476890087128,-104.75,41.25,"CHY",1909,6,1909-06-01
0.297379553318024,-99.25,38.75,"HAYS",1909,6,1909-06-01
-0.0428613945841789,-96.75,39.25,"KNZ",1909,6,1909-06-01
-1.00803375244141,-106.75,34.25,"SEV_BLACK",1909,6,1909-06-01
-1.00803375244141,-106.75,34.25,"SEV_BLUE",1909,6,1909-06-01
1.09997165203094,-104.75,40.75,"SGS",1909,6,1909-06-01
0.960773289203644,-104.75,41.25,"CHY",1909,7,1909-07-01
0.409688860177994,-99.25,38.75,"HAYS",1909,7,1909-07-01
0.87447601556778,-96.75,39.25,"KNZ",1909,7,1909-07-01
-0.774098992347717,-106.75,34.25,"SEV_BLACK",1909,7,1909-07-01
-0.774098992347717,-106.75,34.25,"SEV_BLUE",1909,7,1909-07-01
1.2142847776413,-104.75,40.75,"SGS",1909,7,1909-07-01
0.599842727184296,-104.75,41.25,"CHY",1909,8,1909-08-01
0.015017706900835,-99.25,38.75,"HAYS",1909,8,1909-08-01
0.396021485328674,-96.75,39.25,"KNZ",1909,8,1909-08-01
-0.614692330360413,-106.75,34.25,"SEV_BLACK",1909,8,1909-08-01
-0.614692330360413,-106.75,34.25,"SEV_BLUE",1909,8,1909-08-01
1.02310478687286,-104.75,40.75,"SGS",1909,8,1909-08-01
0.261538118124008,-104.75,41.25,"CHY",1909,9,1909-09-01
0.0965967699885368,-99.25,38.75,"HAYS",1909,9,1909-09-01
0.780045092105865,-96.75,39.25,"KNZ",1909,9,1909-09-01
-1.11403834819794,-106.75,34.25,"SEV_BLACK",1909,9,1909-09-01
-1.11403834819794,-106.75,34.25,"SEV_BLUE",1909,9,1909-09-01
0.6789510846138,-104.75,40.75,"SGS",1909,9,1909-09-01
0.0799363702535629,-104.75,41.25,"CHY",1909,10,1909-10-01
0.329401254653931,-99.25,38.75,"HAYS",1909,10,1909-10-01
0.792219042778015,-96.75,39.25,"KNZ",1909,10,1909-10-01
-1.16411471366882,-106.75,34.25,"SEV_BLACK",1909,10,1909-10-01
-1.16411471366882,-106.75,34.25,"SEV_BLUE",1909,10,1909-10-01
0.383889049291611,-104.75,40.75,"SGS",1909,10,1909-10-01
0.174660339951515,-104.75,41.25,"CHY",1909,11,1909-11-01
1.20991480350494,-99.25,38.75,"HAYS",1909,11,1909-11-01
1.45525455474854,-96.75,39.25,"KNZ",1909,11,1909-11-01
-1.30932199954987,-106.75,34.25,"SEV_BLACK",1909,11,1909-11-01
-1.30932199954987,-106.75,34.25,"SEV_BLUE",1909,11,1909-11-01
0.65579217672348,-104.75,40.75,"SGS",1909,11,1909-11-01
-0.218761801719666,-104.75,41.25,"CHY",1909,12,1909-12-01
0.806431829929352,-99.25,38.75,"HAYS",1909,12,1909-12-01
1.72425293922424,-96.75,39.25,"KNZ",1909,12,1909-12-01
-0.775749862194061,-106.75,34.25,"SEV_BLACK",1909,12,1909-12-01
-0.775749862194061,-106.75,34.25,"SEV_BLUE",1909,12,1909-12-01
0.535863697528839,-104.75,40.75,"SGS",1909,12,1909-12-01
-0.219575107097626,-104.75,41.25,"CHY",1910,1,1910-01-01
0.752803921699524,-99.25,38.75,"HAYS",1910,1,1910-01-01
1.25160467624664,-96.75,39.25,"KNZ",1910,1,1910-01-01
-0.756918728351593,-106.75,34.25,"SEV_BLACK",1910,1,1910-01-01
-0.756918728351593,-106.75,34.25,"SEV_BLUE",1910,1,1910-01-01
0.459233433008194,-104.75,40.75,"SGS",1910,1,1910-01-01
-0.217218190431595,-104.75,41.25,"CHY",1910,2,1910-02-01
1.4165164232254,-99.25,38.75,"HAYS",1910,2,1910-02-01
1.79670166969299,-96.75,39.25,"KNZ",1910,2,1910-02-01
-0.925791919231415,-106.75,34.25,"SEV_BLACK",1910,2,1910-02-01
-0.925791919231415,-106.75,34.25,"SEV_BLUE",1910,2,1910-02-01
0.446148097515106,-104.75,40.75,"SGS",1910,2,1910-02-01
-0.937558889389038,-104.75,41.25,"CHY",1910,3,1910-03-01
0.17807412147522,-99.25,38.75,"HAYS",1910,3,1910-03-01
0.371047377586365,-96.75,39.25,"KNZ",1910,3,1910-03-01
-1.2282487154007,-106.75,34.25,"SEV_BLACK",1910,3,1910-03-01
-1.2282487154007,-106.75,34.25,"SEV_BLUE",1910,3,1910-03-01
-0.77497136592865,-104.75,40.75,"SGS",1910,3,1910-03-01
-1.39390206336975,-104.75,41.25,"CHY",1910,4,1910-04-01
-0.667784571647644,-99.25,38.75,"HAYS",1910,4,1910-04-01
-0.5482497215271,-96.75,39.25,"KNZ",1910,4,1910-04-01
-0.998879730701447,-106.75,34.25,"SEV_BLACK",1910,4,1910-04-01
-0.998879730701447,-106.75,34.25,"SEV_BLUE",1910,4,1910-04-01
-1.17384481430054,-104.75,40.75,"SGS",1910,4,1910-04-01
-1.18982994556427,-104.75,41.25,"CHY",1910,5,1910-05-01
-1.34374892711639,-99.25,38.75,"HAYS",1910,5,1910-05-01
-0.190297678112984,-96.75,39.25,"KNZ",1910,5,1910-05-01
-0.987197875976562,-106.75,34.25,"SEV_BLACK",1910,5,1910-05-01
-0.987197875976562,-106.75,34.25,"SEV_BLUE",1910,5,1910-05-01
-0.982282042503357,-104.75,40.75,"SGS",1910,5,1910-05-01
-1.57980370521545,-104.75,41.25,"CHY",1910,6,1910-06-01
-1.58362054824829,-99.25,38.75,"HAYS",1910,6,1910-06-01
-0.975167334079742,-96.75,39.25,"KNZ",1910,6,1910-06-01
-1.35480439662933,-106.75,34.25,"SEV_BLACK",1910,6,1910-06-01
-1.35480439662933,-106.75,34.25,"SEV_BLUE",1910,6,1910-06-01
-1.50479352474213,-104.75,40.75,"SGS",1910,6,1910-06-01
-1.65232217311859,-104.75,41.25,"CHY",1910,7,1910-07-01
-1.67649006843567,-99.25,38.75,"HAYS",1910,7,1910-07-01
-1.17398655414581,-96.75,39.25,"KNZ",1910,7,1910-07-01
-1.69261145591736,-106.75,34.25,"SEV_BLACK",1910,7,1910-07-01
-1.69261145591736,-106.75,34.25,"SEV_BLUE",1910,7,1910-07-01
-1.50337278842926,-104.75,40.75,"SGS",1910,7,1910-07-01
-1.63188803195953,-104.75,41.25,"CHY",1910,8,1910-08-01
-1.29011881351471,-99.25,38.75,"HAYS",1910,8,1910-08-01
-0.551860451698303,-96.75,39.25,"KNZ",1910,8,1910-08-01
-1.67169189453125,-106.75,34.25,"SEV_BLACK",1910,8,1910-08-01
-1.67169189453125,-106.75,34.25,"SEV_BLUE",1910,8,1910-08-01
-1.46131420135498,-104.75,40.75,"SGS",1910,8,1910-08-01
-1.24502491950989,-104.75,41.25,"CHY",1910,9,1910-09-01
-0.668677926063538,-99.25,38.75,"HAYS",1910,9,1910-09-01
0.148976281285286,-96.75,39.25,"KNZ",1910,9,1910-09-01
-1.59570360183716,-106.75,34.25,"SEV_BLACK",1910,9,1910-09-01
-1.59570360183716,-106.75,34.25,"SEV_BLUE",1910,9,1910-09-01
-1.11283040046692,-104.75,40.75,"SGS",1910,9,1910-09-01
-0.925917029380798,-104.75,41.25,"CHY",1910,10,1910-10-01
-0.608590304851532,-99.25,38.75,"HAYS",1910,10,1910-10-01
0.260734409093857,-96.75,39.25,"KNZ",1910,10,1910-10-01
-1.57669699192047,-106.75,34.25,"SEV_BLACK",1910,10,1910-10-01
-1.57669699192047,-106.75,34.25,"SEV_BLUE",1910,10,1910-10-01
-0.896085798740387,-104.75,40.75,"SGS",1910,10,1910-10-01
-1.25002765655518,-104.75,41.25,"CHY",1910,11,1910-11-01
-0.971671879291534,-99.25,38.75,"HAYS",1910,11,1910-11-01
-0.595682978630066,-96.75,39.25,"KNZ",1910,11,1910-11-01
-1.4992892742157,-106.75,34.25,"SEV_BLACK",1910,11,1910-11-01
-1.4992892742157,-106.75,34.25,"SEV_BLUE",1910,11,1910-11-01
-1.30356001853943,-104.75,40.75,"SGS",1910,11,1910-11-01
-1.13668847084045,-104.75,41.25,"CHY",1910,12,1910-12-01
-0.977972209453583,-99.25,38.75,"HAYS",1910,12,1910-12-01
-0.314435571432114,-96.75,39.25,"KNZ",1910,12,1910-12-01
-1.62983381748199,-106.75,34.25,"SEV_BLACK",1910,12,1910-12-01
-1.62983381748199,-106.75,34.25,"SEV_BLUE",1910,12,1910-12-01
-1.05082440376282,-104.75,40.75,"SGS",1910,12,1910-12-01
-0.952740490436554,-104.75,41.25,"CHY",1911,1,1911-01-01
-0.948674499988556,-99.25,38.75,"HAYS",1911,1,1911-01-01
-0.0411079861223698,-96.75,39.25,"KNZ",1911,1,1911-01-01
-1.37764406204224,-106.75,34.25,"SEV_BLACK",1911,1,1911-01-01
-1.37764406204224,-106.75,34.25,"SEV_BLUE",1911,1,1911-01-01
-1.13024151325226,-104.75,40.75,"SGS",1911,1,1911-01-01
-0.419372856616974,-104.75,41.25,"CHY",1911,2,1911-02-01
-1.05749785900116,-99.25,38.75,"HAYS",1911,2,1911-02-01
-0.255042940378189,-96.75,39.25,"KNZ",1911,2,1911-02-01
-0.893429338932037,-106.75,34.25,"SEV_BLACK",1911,2,1911-02-01
-0.893429338932037,-106.75,34.25,"SEV_BLUE",1911,2,1911-02-01
-0.878933489322662,-104.75,40.75,"SGS",1911,2,1911-02-01
-1.27214455604553,-104.75,41.25,"CHY",1911,3,1911-03-01
-1.76830148696899,-99.25,38.75,"HAYS",1911,3,1911-03-01
-0.886193215847015,-96.75,39.25,"KNZ",1911,3,1911-03-01
-0.367558360099792,-106.75,34.25,"SEV_BLACK",1911,3,1911-03-01
-0.367558360099792,-106.75,34.25,"SEV_BLUE",1911,3,1911-03-01
-1.56012356281281,-104.75,40.75,"SGS",1911,3,1911-03-01
-1.21944379806519,-104.75,41.25,"CHY",1911,4,1911-04-01
-1.42575287818909,-99.25,38.75,"HAYS",1911,4,1911-04-01
-0.503012001514435,-96.75,39.25,"KNZ",1911,4,1911-04-01
-0.00357525213621557,-106.75,34.25,"SEV_BLACK",1911,4,1911-04-01
-0.00357525213621557,-106.75,34.25,"SEV_BLUE",1911,4,1911-04-01
-1.27584290504456,-104.75,40.75,"SGS",1911,4,1911-04-01
-1.50966358184814,-104.75,41.25,"CHY",1911,5,1911-05-01
-1.17191863059998,-99.25,38.75,"HAYS",1911,5,1911-05-01
-0.919808745384216,-96.75,39.25,"KNZ",1911,5,1911-05-01
-0.102561891078949,-106.75,34.25,"SEV_BLACK",1911,5,1911-05-01
-0.102561891078949,-106.75,34.25,"SEV_BLUE",1911,5,1911-05-01
-1.43264472484589,-104.75,40.75,"SGS",1911,5,1911-05-01
-1.476522564888,-104.75,41.25,"CHY",1911,6,1911-06-01
-1.71220898628235,-99.25,38.75,"HAYS",1911,6,1911-06-01
-1.72779285907745,-96.75,39.25,"KNZ",1911,6,1911-06-01
0.662905752658844,-106.75,34.25,"SEV_BLACK",1911,6,1911-06-01
0.662905752658844,-106.75,34.25,"SEV_BLUE",1911,6,1911-06-01
-1.39720118045807,-104.75,40.75,"SGS",1911,6,1911-06-01
-1.34408569335938,-104.75,41.25,"CHY",1911,7,1911-07-01
-1.21703350543976,-99.25,38.75,"HAYS",1911,7,1911-07-01
-1.50837409496307,-96.75,39.25,"KNZ",1911,7,1911-07-01
1.53450584411621,-106.75,34.25,"SEV_BLACK",1911,7,1911-07-01
1.53450584411621,-106.75,34.25,"SEV_BLUE",1911,7,1911-07-01
-1.19435238838196,-104.75,40.75,"SGS",1911,7,1911-07-01
-1.43989253044128,-104.75,41.25,"CHY",1911,8,1911-08-01
-1.27384221553802,-99.25,38.75,"HAYS",1911,8,1911-08-01
-1.52931475639343,-96.75,39.25,"KNZ",1911,8,1911-08-01
0.578294992446899,-106.75,34.25,"SEV_BLACK",1911,8,1911-08-01
0.578294992446899,-106.75,34.25,"SEV_BLUE",1911,8,1911-08-01
-1.31164443492889,-104.75,40.75,"SGS",1911,8,1911-08-01
-1.21183180809021,-104.75,41.25,"CHY",1911,9,1911-09-01
-1.13165867328644,-99.25,38.75,"HAYS",1911,9,1911-09-01
-1.14775693416595,-96.75,39.25,"KNZ",1911,9,1911-09-01
0.90754497051239,-106.75,34.25,"SEV_BLACK",1911,9,1911-09-01
0.90754497051239,-106.75,34.25,"SEV_BLUE",1911,9,1911-09-01
-1.06436467170715,-104.75,40.75,"SGS",1911,9,1911-09-01
-0.994892418384552,-104.75,41.25,"CHY",1911,10,1911-10-01
-0.835532963275909,-99.25,38.75,"HAYS",1911,10,1911-10-01
-0.985004901885986,-96.75,39.25,"KNZ",1911,10,1911-10-01
1.19510436058044,-106.75,34.25,"SEV_BLACK",1911,10,1911-10-01
1.19510436058044,-106.75,34.25,"SEV_BLUE",1911,10,1911-10-01
-0.894045293331146,-104.75,40.75,"SGS",1911,10,1911-10-01
-0.392576158046722,-104.75,41.25,"CHY",1911,11,1911-11-01
-0.765889823436737,-99.25,38.75,"HAYS",1911,11,1911-11-01
-0.754072785377502,-96.75,39.25,"KNZ",1911,11,1911-11-01
1.34128975868225,-106.75,34.25,"SEV_BLACK",1911,11,1911-11-01
1.34128975868225,-106.75,34.25,"SEV_BLUE",1911,11,1911-11-01
-0.349631756544113,-104.75,40.75,"SGS",1911,11,1911-11-01
-0.126176550984383,-104.75,41.25,"CHY",1911,12,1911-12-01
0.300503939390182,-99.25,38.75,"HAYS",1911,12,1911-12-01
0.472161918878555,-96.75,39.25,"KNZ",1911,12,1911-12-01
1.11945760250092,-106.75,34.25,"SEV_BLACK",1911,12,1911-12-01
1.11945760250092,-106.75,34.25,"SEV_BLUE",1911,12,1911-12-01
-0.00833712425082922,-104.75,40.75,"SGS",1911,12,1911-12-01
-0.0947934910655022,-104.75,41.25,"CHY",1912,1,1912-01-01
0.286293923854828,-99.25,38.75,"HAYS",1912,1,1912-01-01
0.752908885478973,-96.75,39.25,"KNZ",1912,1,1912-01-01
0.025280274450779,-106.75,34.25,"SEV_BLACK",1912,1,1912-01-01
0.025280274450779,-106.75,34.25,"SEV_BLUE",1912,1,1912-01-01
-0.171707347035408,-104.75,40.75,"SGS",1912,1,1912-01-01
0.840752720832825,-104.75,41.25,"CHY",1912,2,1912-02-01
0.670097589492798,-99.25,38.75,"HAYS",1912,2,1912-02-01
0.784540772438049,-96.75,39.25,"KNZ",1912,2,1912-02-01
0.794926762580872,-106.75,34.25,"SEV_BLACK",1912,2,1912-02-01
0.794926762580872,-106.75,34.25,"SEV_BLUE",1912,2,1912-02-01
0.619069874286652,-104.75,40.75,"SGS",1912,2,1912-02-01
1.63696765899658,-104.75,41.25,"CHY",1912,3,1912-03-01
1.50889575481415,-99.25,38.75,"HAYS",1912,3,1912-03-01
1.20573580265045,-96.75,39.25,"KNZ",1912,3,1912-03-01
0.596419513225555,-106.75,34.25,"SEV_BLACK",1912,3,1912-03-01
0.596419513225555,-106.75,34.25,"SEV_BLUE",1912,3,1912-03-01
1.3539674282074,-104.75,40.75,"SGS",1912,3,1912-03-01
1.36397457122803,-104.75,41.25,"CHY",1912,4,1912-04-01
1.3974072933197,-99.25,38.75,"HAYS",1912,4,1912-04-01
1.09079587459564,-96.75,39.25,"KNZ",1912,4,1912-04-01
0.384406119585037,-106.75,34.25,"SEV_BLACK",1912,4,1912-04-01
0.384406119585037,-106.75,34.25,"SEV_BLUE",1912,4,1912-04-01
1.03761684894562,-104.75,40.75,"SGS",1912,4,1912-04-01
0.941791117191315,-104.75,41.25,"CHY",1912,5,1912-05-01
0.999658942222595,-99.25,38.75,"HAYS",1912,5,1912-05-01
0.592901766300201,-96.75,39.25,"KNZ",1912,5,1912-05-01
0.27430784702301,-106.75,34.25,"SEV_BLACK",1912,5,1912-05-01
0.27430784702301,-106.75,34.25,"SEV_BLUE",1912,5,1912-05-01
0.961079478263855,-104.75,40.75,"SGS",1912,5,1912-05-01
0.865706443786621,-104.75,41.25,"CHY",1912,6,1912-06-01
0.905898690223694,-99.25,38.75,"HAYS",1912,6,1912-06-01
-0.0583305917680264,-96.75,39.25,"KNZ",1912,6,1912-06-01
0.64971387386322,-106.75,34.25,"SEV_BLACK",1912,6,1912-06-01
0.64971387386322,-106.75,34.25,"SEV_BLUE",1912,6,1912-06-01
0.998299539089203,-104.75,40.75,"SGS",1912,6,1912-06-01
1.23333013057709,-104.75,41.25,"CHY",1912,7,1912-07-01
0.447234988212585,-99.25,38.75,"HAYS",1912,7,1912-07-01
-0.335489600896835,-96.75,39.25,"KNZ",1912,7,1912-07-01
0.926246643066406,-106.75,34.25,"SEV_BLACK",1912,7,1912-07-01
0.926246643066406,-106.75,34.25,"SEV_BLUE",1912,7,1912-07-01
1.36504209041595,-104.75,40.75,"SGS",1912,7,1912-07-01
1.11939835548401,-104.75,41.25,"CHY",1912,8,1912-08-01
0.40138840675354,-99.25,38.75,"HAYS",1912,8,1912-08-01
-0.426687955856323,-96.75,39.25,"KNZ",1912,8,1912-08-01
1.09553027153015,-106.75,34.25,"SEV_BLACK",1912,8,1912-08-01
1.09553027153015,-106.75,34.25,"SEV_BLUE",1912,8,1912-08-01
1.14726984500885,-104.75,40.75,"SGS",1912,8,1912-08-01
1.45650660991669,-104.75,41.25,"CHY",1912,9,1912-09-01
-0.0186296962201595,-99.25,38.75,"HAYS",1912,9,1912-09-01
-0.593519151210785,-96.75,39.25,"KNZ",1912,9,1912-09-01
0.641575157642365,-106.75,34.25,"SEV_BLACK",1912,9,1912-09-01
0.641575157642365,-106.75,34.25,"SEV_BLUE",1912,9,1912-09-01
1.49695682525635,-104.75,40.75,"SGS",1912,9,1912-09-01
1.71736335754395,-104.75,41.25,"CHY",1912,10,1912-10-01
-0.0774630680680275,-99.25,38.75,"HAYS",1912,10,1912-10-01
-0.270820289850235,-96.75,39.25,"KNZ",1912,10,1912-10-01
0.262792944908142,-106.75,34.25,"SEV_BLACK",1912,10,1912-10-01
0.262792944908142,-106.75,34.25,"SEV_BLUE",1912,10,1912-10-01
1.83802878856659,-104.75,40.75,"SGS",1912,10,1912-10-01
1.92283034324646,-104.75,41.25,"CHY",1912,11,1912-11-01
0.120724052190781,-99.25,38.75,"HAYS",1912,11,1912-11-01
-0.181489065289497,-96.75,39.25,"KNZ",1912,11,1912-11-01
0.320969581604004,-106.75,34.25,"SEV_BLACK",1912,11,1912-11-01
0.320969581604004,-106.75,34.25,"SEV_BLUE",1912,11,1912-11-01
1.83708369731903,-104.75,40.75,"SGS",1912,11,1912-11-01
2.14267492294312,-104.75,41.25,"CHY",1912,12,1912-12-01
-0.485286563634872,-99.25,38.75,"HAYS",1912,12,1912-12-01
-0.184983387589455,-96.75,39.25,"KNZ",1912,12,1912-12-01
0.0982741117477417,-106.75,34.25,"SEV_BLACK",1912,12,1912-12-01
0.0982741117477417,-106.75,34.25,"SEV_BLUE",1912,12,1912-12-01
1.91303253173828,-104.75,40.75,"SGS",1912,12,1912-12-01
2.07730746269226,-104.75,41.25,"CHY",1913,1,1913-01-01
-0.272346943616867,-99.25,38.75,"HAYS",1913,1,1913-01-01
0.175952851772308,-96.75,39.25,"KNZ",1913,1,1913-01-01
0.299767762422562,-106.75,34.25,"SEV_BLACK",1913,1,1913-01-01
0.299767762422562,-106.75,34.25,"SEV_BLUE",1913,1,1913-01-01
1.77305269241333,-104.75,40.75,"SGS",1913,1,1913-01-01
2.17847776412964,-104.75,41.25,"CHY",1913,2,1913-02-01
-0.421929210424423,-99.25,38.75,"HAYS",1913,2,1913-02-01
0.411985725164413,-96.75,39.25,"KNZ",1913,2,1913-02-01
0.284607797861099,-106.75,34.25,"SEV_BLACK",1913,2,1913-02-01
0.284607797861099,-106.75,34.25,"SEV_BLUE",1913,2,1913-02-01
2.01699733734131,-104.75,40.75,"SGS",1913,2,1913-02-01
1.01014530658722,-104.75,41.25,"CHY",1913,3,1913-03-01
-0.731161057949066,-99.25,38.75,"HAYS",1913,3,1913-03-01
0.159177109599113,-96.75,39.25,"KNZ",1913,3,1913-03-01
0.760412514209747,-106.75,34.25,"SEV_BLACK",1913,3,1913-03-01
0.760412514209747,-106.75,34.25,"SEV_BLUE",1913,3,1913-03-01
0.968307018280029,-104.75,40.75,"SGS",1913,3,1913-03-01
-0.0939726084470749,-104.75,41.25,"CHY",1913,4,1913-04-01
-0.834297120571136,-99.25,38.75,"HAYS",1913,4,1913-04-01
-0.676468074321747,-96.75,39.25,"KNZ",1913,4,1913-04-01
0.978102266788483,-106.75,34.25,"SEV_BLACK",1913,4,1913-04-01
0.978102266788483,-106.75,34.25,"SEV_BLUE",1913,4,1913-04-01
0.246737971901894,-104.75,40.75,"SGS",1913,4,1913-04-01
-0.300922751426697,-104.75,41.25,"CHY",1913,5,1913-05-01
-1.23911428451538,-99.25,38.75,"HAYS",1913,5,1913-05-01
0.0273612886667252,-96.75,39.25,"KNZ",1913,5,1913-05-01
0.872023582458496,-106.75,34.25,"SEV_BLACK",1913,5,1913-05-01
0.872023582458496,-106.75,34.25,"SEV_BLUE",1913,5,1913-05-01
0.143644422292709,-104.75,40.75,"SGS",1913,5,1913-05-01
-0.476320624351501,-104.75,41.25,"CHY",1913,6,1913-06-01
-0.755671799182892,-99.25,38.75,"HAYS",1913,6,1913-06-01
-0.163617551326752,-96.75,39.25,"KNZ",1913,6,1913-06-01
1.06576263904572,-106.75,34.25,"SEV_BLACK",1913,6,1913-06-01
1.06576263904572,-106.75,34.25,"SEV_BLUE",1913,6,1913-06-01
-0.194625452160835,-104.75,40.75,"SGS",1913,6,1913-06-01
-0.247379958629608,-104.75,41.25,"CHY",1913,7,1913-07-01
-1.28137397766113,-99.25,38.75,"HAYS",1913,7,1913-07-01
-0.861823797225952,-96.75,39.25,"KNZ",1913,7,1913-07-01
0.182427376508713,-106.75,34.25,"SEV_BLACK",1913,7,1913-07-01
0.182427376508713,-106.75,34.25,"SEV_BLUE",1913,7,1913-07-01
0.156611055135727,-104.75,40.75,"SGS",1913,7,1913-07-01
-0.717018783092499,-104.75,41.25,"CHY",1913,8,1913-08-01
-1.96948862075806,-99.25,38.75,"HAYS",1913,8,1913-08-01
-1.60765779018402,-96.75,39.25,"KNZ",1913,8,1913-08-01
-0.139400362968445,-106.75,34.25,"SEV_BLACK",1913,8,1913-08-01
-0.139400362968445,-106.75,34.25,"SEV_BLUE",1913,8,1913-08-01
-0.439943820238113,-104.75,40.75,"SGS",1913,8,1913-08-01
-0.37927109003067,-104.75,41.25,"CHY",1913,9,1913-09-01
-1.58553767204285,-99.25,38.75,"HAYS",1913,9,1913-09-01
-1.37546277046204,-96.75,39.25,"KNZ",1913,9,1913-09-01
-0.222013846039772,-106.75,34.25,"SEV_BLACK",1913,9,1913-09-01
-0.222013846039772,-106.75,34.25,"SEV_BLUE",1913,9,1913-09-01
-0.00194425764493644,-104.75,40.75,"SGS",1913,9,1913-09-01
0.144259408116341,-104.75,41.25,"CHY",1913,10,1913-10-01
-1.45300161838531,-99.25,38.75,"HAYS",1913,10,1913-10-01
-1.13087391853333,-96.75,39.25,"KNZ",1913,10,1913-10-01
-0.64832729101181,-106.75,34.25,"SEV_BLACK",1913,10,1913-10-01
-0.64832729101181,-106.75,34.25,"SEV_BLUE",1913,10,1913-10-01
0.385016679763794,-104.75,40.75,"SGS",1913,10,1913-10-01
0.230350464582443,-104.75,41.25,"CHY",1913,11,1913-11-01
-1.17185437679291,-99.25,38.75,"HAYS",1913,11,1913-11-01
-1.2829772233963,-96.75,39.25,"KNZ",1913,11,1913-11-01
-0.180963158607483,-106.75,34.25,"SEV_BLACK",1913,11,1913-11-01
-0.180963158607483,-106.75,34.25,"SEV_BLUE",1913,11,1913-11-01
0.358359903097153,-104.75,40.75,"SGS",1913,11,1913-11-01
0.966591954231262,-104.75,41.25,"CHY",1913,12,1913-12-01
-1.05535435676575,-99.25,38.75,"HAYS",1913,12,1913-12-01
-0.717694938182831,-96.75,39.25,"KNZ",1913,12,1913-12-01
-0.117058120667934,-106.75,34.25,"SEV_BLACK",1913,12,1913-12-01
-0.117058120667934,-106.75,34.25,"SEV_BLUE",1913,12,1913-12-01
1.16124582290649,-104.75,40.75,"SGS",1913,12,1913-12-01
0.712068021297455,-104.75,41.25,"CHY",1914,1,1914-01-01
-0.665786147117615,-99.25,38.75,"HAYS",1914,1,1914-01-01
-0.130370438098907,-96.75,39.25,"KNZ",1914,1,1914-01-01
0.258885532617569,-106.75,34.25,"SEV_BLACK",1914,1,1914-01-01
0.258885532617569,-106.75,34.25,"SEV_BLUE",1914,1,1914-01-01
0.778451204299927,-104.75,40.75,"SGS",1914,1,1914-01-01
0.925091505050659,-104.75,41.25,"CHY",1914,2,1914-02-01
0.83113044500351,-99.25,38.75,"HAYS",1914,2,1914-02-01
1.24599707126617,-96.75,39.25,"KNZ",1914,2,1914-02-01
0.272627890110016,-106.75,34.25,"SEV_BLACK",1914,2,1914-02-01
0.272627890110016,-106.75,34.25,"SEV_BLUE",1914,2,1914-02-01
1.22769105434418,-104.75,40.75,"SGS",1914,2,1914-02-01
0.124175243079662,-104.75,41.25,"CHY",1914,3,1914-03-01
-0.0229403395205736,-99.25,38.75,"HAYS",1914,3,1914-03-01
1.07068431377411,-96.75,39.25,"KNZ",1914,3,1914-03-01
0.0606076344847679,-106.75,34.25,"SEV_BLACK",1914,3,1914-03-01
0.0606076344847679,-106.75,34.25,"SEV_BLUE",1914,3,1914-03-01
0.390397787094116,-104.75,40.75,"SGS",1914,3,1914-03-01
0.361749351024628,-104.75,41.25,"CHY",1914,4,1914-04-01
-0.171402826905251,-99.25,38.75,"HAYS",1914,4,1914-04-01
0.496748894453049,-96.75,39.25,"KNZ",1914,4,1914-04-01
0.533274054527283,-106.75,34.25,"SEV_BLACK",1914,4,1914-04-01
0.533274054527283,-106.75,34.25,"SEV_BLUE",1914,4,1914-04-01
0.66676652431488,-104.75,40.75,"SGS",1914,4,1914-04-01
0.190770149230957,-104.75,41.25,"CHY",1914,5,1914-05-01
-0.365203440189362,-99.25,38.75,"HAYS",1914,5,1914-05-01
-0.419030249118805,-96.75,39.25,"KNZ",1914,5,1914-05-01
0.689683556556702,-106.75,34.25,"SEV_BLACK",1914,5,1914-05-01
0.689683556556702,-106.75,34.25,"SEV_BLUE",1914,5,1914-05-01
0.724978983402252,-104.75,40.75,"SGS",1914,5,1914-05-01
-0.683740377426147,-104.75,41.25,"CHY",1914,6,1914-06-01
-0.775293588638306,-99.25,38.75,"HAYS",1914,6,1914-06-01
-0.883921265602112,-96.75,39.25,"KNZ",1914,6,1914-06-01
0.616547048091888,-106.75,34.25,"SEV_BLACK",1914,6,1914-06-01
0.616547048091888,-106.75,34.25,"SEV_BLUE",1914,6,1914-06-01
0.0205042883753777,-104.75,40.75,"SGS",1914,6,1914-06-01
-0.765971541404724,-104.75,41.25,"CHY",1914,7,1914-07-01
-0.513032495975494,-99.25,38.75,"HAYS",1914,7,1914-07-01
-0.934052169322968,-96.75,39.25,"KNZ",1914,7,1914-07-01
1.74915456771851,-106.75,34.25,"SEV_BLACK",1914,7,1914-07-01
1.74915456771851,-106.75,34.25,"SEV_BLUE",1914,7,1914-07-01
0.119862399995327,-104.75,40.75,"SGS",1914,7,1914-07-01
-0.729512333869934,-104.75,41.25,"CHY",1914,8,1914-08-01
-0.465395092964172,-99.25,38.75,"HAYS",1914,8,1914-08-01
-1.16314780712128,-96.75,39.25,"KNZ",1914,8,1914-08-01
1.92329132556915,-106.75,34.25,"SEV_BLACK",1914,8,1914-08-01
1.92329132556915,-106.75,34.25,"SEV_BLUE",1914,8,1914-08-01
0.0955637097358704,-104.75,40.75,"SGS",1914,8,1914-08-01
-0.890383183956146,-104.75,41.25,"CHY",1914,9,1914-09-01
-0.564379990100861,-99.25,38.75,"HAYS",1914,9,1914-09-01
-0.819202840328217,-96.75,39.25,"KNZ",1914,9,1914-09-01
1.70589375495911,-106.75,34.25,"SEV_BLACK",1914,9,1914-09-01
1.70589375495911,-106.75,34.25,"SEV_BLUE",1914,9,1914-09-01
-0.0960183665156364,-104.75,40.75,"SGS",1914,9,1914-09-01
-1.2777988910675,-104.75,41.25,"CHY",1914,10,1914-10-01
-0.438834607601166,-99.25,38.75,"HAYS",1914,10,1914-10-01
-0.529322266578674,-96.75,39.25,"KNZ",1914,10,1914-10-01
1.87793970108032,-106.75,34.25,"SEV_BLACK",1914,10,1914-10-01
1.87793970108032,-106.75,34.25,"SEV_BLUE",1914,10,1914-10-01
-0.363426566123962,-104.75,40.75,"SGS",1914,10,1914-10-01
-1.50169861316681,-104.75,41.25,"CHY",1914,11,1914-11-01
-0.710723698139191,-99.25,38.75,"HAYS",1914,11,1914-11-01
-0.512317955493927,-96.75,39.25,"KNZ",1914,11,1914-11-01
1.50746834278107,-106.75,34.25,"SEV_BLACK",1914,11,1914-11-01
1.50746834278107,-106.75,34.25,"SEV_BLUE",1914,11,1914-11-01
-0.644647777080536,-104.75,40.75,"SGS",1914,11,1914-11-01
-1.35649025440216,-104.75,41.25,"CHY",1914,12,1914-12-01
-0.626373887062073,-99.25,38.75,"HAYS",1914,12,1914-12-01
-0.402505129575729,-96.75,39.25,"KNZ",1914,12,1914-12-01
1.71283781528473,-106.75,34.25,"SEV_BLACK",1914,12,1914-12-01
1.71283781528473,-106.75,34.25,"SEV_BLUE",1914,12,1914-12-01
-0.530741155147552,-104.75,40.75,"SGS",1914,12,1914-12-01
-1.25267672538757,-104.75,41.25,"CHY",1915,1,1915-01-01
-0.680756866931915,-99.25,38.75,"HAYS",1915,1,1915-01-01
0.24173529446125,-96.75,39.25,"KNZ",1915,1,1915-01-01
1.16636061668396,-106.75,34.25,"SEV_BLACK",1915,1,1915-01-01
1.16636061668396,-106.75,34.25,"SEV_BLUE",1915,1,1915-01-01
-0.772961139678955,-104.75,40.75,"SGS",1915,1,1915-01-01
-0.995801568031311,-104.75,41.25,"CHY",1915,2,1915-02-01
-0.342227309942245,-99.25,38.75,"HAYS",1915,2,1915-02-01
1.0564501285553,-96.75,39.25,"KNZ",1915,2,1915-02-01
1.3603481054306,-106.75,34.25,"SEV_BLACK",1915,2,1915-02-01
1.3603481054306,-106.75,34.25,"SEV_BLUE",1915,2,1915-02-01
-0.705851376056671,-104.75,40.75,"SGS",1915,2,1915-02-01
0.422284632921219,-104.75,41.25,"CHY",1915,3,1915-03-01
0.862460434436798,-99.25,38.75,"HAYS",1915,3,1915-03-01
0.94270533323288,-96.75,39.25,"KNZ",1915,3,1915-03-01
1.985959649086,-106.75,34.25,"SEV_BLACK",1915,3,1915-03-01
1.985959649086,-106.75,34.25,"SEV_BLUE",1915,3,1915-03-01
0.616554379463196,-104.75,40.75,"SGS",1915,3,1915-03-01
1.00559115409851,-104.75,41.25,"CHY",1915,4,1915-04-01
1.08337068557739,-99.25,38.75,"HAYS",1915,4,1915-04-01
0.419370830059052,-96.75,39.25,"KNZ",1915,4,1915-04-01
2.21453523635864,-106.75,34.25,"SEV_BLACK",1915,4,1915-04-01
2.21453523635864,-106.75,34.25,"SEV_BLUE",1915,4,1915-04-01
0.984446048736572,-104.75,40.75,"SGS",1915,4,1915-04-01
1.5067001581192,-104.75,41.25,"CHY",1915,5,1915-05-01
1.87252366542816,-99.25,38.75,"HAYS",1915,5,1915-05-01
1.58163166046143,-96.75,39.25,"KNZ",1915,5,1915-05-01
2.34347820281982,-106.75,34.25,"SEV_BLACK",1915,5,1915-05-01
2.34347820281982,-106.75,34.25,"SEV_BLUE",1915,5,1915-05-01
1.51947903633118,-104.75,40.75,"SGS",1915,5,1915-05-01
1.54564917087555,-104.75,41.25,"CHY",1915,6,1915-06-01
2.13827872276306,-99.25,38.75,"HAYS",1915,6,1915-06-01
1.79868853092194,-96.75,39.25,"KNZ",1915,6,1915-06-01
1.6627779006958,-106.75,34.25,"SEV_BLACK",1915,6,1915-06-01
1.6627779006958,-106.75,34.25,"SEV_BLUE",1915,6,1915-06-01
1.63438284397125,-104.75,40.75,"SGS",1915,6,1915-06-01
1.66638720035553,-104.75,41.25,"CHY",1915,7,1915-07-01
2.5232150554657,-99.25,38.75,"HAYS",1915,7,1915-07-01
2.07207751274109,-96.75,39.25,"KNZ",1915,7,1915-07-01
1.73702251911163,-106.75,34.25,"SEV_BLACK",1915,7,1915-07-01
1.73702251911163,-106.75,34.25,"SEV_BLUE",1915,7,1915-07-01
1.69350707530975,-104.75,40.75,"SGS",1915,7,1915-07-01
1.93497228622437,-104.75,41.25,"CHY",1915,8,1915-08-01
2.6266770362854,-99.25,38.75,"HAYS",1915,8,1915-08-01
1.96178555488586,-96.75,39.25,"KNZ",1915,8,1915-08-01
1.34186780452728,-106.75,34.25,"SEV_BLACK",1915,8,1915-08-01
1.34186780452728,-106.75,34.25,"SEV_BLUE",1915,8,1915-08-01
2.02251577377319,-104.75,40.75,"SGS",1915,8,1915-08-01
1.99019527435303,-104.75,41.25,"CHY",1915,9,1915-09-01
2.42887711524963,-99.25,38.75,"HAYS",1915,9,1915-09-01
1.84568452835083,-96.75,39.25,"KNZ",1915,9,1915-09-01
1.04442274570465,-106.75,34.25,"SEV_BLACK",1915,9,1915-09-01
1.04442274570465,-106.75,34.25,"SEV_BLUE",1915,9,1915-09-01
2.00375771522522,-104.75,40.75,"SGS",1915,9,1915-09-01
1.81884610652924,-104.75,41.25,"CHY",1915,10,1915-10-01
2.21323108673096,-99.25,38.75,"HAYS",1915,10,1915-10-01
1.92525696754456,-96.75,39.25,"KNZ",1915,10,1915-10-01
-0.0709083080291748,-106.75,34.25,"SEV_BLACK",1915,10,1915-10-01
-0.0709083080291748,-106.75,34.25,"SEV_BLUE",1915,10,1915-10-01
1.7839527130127,-104.75,40.75,"SGS",1915,10,1915-10-01
1.63265025615692,-104.75,41.25,"CHY",1915,11,1915-11-01
1.81579279899597,-99.25,38.75,"HAYS",1915,11,1915-11-01
1.60432982444763,-96.75,39.25,"KNZ",1915,11,1915-11-01
-0.253493309020996,-106.75,34.25,"SEV_BLACK",1915,11,1915-11-01
-0.253493309020996,-106.75,34.25,"SEV_BLUE",1915,11,1915-11-01
1.53047561645508,-104.75,40.75,"SGS",1915,11,1915-11-01
1.62700879573822,-104.75,41.25,"CHY",1915,12,1915-12-01
1.45568370819092,-99.25,38.75,"HAYS",1915,12,1915-12-01
1.22079789638519,-96.75,39.25,"KNZ",1915,12,1915-12-01
0.0889804065227509,-106.75,34.25,"SEV_BLACK",1915,12,1915-12-01
0.0889804065227509,-106.75,34.25,"SEV_BLUE",1915,12,1915-12-01
1.46201407909393,-104.75,40.75,"SGS",1915,12,1915-12-01
1.76785695552826,-104.75,41.25,"CHY",1916,1,1916-01-01
0.900320410728455,-99.25,38.75,"HAYS",1916,1,1916-01-01
0.79681795835495,-96.75,39.25,"KNZ",1916,1,1916-01-01
-0.028237622231245,-106.75,34.25,"SEV_BLACK",1916,1,1916-01-01
-0.028237622231245,-106.75,34.25,"SEV_BLUE",1916,1,1916-01-01
1.65398633480072,-104.75,40.75,"SGS",1916,1,1916-01-01
0.91639107465744,-104.75,41.25,"CHY",1916,2,1916-02-01
-0.430170387029648,-99.25,38.75,"HAYS",1916,2,1916-02-01
0.503401517868042,-96.75,39.25,"KNZ",1916,2,1916-02-01
-0.103693246841431,-106.75,34.25,"SEV_BLACK",1916,2,1916-02-01
-0.103693246841431,-106.75,34.25,"SEV_BLUE",1916,2,1916-02-01
0.626206278800964,-104.75,40.75,"SGS",1916,2,1916-02-01
-0.775588035583496,-104.75,41.25,"CHY",1916,3,1916-03-01
-1.3421745300293,-99.25,38.75,"HAYS",1916,3,1916-03-01
-0.0634704530239105,-96.75,39.25,"KNZ",1916,3,1916-03-01
-0.561222434043884,-106.75,34.25,"SEV_BLACK",1916,3,1916-03-01
-0.561222434043884,-106.75,34.25,"SEV_BLUE",1916,3,1916-03-01
-0.889635980129242,-104.75,40.75,"SGS",1916,3,1916-03-01
-1.20391070842743,-104.75,41.25,"CHY",1916,4,1916-04-01
-0.720883905887604,-99.25,38.75,"HAYS",1916,4,1916-04-01
0.0301764011383057,-96.75,39.25,"KNZ",1916,4,1916-04-01
0.104656130075455,-106.75,34.25,"SEV_BLACK",1916,4,1916-04-01
0.104656130075455,-106.75,34.25,"SEV_BLUE",1916,4,1916-04-01
-1.1509016752243,-104.75,40.75,"SGS",1916,4,1916-04-01
-0.634896039962769,-104.75,41.25,"CHY",1916,5,1916-05-01
-0.707836031913757,-99.25,38.75,"HAYS",1916,5,1916-05-01
0.438547730445862,-96.75,39.25,"KNZ",1916,5,1916-05-01
0.242083489894867,-106.75,34.25,"SEV_BLACK",1916,5,1916-05-01
0.242083489894867,-106.75,34.25,"SEV_BLUE",1916,5,1916-05-01
-0.773867130279541,-104.75,40.75,"SGS",1916,5,1916-05-01
-1.04968059062958,-104.75,41.25,"CHY",1916,6,1916-06-01
0.0580814331769943,-99.25,38.75,"HAYS",1916,6,1916-06-01
0.593302071094513,-96.75,39.25,"KNZ",1916,6,1916-06-01
-0.460295259952545,-106.75,34.25,"SEV_BLACK",1916,6,1916-06-01
-0.460295259952545,-106.75,34.25,"SEV_BLUE",1916,6,1916-06-01
-1.1469841003418,-104.75,40.75,"SGS",1916,6,1916-06-01
-1.30801630020142,-104.75,41.25,"CHY",1916,7,1916-07-01
-0.845529198646545,-99.25,38.75,"HAYS",1916,7,1916-07-01
-0.499268084764481,-96.75,39.25,"KNZ",1916,7,1916-07-01
-0.784322082996368,-106.75,34.25,"SEV_BLACK",1916,7,1916-07-01
-0.784322082996368,-106.75,34.25,"SEV_BLUE",1916,7,1916-07-01
-1.36646437644958,-104.75,40.75,"SGS",1916,7,1916-07-01
-1.13244199752808,-104.75,41.25,"CHY",1916,8,1916-08-01
-0.976839482784271,-99.25,38.75,"HAYS",1916,8,1916-08-01
-0.780475318431854,-96.75,39.25,"KNZ",1916,8,1916-08-01
-0.219080403447151,-106.75,34.25,"SEV_BLACK",1916,8,1916-08-01
-0.219080403447151,-106.75,34.25,"SEV_BLUE",1916,8,1916-08-01
-1.02119266986847,-104.75,40.75,"SGS",1916,8,1916-08-01
-0.998293220996857,-104.75,41.25,"CHY",1916,9,1916-09-01
-0.867405116558075,-99.25,38.75,"HAYS",1916,9,1916-09-01
-0.656339764595032,-96.75,39.25,"KNZ",1916,9,1916-09-01
-0.544383585453033,-106.75,34.25,"SEV_BLACK",1916,9,1916-09-01
-0.544383585453033,-106.75,34.25,"SEV_BLUE",1916,9,1916-09-01
-0.762259721755981,-104.75,40.75,"SGS",1916,9,1916-09-01
-0.47702693939209,-104.75,41.25,"CHY",1916,10,1916-10-01
-1.00849783420563,-99.25,38.75,"HAYS",1916,10,1916-10-01
-0.690433382987976,-96.75,39.25,"KNZ",1916,10,1916-10-01
0.222933948040009,-106.75,34.25,"SEV_BLACK",1916,10,1916-10-01
0.222933948040009,-106.75,34.25,"SEV_BLUE",1916,10,1916-10-01
-0.166899189352989,-104.75,40.75,"SGS",1916,10,1916-10-01
-0.504003584384918,-104.75,41.25,"CHY",1916,11,1916-11-01
-1.01848268508911,-99.25,38.75,"HAYS",1916,11,1916-11-01
-0.903510391712189,-96.75,39.25,"KNZ",1916,11,1916-11-01
0.166114121675491,-106.75,34.25,"SEV_BLACK",1916,11,1916-11-01
0.166114121675491,-106.75,34.25,"SEV_BLUE",1916,11,1916-11-01
-0.0365397557616234,-104.75,40.75,"SGS",1916,11,1916-11-01
0.179871886968613,-104.75,41.25,"CHY",1916,12,1916-12-01
-1.63028979301453,-99.25,38.75,"HAYS",1916,12,1916-12-01
-1.20482087135315,-96.75,39.25,"KNZ",1916,12,1916-12-01
0.538862943649292,-106.75,34.25,"SEV_BLACK",1916,12,1916-12-01
0.538862943649292,-106.75,34.25,"SEV_BLUE",1916,12,1916-12-01
0.732360005378723,-104.75,40.75,"SGS",1916,12,1916-12-01
0.64801949262619,-104.75,41.25,"CHY",1917,1,1917-01-01
-1.4163544178009,-99.25,38.75,"HAYS",1917,1,1917-01-01
-0.782348990440369,-96.75,39.25,"KNZ",1917,1,1917-01-01
0.559056520462036,-106.75,34.25,"SEV_BLACK",1917,1,1917-01-01
0.559056520462036,-106.75,34.25,"SEV_BLUE",1917,1,1917-01-01
1.14928472042084,-104.75,40.75,"SGS",1917,1,1917-01-01
0.83008337020874,-104.75,41.25,"CHY",1917,2,1917-02-01
-1.35815191268921,-99.25,38.75,"HAYS",1917,2,1917-02-01
-0.470583587884903,-96.75,39.25,"KNZ",1917,2,1917-02-01
0.330608248710632,-106.75,34.25,"SEV_BLACK",1917,2,1917-02-01
0.330608248710632,-106.75,34.25,"SEV_BLUE",1917,2,1917-02-01
1.2008364200592,-104.75,40.75,"SGS",1917,2,1917-02-01
1.404993891716,-104.75,41.25,"CHY",1917,3,1917-03-01
-1.25974273681641,-99.25,38.75,"HAYS",1917,3,1917-03-01
-0.531950771808624,-96.75,39.25,"KNZ",1917,3,1917-03-01
0.565234959125519,-106.75,34.25,"SEV_BLACK",1917,3,1917-03-01
0.565234959125519,-106.75,34.25,"SEV_BLUE",1917,3,1917-03-01
1.55525839328766,-104.75,40.75,"SGS",1917,3,1917-03-01
1.12947881221771,-104.75,41.25,"CHY",1917,4,1917-04-01
-0.970243692398071,-99.25,38.75,"HAYS",1917,4,1917-04-01
-0.0201231744140387,-96.75,39.25,"KNZ",1917,4,1917-04-01
-0.570762097835541,-106.75,34.25,"SEV_BLACK",1917,4,1917-04-01
-0.570762097835541,-106.75,34.25,"SEV_BLUE",1917,4,1917-04-01
1.03028452396393,-104.75,40.75,"SGS",1917,4,1917-04-01
1.96732819080353,-104.75,41.25,"CHY",1917,5,1917-05-01
-0.843517541885376,-99.25,38.75,"HAYS",1917,5,1917-05-01
-0.0872069820761681,-96.75,39.25,"KNZ",1917,5,1917-05-01
0.0736784562468529,-106.75,34.25,"SEV_BLACK",1917,5,1917-05-01
0.0736784562468529,-106.75,34.25,"SEV_BLUE",1917,5,1917-05-01
1.91858875751495,-104.75,40.75,"SGS",1917,5,1917-05-01
1.25555205345154,-104.75,41.25,"CHY",1917,6,1917-06-01
-1.29192924499512,-99.25,38.75,"HAYS",1917,6,1917-06-01
-0.432455271482468,-96.75,39.25,"KNZ",1917,6,1917-06-01
-0.0276133418083191,-106.75,34.25,"SEV_BLACK",1917,6,1917-06-01
-0.0276133418083191,-106.75,34.25,"SEV_BLUE",1917,6,1917-06-01
1.22718787193298,-104.75,40.75,"SGS",1917,6,1917-06-01
0.700647711753845,-104.75,41.25,"CHY",1917,7,1917-07-01
-1.45209193229675,-99.25,38.75,"HAYS",1917,7,1917-07-01
-0.957888007164001,-96.75,39.25,"KNZ",1917,7,1917-07-01
-0.70046055316925,-106.75,34.25,"SEV_BLACK",1917,7,1917-07-01
-0.70046055316925,-106.75,34.25,"SEV_BLUE",1917,7,1917-07-01
0.704772651195526,-104.75,40.75,"SGS",1917,7,1917-07-01
0.650832414627075,-104.75,41.25,"CHY",1917,8,1917-08-01
-0.942852914333344,-99.25,38.75,"HAYS",1917,8,1917-08-01
-0.557027041912079,-96.75,39.25,"KNZ",1917,8,1917-08-01
-1.04806792736053,-106.75,34.25,"SEV_BLACK",1917,8,1917-08-01
-1.04806792736053,-106.75,34.25,"SEV_BLUE",1917,8,1917-08-01
0.58460134267807,-104.75,40.75,"SGS",1917,8,1917-08-01
0.341993540525436,-104.75,41.25,"CHY",1917,9,1917-09-01
-0.81574010848999,-99.25,38.75,"HAYS",1917,9,1917-09-01
-0.601129770278931,-96.75,39.25,"KNZ",1917,9,1917-09-01
-0.980404675006866,-106.75,34.25,"SEV_BLACK",1917,9,1917-09-01
-0.980404675006866,-106.75,34.25,"SEV_BLUE",1917,9,1917-09-01
0.246555238962173,-104.75,40.75,"SGS",1917,9,1917-09-01
0.0310440696775913,-104.75,41.25,"CHY",1917,10,1917-10-01
-0.999088943004608,-99.25,38.75,"HAYS",1917,10,1917-10-01
-0.911586403846741,-96.75,39.25,"KNZ",1917,10,1917-10-01
-1.35990750789642,-106.75,34.25,"SEV_BLACK",1917,10,1917-10-01
-1.35990750789642,-106.75,34.25,"SEV_BLUE",1917,10,1917-10-01
0.0284419432282448,-104.75,40.75,"SGS",1917,10,1917-10-01
-1.42651641368866,-104.75,41.25,"CHY",1917,11,1917-11-01
-1.08530068397522,-99.25,38.75,"HAYS",1917,11,1917-11-01
-1.28904068470001,-96.75,39.25,"KNZ",1917,11,1917-11-01
-2.01779341697693,-106.75,34.25,"SEV_BLACK",1917,11,1917-11-01
-2.01779341697693,-106.75,34.25,"SEV_BLUE",1917,11,1917-11-01
-1.50850057601929,-104.75,40.75,"SGS",1917,11,1917-11-01
-1.28650331497192,-104.75,41.25,"CHY",1917,12,1917-12-01
-0.831668078899384,-99.25,38.75,"HAYS",1917,12,1917-12-01
-1.35680198669434,-96.75,39.25,"KNZ",1917,12,1917-12-01
-2.18460178375244,-106.75,34.25,"SEV_BLACK",1917,12,1917-12-01
-2.18460178375244,-106.75,34.25,"SEV_BLUE",1917,12,1917-12-01
-1.4768226146698,-104.75,40.75,"SGS",1917,12,1917-12-01
-0.699812889099121,-104.75,41.25,"CHY",1918,1,1918-01-01
-0.269981980323792,-99.25,38.75,"HAYS",1918,1,1918-01-01
-0.900849997997284,-96.75,39.25,"KNZ",1918,1,1918-01-01
-1.68763899803162,-106.75,34.25,"SEV_BLACK",1918,1,1918-01-01
-1.68763899803162,-106.75,34.25,"SEV_BLUE",1918,1,1918-01-01
-1.14203751087189,-104.75,40.75,"SGS",1918,1,1918-01-01
-0.786280632019043,-104.75,41.25,"CHY",1918,2,1918-02-01
-1.00780963897705,-99.25,38.75,"HAYS",1918,2,1918-02-01
-1.41686940193176,-96.75,39.25,"KNZ",1918,2,1918-02-01
-1.62181615829468,-106.75,34.25,"SEV_BLACK",1918,2,1918-02-01
-1.62181615829468,-106.75,34.25,"SEV_BLUE",1918,2,1918-02-01
-1.18564224243164,-104.75,40.75,"SGS",1918,2,1918-02-01
-1.2375625371933,-104.75,41.25,"CHY",1918,3,1918-03-01
-0.966599702835083,-99.25,38.75,"HAYS",1918,3,1918-03-01
-1.74953591823578,-96.75,39.25,"KNZ",1918,3,1918-03-01
-1.55844354629517,-106.75,34.25,"SEV_BLACK",1918,3,1918-03-01
-1.55844354629517,-106.75,34.25,"SEV_BLUE",1918,3,1918-03-01
-1.50980222225189,-104.75,40.75,"SGS",1918,3,1918-03-01
-0.0138771953061223,-104.75,41.25,"CHY",1918,4,1918-04-01
-0.0315667055547237,-99.25,38.75,"HAYS",1918,4,1918-04-01
-0.774955153465271,-96.75,39.25,"KNZ",1918,4,1918-04-01
-1.00412595272064,-106.75,34.25,"SEV_BLACK",1918,4,1918-04-01
-1.00412595272064,-106.75,34.25,"SEV_BLUE",1918,4,1918-04-01
-0.363318085670471,-104.75,40.75,"SGS",1918,4,1918-04-01
0.404096215963364,-104.75,41.25,"CHY",1918,5,1918-05-01
0.111803315579891,-99.25,38.75,"HAYS",1918,5,1918-05-01
-0.134917438030243,-96.75,39.25,"KNZ",1918,5,1918-05-01
-0.685691952705383,-106.75,34.25,"SEV_BLACK",1918,5,1918-05-01
-0.685691952705383,-106.75,34.25,"SEV_BLUE",1918,5,1918-05-01
-0.206669926643372,-104.75,40.75,"SGS",1918,5,1918-05-01
-0.0938340574502945,-104.75,41.25,"CHY",1918,6,1918-06-01
-0.832965850830078,-99.25,38.75,"HAYS",1918,6,1918-06-01
-0.867551684379578,-96.75,39.25,"KNZ",1918,6,1918-06-01
-0.0699430033564568,-106.75,34.25,"SEV_BLACK",1918,6,1918-06-01
-0.0699430033564568,-106.75,34.25,"SEV_BLUE",1918,6,1918-06-01
-0.521710991859436,-104.75,40.75,"SGS",1918,6,1918-06-01
0.13949365913868,-104.75,41.25,"CHY",1918,7,1918-07-01
-0.576732039451599,-99.25,38.75,"HAYS",1918,7,1918-07-01
-0.983332097530365,-96.75,39.25,"KNZ",1918,7,1918-07-01
-0.414741039276123,-106.75,34.25,"SEV_BLACK",1918,7,1918-07-01
-0.414741039276123,-106.75,34.25,"SEV_BLUE",1918,7,1918-07-01
-0.0927135497331619,-104.75,40.75,"SGS",1918,7,1918-07-01
0.274275362491608,-104.75,41.25,"CHY",1918,8,1918-08-01
-0.795945167541504,-99.25,38.75,"HAYS",1918,8,1918-08-01
-1.22243559360504,-96.75,39.25,"KNZ",1918,8,1918-08-01
-0.327040642499924,-106.75,34.25,"SEV_BLACK",1918,8,1918-08-01
-0.327040642499924,-106.75,34.25,"SEV_BLUE",1918,8,1918-08-01
-0.036216527223587,-104.75,40.75,"SGS",1918,8,1918-08-01
1.17993414402008,-104.75,41.25,"CHY",1918,9,1918-09-01
-0.700473427772522,-99.25,38.75,"HAYS",1918,9,1918-09-01
-0.985559642314911,-96.75,39.25,"KNZ",1918,9,1918-09-01
-0.786951065063477,-106.75,34.25,"SEV_BLACK",1918,9,1918-09-01
-0.786951065063477,-106.75,34.25,"SEV_BLUE",1918,9,1918-09-01
0.881458520889282,-104.75,40.75,"SGS",1918,9,1918-09-01
0.686519503593445,-104.75,41.25,"CHY",1918,10,1918-10-01
-0.817833781242371,-99.25,38.75,"HAYS",1918,10,1918-10-01
-0.870750427246094,-96.75,39.25,"KNZ",1918,10,1918-10-01
-0.256005585193634,-106.75,34.25,"SEV_BLACK",1918,10,1918-10-01
-0.256005585193634,-106.75,34.25,"SEV_BLUE",1918,10,1918-10-01
0.378251075744629,-104.75,40.75,"SGS",1918,10,1918-10-01
0.896519064903259,-104.75,41.25,"CHY",1918,11,1918-11-01
-0.733937561511993,-99.25,38.75,"HAYS",1918,11,1918-11-01
-0.862795233726501,-96.75,39.25,"KNZ",1918,11,1918-11-01
0.142593368887901,-106.75,34.25,"SEV_BLACK",1918,11,1918-11-01
0.142593368887901,-106.75,34.25,"SEV_BLUE",1918,11,1918-11-01
0.841273963451385,-104.75,40.75,"SGS",1918,11,1918-11-01
1.62214243412018,-104.75,41.25,"CHY",1918,12,1918-12-01
0.303910106420517,-99.25,38.75,"HAYS",1918,12,1918-12-01
-0.0608003623783588,-96.75,39.25,"KNZ",1918,12,1918-12-01
0.561981320381165,-106.75,34.25,"SEV_BLACK",1918,12,1918-12-01
0.561981320381165,-106.75,34.25,"SEV_BLUE",1918,12,1918-12-01
1.61194753646851,-104.75,40.75,"SGS",1918,12,1918-12-01
1.04532432556152,-104.75,41.25,"CHY",1919,1,1919-01-01
-0.0831844285130501,-99.25,38.75,"HAYS",1919,1,1919-01-01
0.0913319736719131,-96.75,39.25,"KNZ",1919,1,1919-01-01
0.693473637104034,-106.75,34.25,"SEV_BLACK",1919,1,1919-01-01
0.693473637104034,-106.75,34.25,"SEV_BLUE",1919,1,1919-01-01
1.01378893852234,-104.75,40.75,"SGS",1919,1,1919-01-01
0.926829099655151,-104.75,41.25,"CHY",1919,2,1919-02-01
1.09301269054413,-99.25,38.75,"HAYS",1919,2,1919-02-01
0.974615871906281,-96.75,39.25,"KNZ",1919,2,1919-02-01
0.940193831920624,-106.75,34.25,"SEV_BLACK",1919,2,1919-02-01
0.940193831920624,-106.75,34.25,"SEV_BLUE",1919,2,1919-02-01
1.04055678844452,-104.75,40.75,"SGS",1919,2,1919-02-01
0.0293114148080349,-104.75,41.25,"CHY",1919,3,1919-03-01
1.03538000583649,-99.25,38.75,"HAYS",1919,3,1919-03-01
1.36465609073639,-96.75,39.25,"KNZ",1919,3,1919-03-01
1.81863975524902,-106.75,34.25,"SEV_BLACK",1919,3,1919-03-01
1.81863975524902,-106.75,34.25,"SEV_BLUE",1919,3,1919-03-01
0.303167998790741,-104.75,40.75,"SGS",1919,3,1919-03-01
-0.0119741940870881,-104.75,41.25,"CHY",1919,4,1919-04-01
1.57132482528687,-99.25,38.75,"HAYS",1919,4,1919-04-01
1.3873565196991,-96.75,39.25,"KNZ",1919,4,1919-04-01
1.99512577056885,-106.75,34.25,"SEV_BLACK",1919,4,1919-04-01
1.99512577056885,-106.75,34.25,"SEV_BLUE",1919,4,1919-04-01
0.0677514895796776,-104.75,40.75,"SGS",1919,4,1919-04-01
-1.16219615936279,-104.75,41.25,"CHY",1919,5,1919-05-01
1.46487498283386,-99.25,38.75,"HAYS",1919,5,1919-05-01
1.10424208641052,-96.75,39.25,"KNZ",1919,5,1919-05-01
1.78425335884094,-106.75,34.25,"SEV_BLACK",1919,5,1919-05-01
1.78425335884094,-106.75,34.25,"SEV_BLUE",1919,5,1919-05-01
-1.09610271453857,-104.75,40.75,"SGS",1919,5,1919-05-01
-1.55885636806488,-104.75,41.25,"CHY",1919,6,1919-06-01
1.28089869022369,-99.25,38.75,"HAYS",1919,6,1919-06-01
0.917365491390228,-96.75,39.25,"KNZ",1919,6,1919-06-01
1.71018636226654,-106.75,34.25,"SEV_BLACK",1919,6,1919-06-01
1.71018636226654,-106.75,34.25,"SEV_BLUE",1919,6,1919-06-01
-1.62152290344238,-104.75,40.75,"SGS",1919,6,1919-06-01
-1.29893386363983,-104.75,41.25,"CHY",1919,7,1919-07-01
1.05705857276917,-99.25,38.75,"HAYS",1919,7,1919-07-01
0.242255881428719,-96.75,39.25,"KNZ",1919,7,1919-07-01
2.05492758750916,-106.75,34.25,"SEV_BLACK",1919,7,1919-07-01
2.05492758750916,-106.75,34.25,"SEV_BLUE",1919,7,1919-07-01
-1.16959893703461,-104.75,40.75,"SGS",1919,7,1919-07-01
-1.53628885746002,-104.75,41.25,"CHY",1919,8,1919-08-01
0.273067325353622,-99.25,38.75,"HAYS",1919,8,1919-08-01
-0.198442906141281,-96.75,39.25,"KNZ",1919,8,1919-08-01
1.77042138576508,-106.75,34.25,"SEV_BLACK",1919,8,1919-08-01
1.77042138576508,-106.75,34.25,"SEV_BLUE",1919,8,1919-08-01
-1.43031084537506,-104.75,40.75,"SGS",1919,8,1919-08-01
-1.3186936378479,-104.75,41.25,"CHY",1919,9,1919-09-01
0.566785931587219,-99.25,38.75,"HAYS",1919,9,1919-09-01
-0.438710421323776,-96.75,39.25,"KNZ",1919,9,1919-09-01
1.56120312213898,-106.75,34.25,"SEV_BLACK",1919,9,1919-09-01
1.56120312213898,-106.75,34.25,"SEV_BLUE",1919,9,1919-09-01
-1.320836186409,-104.75,40.75,"SGS",1919,9,1919-09-01
-0.909775853157043,-104.75,41.25,"CHY",1919,10,1919-10-01
0.208060950040817,-99.25,38.75,"HAYS",1919,10,1919-10-01
-0.73741888999939,-96.75,39.25,"KNZ",1919,10,1919-10-01
0.99124276638031,-106.75,34.25,"SEV_BLACK",1919,10,1919-10-01
0.99124276638031,-106.75,34.25,"SEV_BLUE",1919,10,1919-10-01
-1.01077449321747,-104.75,40.75,"SGS",1919,10,1919-10-01
0.253761410713196,-104.75,41.25,"CHY",1919,11,1919-11-01
0.370840281248093,-99.25,38.75,"HAYS",1919,11,1919-11-01
-0.629096925258636,-96.75,39.25,"KNZ",1919,11,1919-11-01
1.11462759971619,-106.75,34.25,"SEV_BLACK",1919,11,1919-11-01
1.11462759971619,-106.75,34.25,"SEV_BLUE",1919,11,1919-11-01
0.0631561502814293,-104.75,40.75,"SGS",1919,11,1919-11-01
0.976626515388489,-104.75,41.25,"CHY",1919,12,1919-12-01
0.0873226001858711,-99.25,38.75,"HAYS",1919,12,1919-12-01
-0.94896125793457,-96.75,39.25,"KNZ",1919,12,1919-12-01
0.710783541202545,-106.75,34.25,"SEV_BLACK",1919,12,1919-12-01
0.710783541202545,-106.75,34.25,"SEV_BLUE",1919,12,1919-12-01
0.798072457313538,-104.75,40.75,"SGS",1919,12,1919-12-01
1.14769911766052,-104.75,41.25,"CHY",1920,1,1920-01-01
0.217352971434593,-99.25,38.75,"HAYS",1920,1,1920-01-01
-0.43926066160202,-96.75,39.25,"KNZ",1920,1,1920-01-01
0.168303310871124,-106.75,34.25,"SEV_BLACK",1920,1,1920-01-01
0.168303310871124,-106.75,34.25,"SEV_BLUE",1920,1,1920-01-01
0.548802852630615,-104.75,40.75,"SGS",1920,1,1920-01-01
1.86562085151672,-104.75,41.25,"CHY",1920,2,1920-02-01
0.874138057231903,-99.25,38.75,"HAYS",1920,2,1920-02-01
-0.124819569289684,-96.75,39.25,"KNZ",1920,2,1920-02-01
0.532239258289337,-106.75,34.25,"SEV_BLACK",1920,2,1920-02-01
0.532239258289337,-106.75,34.25,"SEV_BLUE",1920,2,1920-02-01
1.22174549102783,-104.75,40.75,"SGS",1920,2,1920-02-01
1.40652978420258,-104.75,41.25,"CHY",1920,3,1920-03-01
-0.128869459033012,-99.25,38.75,"HAYS",1920,3,1920-03-01
-0.136466428637505,-96.75,39.25,"KNZ",1920,3,1920-03-01
0.208704352378845,-106.75,34.25,"SEV_BLACK",1920,3,1920-03-01
0.208704352378845,-106.75,34.25,"SEV_BLUE",1920,3,1920-03-01
0.745790481567383,-104.75,40.75,"SGS",1920,3,1920-03-01
1.81493949890137,-104.75,41.25,"CHY",1920,4,1920-04-01
-0.132821127772331,-99.25,38.75,"HAYS",1920,4,1920-04-01
0.514188051223755,-96.75,39.25,"KNZ",1920,4,1920-04-01
0.505911707878113,-106.75,34.25,"SEV_BLACK",1920,4,1920-04-01
0.505911707878113,-106.75,34.25,"SEV_BLUE",1920,4,1920-04-01
1.4764289855957,-104.75,40.75,"SGS",1920,4,1920-04-01
1.12973988056183,-104.75,41.25,"CHY",1920,5,1920-05-01
-0.0959626659750938,-99.25,38.75,"HAYS",1920,5,1920-05-01
-0.100967727601528,-96.75,39.25,"KNZ",1920,5,1920-05-01
0.302834808826447,-106.75,34.25,"SEV_BLACK",1920,5,1920-05-01
0.302834808826447,-106.75,34.25,"SEV_BLUE",1920,5,1920-05-01
0.867868661880493,-104.75,40.75,"SGS",1920,5,1920-05-01
0.751067936420441,-104.75,41.25,"CHY",1920,6,1920-06-01
-0.317872911691666,-99.25,38.75,"HAYS",1920,6,1920-06-01
-0.685121595859528,-96.75,39.25,"KNZ",1920,6,1920-06-01
0.768469989299774,-106.75,34.25,"SEV_BLACK",1920,6,1920-06-01
0.768469989299774,-106.75,34.25,"SEV_BLUE",1920,6,1920-06-01
0.663151562213898,-104.75,40.75,"SGS",1920,6,1920-06-01
0.630224645137787,-104.75,41.25,"CHY",1920,7,1920-07-01
-0.402161031961441,-99.25,38.75,"HAYS",1920,7,1920-07-01
-0.193394556641579,-96.75,39.25,"KNZ",1920,7,1920-07-01
-0.0777165964245796,-106.75,34.25,"SEV_BLACK",1920,7,1920-07-01
-0.0777165964245796,-106.75,34.25,"SEV_BLUE",1920,7,1920-07-01
0.595234215259552,-104.75,40.75,"SGS",1920,7,1920-07-01
0.701595544815063,-104.75,41.25,"CHY",1920,8,1920-08-01
0.0150175597518682,-99.25,38.75,"HAYS",1920,8,1920-08-01
0.013278285972774,-96.75,39.25,"KNZ",1920,8,1920-08-01
-0.102249145507812,-106.75,34.25,"SEV_BLACK",1920,8,1920-08-01
-0.102249145507812,-106.75,34.25,"SEV_BLUE",1920,8,1920-08-01
0.675586104393005,-104.75,40.75,"SGS",1920,8,1920-08-01
0.799134433269501,-104.75,41.25,"CHY",1920,9,1920-09-01
0.212468087673187,-99.25,38.75,"HAYS",1920,9,1920-09-01
0.120984204113483,-96.75,39.25,"KNZ",1920,9,1920-09-01
-0.501866221427917,-106.75,34.25,"SEV_BLACK",1920,9,1920-09-01
-0.501866221427917,-106.75,34.25,"SEV_BLUE",1920,9,1920-09-01
0.769182741641998,-104.75,40.75,"SGS",1920,9,1920-09-01
0.115446515381336,-104.75,41.25,"CHY",1920,10,1920-10-01
0.15619307756424,-99.25,38.75,"HAYS",1920,10,1920-10-01
-0.400885194540024,-96.75,39.25,"KNZ",1920,10,1920-10-01
-0.454330235719681,-106.75,34.25,"SEV_BLACK",1920,10,1920-10-01
-0.454330235719681,-106.75,34.25,"SEV_BLUE",1920,10,1920-10-01
0.0307316966354847,-104.75,40.75,"SGS",1920,10,1920-10-01
0.163484081625938,-104.75,41.25,"CHY",1920,11,1920-11-01
0.0114735215902328,-99.25,38.75,"HAYS",1920,11,1920-11-01
-0.179039806127548,-96.75,39.25,"KNZ",1920,11,1920-11-01
-0.533799648284912,-106.75,34.25,"SEV_BLACK",1920,11,1920-11-01
-0.533799648284912,-106.75,34.25,"SEV_BLUE",1920,11,1920-11-01
0.0858143195509911,-104.75,40.75,"SGS",1920,11,1920-11-01
0.467672049999237,-104.75,41.25,"CHY",1920,12,1920-12-01
0.195212483406067,-99.25,38.75,"HAYS",1920,12,1920-12-01
0.398661226034164,-96.75,39.25,"KNZ",1920,12,1920-12-01
-1.00885224342346,-106.75,34.25,"SEV_BLACK",1920,12,1920-12-01
-1.00885224342346,-106.75,34.25,"SEV_BLUE",1920,12,1920-12-01
0.198085904121399,-104.75,40.75,"SGS",1920,12,1920-12-01
1.16542780399323,-104.75,41.25,"CHY",1921,1,1921-01-01
0.62767893075943,-99.25,38.75,"HAYS",1921,1,1921-01-01
0.114381708204746,-96.75,39.25,"KNZ",1921,1,1921-01-01
-0.535788536071777,-106.75,34.25,"SEV_BLACK",1921,1,1921-01-01
-0.535788536071777,-106.75,34.25,"SEV_BLUE",1921,1,1921-01-01
0.682327568531036,-104.75,40.75,"SGS",1921,1,1921-01-01
0.736459612846375,-104.75,41.25,"CHY",1921,2,1921-02-01
-0.202201783657074,-99.25,38.75,"HAYS",1921,2,1921-02-01
-0.505171298980713,-96.75,39.25,"KNZ",1921,2,1921-02-01
-0.689454674720764,-106.75,34.25,"SEV_BLACK",1921,2,1921-02-01
-0.689454674720764,-106.75,34.25,"SEV_BLUE",1921,2,1921-02-01
0.271074295043945,-104.75,40.75,"SGS",1921,2,1921-02-01
0.154348090291023,-104.75,41.25,"CHY",1921,3,1921-03-01
-0.363166838884354,-99.25,38.75,"HAYS",1921,3,1921-03-01
-0.699193000793457,-96.75,39.25,"KNZ",1921,3,1921-03-01
-0.36932110786438,-106.75,34.25,"SEV_BLACK",1921,3,1921-03-01
-0.36932110786438,-106.75,34.25,"SEV_BLUE",1921,3,1921-03-01
-0.251867532730103,-104.75,40.75,"SGS",1921,3,1921-03-01
-0.0252983849495649,-104.75,41.25,"CHY",1921,4,1921-04-01
-0.59251457452774,-99.25,38.75,"HAYS",1921,4,1921-04-01
-0.474616229534149,-96.75,39.25,"KNZ",1921,4,1921-04-01
-0.6988245844841,-106.75,34.25,"SEV_BLACK",1921,4,1921-04-01
-0.6988245844841,-106.75,34.25,"SEV_BLUE",1921,4,1921-04-01
-0.115652151405811,-104.75,40.75,"SGS",1921,4,1921-04-01
0.00913425255566835,-104.75,41.25,"CHY",1921,5,1921-05-01
-1.1523334980011,-99.25,38.75,"HAYS",1921,5,1921-05-01
-1.18811559677124,-96.75,39.25,"KNZ",1921,5,1921-05-01
-0.517021119594574,-106.75,34.25,"SEV_BLACK",1921,5,1921-05-01
-0.517021119594574,-106.75,34.25,"SEV_BLUE",1921,5,1921-05-01
-0.20515364408493,-104.75,40.75,"SGS",1921,5,1921-05-01
0.259046643972397,-104.75,41.25,"CHY",1921,6,1921-06-01
-0.523158490657806,-99.25,38.75,"HAYS",1921,6,1921-06-01
-1.04312479496002,-96.75,39.25,"KNZ",1921,6,1921-06-01
0.274983644485474,-106.75,34.25,"SEV_BLACK",1921,6,1921-06-01
0.274983644485474,-106.75,34.25,"SEV_BLUE",1921,6,1921-06-01
0.205516248941422,-104.75,40.75,"SGS",1921,6,1921-06-01
-0.131185963749886,-104.75,41.25,"CHY",1921,7,1921-07-01
-0.383293807506561,-99.25,38.75,"HAYS",1921,7,1921-07-01
-0.623651623725891,-96.75,39.25,"KNZ",1921,7,1921-07-01
1.36511039733887,-106.75,34.25,"SEV_BLACK",1921,7,1921-07-01
1.36511039733887,-106.75,34.25,"SEV_BLUE",1921,7,1921-07-01
-0.0513977967202663,-104.75,40.75,"SGS",1921,7,1921-07-01
-0.110440112650394,-104.75,41.25,"CHY",1921,8,1921-08-01
-0.377294719219208,-99.25,38.75,"HAYS",1921,8,1921-08-01
-0.339174270629883,-96.75,39.25,"KNZ",1921,8,1921-08-01
1.63597190380096,-106.75,34.25,"SEV_BLACK",1921,8,1921-08-01
1.63597190380096,-106.75,34.25,"SEV_BLUE",1921,8,1921-08-01
0.162246227264404,-104.75,40.75,"SGS",1921,8,1921-08-01
-0.0595366954803467,-104.75,41.25,"CHY",1921,9,1921-09-01
-0.247518748044968,-99.25,38.75,"HAYS",1921,9,1921-09-01
-0.24291056394577,-96.75,39.25,"KNZ",1921,9,1921-09-01
1.24488985538483,-106.75,34.25,"SEV_BLACK",1921,9,1921-09-01
1.24488985538483,-106.75,34.25,"SEV_BLUE",1921,9,1921-09-01
0.206432446837425,-104.75,40.75,"SGS",1921,9,1921-09-01
-0.405150026082993,-104.75,41.25,"CHY",1921,10,1921-10-01
-0.732177197933197,-99.25,38.75,"HAYS",1921,10,1921-10-01
-0.59565669298172,-96.75,39.25,"KNZ",1921,10,1921-10-01
0.862811326980591,-106.75,34.25,"SEV_BLACK",1921,10,1921-10-01
0.862811326980591,-106.75,34.25,"SEV_BLUE",1921,10,1921-10-01
-0.297163665294647,-104.75,40.75,"SGS",1921,10,1921-10-01
-0.677169382572174,-104.75,41.25,"CHY",1921,11,1921-11-01
-0.648199081420898,-99.25,38.75,"HAYS",1921,11,1921-11-01
-0.493266254663467,-96.75,39.25,"KNZ",1921,11,1921-11-01
0.554367959499359,-106.75,34.25,"SEV_BLACK",1921,11,1921-11-01
0.554367959499359,-106.75,34.25,"SEV_BLUE",1921,11,1921-11-01
-0.407276421785355,-104.75,40.75,"SGS",1921,11,1921-11-01
-0.968314051628113,-104.75,41.25,"CHY",1921,12,1921-12-01
-1.0700591802597,-99.25,38.75,"HAYS",1921,12,1921-12-01
-0.561094105243683,-96.75,39.25,"KNZ",1921,12,1921-12-01
-0.0715878680348396,-106.75,34.25,"SEV_BLACK",1921,12,1921-12-01
-0.0715878680348396,-106.75,34.25,"SEV_BLUE",1921,12,1921-12-01
-0.835508644580841,-104.75,40.75,"SGS",1921,12,1921-12-01
-0.91447377204895,-104.75,41.25,"CHY",1922,1,1922-01-01
-1.65837454795837,-99.25,38.75,"HAYS",1922,1,1922-01-01
-1.12227380275726,-96.75,39.25,"KNZ",1922,1,1922-01-01
-1.1460896730423,-106.75,34.25,"SEV_BLACK",1922,1,1922-01-01
-1.1460896730423,-106.75,34.25,"SEV_BLUE",1922,1,1922-01-01
-0.765847861766815,-104.75,40.75,"SGS",1922,1,1922-01-01
-0.826154410839081,-104.75,41.25,"CHY",1922,2,1922-02-01
-1.42615938186646,-99.25,38.75,"HAYS",1922,2,1922-02-01
-1.14260518550873,-96.75,39.25,"KNZ",1922,2,1922-02-01
-1.51434767246246,-106.75,34.25,"SEV_BLACK",1922,2,1922-02-01
-1.51434767246246,-106.75,34.25,"SEV_BLUE",1922,2,1922-02-01
-0.997792661190033,-104.75,40.75,"SGS",1922,2,1922-02-01
-0.741099417209625,-104.75,41.25,"CHY",1922,3,1922-03-01
-0.454027116298676,-99.25,38.75,"HAYS",1922,3,1922-03-01
-0.567606568336487,-96.75,39.25,"KNZ",1922,3,1922-03-01
-1.087571144104,-106.75,34.25,"SEV_BLACK",1922,3,1922-03-01
-1.087571144104,-106.75,34.25,"SEV_BLUE",1922,3,1922-03-01
-0.907642722129822,-104.75,40.75,"SGS",1922,3,1922-03-01
0.868595063686371,-104.75,41.25,"CHY",1922,4,1922-04-01
1.00702977180481,-99.25,38.75,"HAYS",1922,4,1922-04-01
0.731325030326843,-96.75,39.25,"KNZ",1922,4,1922-04-01
-0.447048842906952,-106.75,34.25,"SEV_BLACK",1922,4,1922-04-01
-0.447048842906952,-106.75,34.25,"SEV_BLUE",1922,4,1922-04-01
0.665142595767975,-104.75,40.75,"SGS",1922,4,1922-04-01
0.819787323474884,-104.75,41.25,"CHY",1922,5,1922-05-01
1.12824952602386,-99.25,38.75,"HAYS",1922,5,1922-05-01
0.741661369800568,-96.75,39.25,"KNZ",1922,5,1922-05-01
-0.241027235984802,-106.75,34.25,"SEV_BLACK",1922,5,1922-05-01
-0.241027235984802,-106.75,34.25,"SEV_BLUE",1922,5,1922-05-01
0.514965415000916,-104.75,40.75,"SGS",1922,5,1922-05-01
-0.0964594855904579,-104.75,41.25,"CHY",1922,6,1922-06-01
0.679591536521912,-99.25,38.75,"HAYS",1922,6,1922-06-01
-0.0501873381435871,-96.75,39.25,"KNZ",1922,6,1922-06-01
-0.262279599905014,-106.75,34.25,"SEV_BLACK",1922,6,1922-06-01
-0.262279599905014,-106.75,34.25,"SEV_BLUE",1922,6,1922-06-01
-0.337088257074356,-104.75,40.75,"SGS",1922,6,1922-06-01
-0.314687937498093,-104.75,41.25,"CHY",1922,7,1922-07-01
0.611751854419708,-99.25,38.75,"HAYS",1922,7,1922-07-01
0.55680388212204,-96.75,39.25,"KNZ",1922,7,1922-07-01
-0.83692330121994,-106.75,34.25,"SEV_BLACK",1922,7,1922-07-01
-0.83692330121994,-106.75,34.25,"SEV_BLUE",1922,7,1922-07-01
-0.461746722459793,-104.75,40.75,"SGS",1922,7,1922-07-01
-0.487343072891235,-104.75,41.25,"CHY",1922,8,1922-08-01
0.074702151119709,-99.25,38.75,"HAYS",1922,8,1922-08-01
-0.179328143596649,-96.75,39.25,"KNZ",1922,8,1922-08-01
-1.37186658382416,-106.75,34.25,"SEV_BLACK",1922,8,1922-08-01
-1.37186658382416,-106.75,34.25,"SEV_BLUE",1922,8,1922-08-01
-0.629588842391968,-104.75,40.75,"SGS",1922,8,1922-08-01
-0.632230699062347,-104.75,41.25,"CHY",1922,9,1922-09-01
-0.502247154712677,-99.25,38.75,"HAYS",1922,9,1922-09-01
-0.567367613315582,-96.75,39.25,"KNZ",1922,9,1922-09-01
-1.64532232284546,-106.75,34.25,"SEV_BLACK",1922,9,1922-09-01
-1.64532232284546,-106.75,34.25,"SEV_BLUE",1922,9,1922-09-01
-0.765191435813904,-104.75,40.75,"SGS",1922,9,1922-09-01
-1.37464797496796,-104.75,41.25,"CHY",1922,10,1922-10-01
-1.1483451128006,-99.25,38.75,"HAYS",1922,10,1922-10-01
-0.92828357219696,-96.75,39.25,"KNZ",1922,10,1922-10-01
-1.9808896780014,-106.75,34.25,"SEV_BLACK",1922,10,1922-10-01
-1.9808896780014,-106.75,34.25,"SEV_BLUE",1922,10,1922-10-01
-1.53738737106323,-104.75,40.75,"SGS",1922,10,1922-10-01
-0.977159380912781,-104.75,41.25,"CHY",1922,11,1922-11-01
-1.24935328960419,-99.25,38.75,"HAYS",1922,11,1922-11-01
-0.669890701770782,-96.75,39.25,"KNZ",1922,11,1922-11-01
-1.72571301460266,-106.75,34.25,"SEV_BLACK",1922,11,1922-11-01
-1.72571301460266,-106.75,34.25,"SEV_BLUE",1922,11,1922-11-01
-0.973842859268188,-104.75,40.75,"SGS",1922,11,1922-11-01
-0.495767563581467,-104.75,41.25,"CHY",1922,12,1922-12-01
-1.39210474491119,-99.25,38.75,"HAYS",1922,12,1922-12-01
-0.168354049324989,-96.75,39.25,"KNZ",1922,12,1922-12-01
-1.78162133693695,-106.75,34.25,"SEV_BLACK",1922,12,1922-12-01
-1.78162133693695,-106.75,34.25,"SEV_BLUE",1922,12,1922-12-01
-0.470227032899857,-104.75,40.75,"SGS",1922,12,1922-12-01
-0.858375251293182,-104.75,41.25,"CHY",1923,1,1923-01-01
-2.02680635452271,-99.25,38.75,"HAYS",1923,1,1923-01-01
-1.26993656158447,-96.75,39.25,"KNZ",1923,1,1923-01-01
-1.6039651632309,-106.75,34.25,"SEV_BLACK",1923,1,1923-01-01
-1.6039651632309,-106.75,34.25,"SEV_BLUE",1923,1,1923-01-01
-0.772961020469666,-104.75,40.75,"SGS",1923,1,1923-01-01
-0.557815730571747,-104.75,41.25,"CHY",1923,2,1923-02-01
-1.81095230579376,-99.25,38.75,"HAYS",1923,2,1923-02-01
-0.631431758403778,-96.75,39.25,"KNZ",1923,2,1923-02-01
-0.804144978523254,-106.75,34.25,"SEV_BLACK",1923,2,1923-02-01
-0.804144978523254,-106.75,34.25,"SEV_BLUE",1923,2,1923-02-01
-0.405115306377411,-104.75,40.75,"SGS",1923,2,1923-02-01
0.509656548500061,-104.75,41.25,"CHY",1923,3,1923-03-01
-1.43159890174866,-99.25,38.75,"HAYS",1923,3,1923-03-01
-0.292253017425537,-96.75,39.25,"KNZ",1923,3,1923-03-01
0.0140793090686202,-106.75,34.25,"SEV_BLACK",1923,3,1923-03-01
0.0140793090686202,-106.75,34.25,"SEV_BLUE",1923,3,1923-03-01
0.707758784294128,-104.75,40.75,"SGS",1923,3,1923-03-01
1.18883240222931,-104.75,41.25,"CHY",1923,4,1923-04-01
-0.720883905887604,-99.25,38.75,"HAYS",1923,4,1923-04-01
0.197302132844925,-96.75,39.25,"KNZ",1923,4,1923-04-01
0.516191005706787,-106.75,34.25,"SEV_BLACK",1923,4,1923-04-01
0.516191005706787,-106.75,34.25,"SEV_BLUE",1923,4,1923-04-01
1.22237074375153,-104.75,40.75,"SGS",1923,4,1923-04-01
0.92238062620163,-104.75,41.25,"CHY",1923,5,1923-05-01
0.419230192899704,-99.25,38.75,"HAYS",1923,5,1923-05-01
-0.289876699447632,-96.75,39.25,"KNZ",1923,5,1923-05-01
-0.0105507122352719,-106.75,34.25,"SEV_BLACK",1923,5,1923-05-01
-0.0105507122352719,-106.75,34.25,"SEV_BLUE",1923,5,1923-05-01
0.707272589206696,-104.75,40.75,"SGS",1923,5,1923-05-01
1.43503272533417,-104.75,41.25,"CHY",1923,6,1923-06-01
1.14343762397766,-99.25,38.75,"HAYS",1923,6,1923-06-01
0.303580433130264,-96.75,39.25,"KNZ",1923,6,1923-06-01
-0.00373931974172592,-106.75,34.25,"SEV_BLACK",1923,6,1923-06-01
-0.00373931974172592,-106.75,34.25,"SEV_BLUE",1923,6,1923-06-01
1.31712532043457,-104.75,40.75,"SGS",1923,6,1923-06-01
1.87272715568542,-104.75,41.25,"CHY",1923,7,1923-07-01
0.933710277080536,-99.25,38.75,"HAYS",1923,7,1923-07-01
0.426682025194168,-96.75,39.25,"KNZ",1923,7,1923-07-01
-0.026709882542491,-106.75,34.25,"SEV_BLACK",1923,7,1923-07-01
-0.026709882542491,-106.75,34.25,"SEV_BLUE",1923,7,1923-07-01
1.6883944272995,-104.75,40.75,"SGS",1923,7,1923-07-01
1.88180458545685,-104.75,41.25,"CHY",1923,8,1923-08-01
1.14706027507782,-99.25,38.75,"HAYS",1923,8,1923-08-01
0.530938684940338,-96.75,39.25,"KNZ",1923,8,1923-08-01
0.63495534658432,-106.75,34.25,"SEV_BLACK",1923,8,1923-08-01
0.63495534658432,-106.75,34.25,"SEV_BLUE",1923,8,1923-08-01
1.84635758399963,-104.75,40.75,"SGS",1923,8,1923-08-01
1.80381274223328,-104.75,41.25,"CHY",1923,9,1923-09-01
1.38435626029968,-99.25,38.75,"HAYS",1923,9,1923-09-01
0.445989549160004,-96.75,39.25,"KNZ",1923,9,1923-09-01
0.266759604215622,-106.75,34.25,"SEV_BLACK",1923,9,1923-09-01
0.266759604215622,-106.75,34.25,"SEV_BLUE",1923,9,1923-09-01
1.78632974624634,-104.75,40.75,"SGS",1923,9,1923-09-01
2.1982147693634,-104.75,41.25,"CHY",1923,10,1923-10-01
1.79352200031281,-99.25,38.75,"HAYS",1923,10,1923-10-01
0.407265424728394,-96.75,39.25,"KNZ",1923,10,1923-10-01
0.206017911434174,-106.75,34.25,"SEV_BLACK",1923,10,1923-10-01
0.206017911434174,-106.75,34.25,"SEV_BLUE",1923,10,1923-10-01
2.3074688911438,-104.75,40.75,"SGS",1923,10,1923-10-01
2.00758004188538,-104.75,41.25,"CHY",1923,11,1923-11-01
1.32694458961487,-99.25,38.75,"HAYS",1923,11,1923-11-01
0.258643180131912,-96.75,39.25,"KNZ",1923,11,1923-11-01
0.850884020328522,-106.75,34.25,"SEV_BLACK",1923,11,1923-11-01
0.850884020328522,-106.75,34.25,"SEV_BLUE",1923,11,1923-11-01
2.14701271057129,-104.75,40.75,"SGS",1923,11,1923-11-01
1.80377173423767,-104.75,41.25,"CHY",1923,12,1923-12-01
0.916026294231415,-99.25,38.75,"HAYS",1923,12,1923-12-01
-0.099012978374958,-96.75,39.25,"KNZ",1923,12,1923-12-01
1.41155195236206,-106.75,34.25,"SEV_BLACK",1923,12,1923-12-01
1.41155195236206,-106.75,34.25,"SEV_BLUE",1923,12,1923-12-01
1.88323581218719,-104.75,40.75,"SGS",1923,12,1923-12-01
1.58091306686401,-104.75,41.25,"CHY",1924,1,1924-01-01
1.42567467689514,-99.25,38.75,"HAYS",1924,1,1924-01-01
-0.211320817470551,-96.75,39.25,"KNZ",1924,1,1924-01-01
1.54502642154694,-106.75,34.25,"SEV_BLACK",1924,1,1924-01-01
1.54502642154694,-106.75,34.25,"SEV_BLUE",1924,1,1924-01-01
1.69547164440155,-104.75,40.75,"SGS",1924,1,1924-01-01
1.48597884178162,-104.75,41.25,"CHY",1924,2,1924-02-01
1.18229305744171,-99.25,38.75,"HAYS",1924,2,1924-02-01
-0.474778801202774,-96.75,39.25,"KNZ",1924,2,1924-02-01
0.683111727237701,-106.75,34.25,"SEV_BLACK",1924,2,1924-02-01
0.683111727237701,-106.75,34.25,"SEV_BLUE",1924,2,1924-02-01
1.33684360980988,-104.75,40.75,"SGS",1924,2,1924-02-01
1.89106559753418,-104.75,41.25,"CHY",1924,3,1924-03-01
1.37915587425232,-99.25,38.75,"HAYS",1924,3,1924-03-01
-0.105949304997921,-96.75,39.25,"KNZ",1924,3,1924-03-01
1.00435841083527,-106.75,34.25,"SEV_BLACK",1924,3,1924-03-01
1.00435841083527,-106.75,34.25,"SEV_BLUE",1924,3,1924-03-01
1.63966751098633,-104.75,40.75,"SGS",1924,3,1924-03-01
0.569350838661194,-104.75,41.25,"CHY",1924,4,1924-04-01
0.26377460360527,-99.25,38.75,"HAYS",1924,4,1924-04-01
-0.928815126419067,-96.75,39.25,"KNZ",1924,4,1924-04-01
1.167396068573,-106.75,34.25,"SEV_BLACK",1924,4,1924-04-01
1.167396068573,-106.75,34.25,"SEV_BLUE",1924,4,1924-04-01
0.276502937078476,-104.75,40.75,"SGS",1924,4,1924-04-01
0.69752836227417,-104.75,41.25,"CHY",1924,5,1924-05-01
0.166569709777832,-99.25,38.75,"HAYS",1924,5,1924-05-01
-1.13961780071259,-96.75,39.25,"KNZ",1924,5,1924-05-01
0.429704010486603,-106.75,34.25,"SEV_BLACK",1924,5,1924-05-01
0.429704010486603,-106.75,34.25,"SEV_BLUE",1924,5,1924-05-01
0.741258144378662,-104.75,40.75,"SGS",1924,5,1924-05-01
-0.0596717782318592,-104.75,41.25,"CHY",1924,6,1924-06-01
-0.563344955444336,-99.25,38.75,"HAYS",1924,6,1924-06-01
-0.997394382953644,-96.75,39.25,"KNZ",1924,6,1924-06-01
-0.72729903459549,-106.75,34.25,"SEV_BLACK",1924,6,1924-06-01
-0.72729903459549,-106.75,34.25,"SEV_BLUE",1924,6,1924-06-01
0.0735594406723976,-104.75,40.75,"SGS",1924,6,1924-06-01
-0.402874767780304,-104.75,41.25,"CHY",1924,7,1924-07-01
-0.455533355474472,-99.25,38.75,"HAYS",1924,7,1924-07-01
-0.814279854297638,-96.75,39.25,"KNZ",1924,7,1924-07-01
-0.0671534538269043,-106.75,34.25,"SEV_BLACK",1924,7,1924-07-01
-0.0671534538269043,-106.75,34.25,"SEV_BLUE",1924,7,1924-07-01
-0.338627338409424,-104.75,40.75,"SGS",1924,7,1924-07-01
-0.745787560939789,-104.75,41.25,"CHY",1924,8,1924-08-01
-0.418003618717194,-99.25,38.75,"HAYS",1924,8,1924-08-01
-0.552434682846069,-96.75,39.25,"KNZ",1924,8,1924-08-01
-0.83053731918335,-106.75,34.25,"SEV_BLACK",1924,8,1924-08-01
-0.83053731918335,-106.75,34.25,"SEV_BLUE",1924,8,1924-08-01
-0.713301956653595,-104.75,40.75,"SGS",1924,8,1924-08-01
-0.83009272813797,-104.75,41.25,"CHY",1924,9,1924-09-01
-0.951592683792114,-99.25,38.75,"HAYS",1924,9,1924-09-01
-0.779693305492401,-96.75,39.25,"KNZ",1924,9,1924-09-01
-1.53798091411591,-106.75,34.25,"SEV_BLACK",1924,9,1924-09-01
-1.53798091411591,-106.75,34.25,"SEV_BLUE",1924,9,1924-09-01
-0.805059134960175,-104.75,40.75,"SGS",1924,9,1924-09-01
-0.480280935764313,-104.75,41.25,"CHY",1924,10,1924-10-01
-1.00849795341492,-99.25,38.75,"HAYS",1924,10,1924-10-01
-0.869301855564117,-96.75,39.25,"KNZ",1924,10,1924-10-01
-2.07084202766418,-106.75,34.25,"SEV_BLACK",1924,10,1924-10-01
-2.07084202766418,-106.75,34.25,"SEV_BLUE",1924,10,1924-10-01
-0.551447451114655,-104.75,40.75,"SGS",1924,10,1924-10-01
-0.762496054172516,-104.75,41.25,"CHY",1924,11,1924-11-01
-1.11961722373962,-99.25,38.75,"HAYS",1924,11,1924-11-01
-0.80079060792923,-96.75,39.25,"KNZ",1924,11,1924-11-01
-2.18251919746399,-106.75,34.25,"SEV_BLACK",1924,11,1924-11-01
-2.18251919746399,-106.75,34.25,"SEV_BLUE",1924,11,1924-11-01
-1.05966377258301,-104.75,40.75,"SGS",1924,11,1924-11-01
-0.0325160771608353,-104.75,41.25,"CHY",1924,12,1924-12-01
-0.452015280723572,-99.25,38.75,"HAYS",1924,12,1924-12-01
-0.537518978118896,-96.75,39.25,"KNZ",1924,12,1924-12-01
-1.63631522655487,-106.75,34.25,"SEV_BLACK",1924,12,1924-12-01
-1.63631522655487,-106.75,34.25,"SEV_BLUE",1924,12,1924-12-01
-0.482350081205368,-104.75,40.75,"SGS",1924,12,1924-12-01
0.1586524695158,-104.75,41.25,"CHY",1925,1,1925-01-01
-0.598699629306793,-99.25,38.75,"HAYS",1925,1,1925-01-01
-0.72630101442337,-96.75,39.25,"KNZ",1925,1,1925-01-01
-2.11083340644836,-106.75,34.25,"SEV_BLACK",1925,1,1925-01-01
-2.11083340644836,-106.75,34.25,"SEV_BLUE",1925,1,1925-01-01
-0.169877246022224,-104.75,40.75,"SGS",1925,1,1925-01-01
0.389968991279602,-104.75,41.25,"CHY",1925,2,1925-02-01
-0.882192552089691,-99.25,38.75,"HAYS",1925,2,1925-02-01
-1.23550629615784,-96.75,39.25,"KNZ",1925,2,1925-02-01
-1.75178050994873,-106.75,34.25,"SEV_BLACK",1925,2,1925-02-01
-1.75178050994873,-106.75,34.25,"SEV_BLUE",1925,2,1925-02-01
0.203920871019363,-104.75,40.75,"SGS",1925,2,1925-02-01
-0.620892584323883,-104.75,41.25,"CHY",1925,3,1925-03-01
-1.10606682300568,-99.25,38.75,"HAYS",1925,3,1925-03-01
-1.34021151065826,-96.75,39.25,"KNZ",1925,3,1925-03-01
-1.60327768325806,-106.75,34.25,"SEV_BLACK",1925,3,1925-03-01
-1.60327768325806,-106.75,34.25,"SEV_BLUE",1925,3,1925-03-01
-0.927386581897736,-104.75,40.75,"SGS",1925,3,1925-03-01
-1.30997669696808,-104.75,41.25,"CHY",1925,4,1925-04-01
-0.666388392448425,-99.25,38.75,"HAYS",1925,4,1925-04-01
-0.556011438369751,-96.75,39.25,"KNZ",1925,4,1925-04-01
-1.59086561203003,-106.75,34.25,"SEV_BLACK",1925,4,1925-04-01
-1.59086561203003,-106.75,34.25,"SEV_BLUE",1925,4,1925-04-01
-1.71024930477142,-104.75,40.75,"SGS",1925,4,1925-04-01
-1.24708390235901,-104.75,41.25,"CHY",1925,5,1925-05-01
-0.750990092754364,-99.25,38.75,"HAYS",1925,5,1925-05-01
-0.88803505897522,-96.75,39.25,"KNZ",1925,5,1925-05-01
-1.48529720306396,-106.75,34.25,"SEV_BLACK",1925,5,1925-05-01
-1.48529720306396,-106.75,34.25,"SEV_BLUE",1925,5,1925-05-01
-1.71526288986206,-104.75,40.75,"SGS",1925,5,1925-05-01
-1.0396112203598,-104.75,41.25,"CHY",1925,6,1925-06-01
-1.23873901367188,-99.25,38.75,"HAYS",1925,6,1925-06-01
-0.641112625598907,-96.75,39.25,"KNZ",1925,6,1925-06-01
-1.6103857755661,-106.75,34.25,"SEV_BLACK",1925,6,1925-06-01
-1.6103857755661,-106.75,34.25,"SEV_BLUE",1925,6,1925-06-01
-1.48568594455719,-104.75,40.75,"SGS",1925,6,1925-06-01
-0.506634175777435,-104.75,41.25,"CHY",1925,7,1925-07-01
-0.854654848575592,-99.25,38.75,"HAYS",1925,7,1925-07-01
-0.569178760051727,-96.75,39.25,"KNZ",1925,7,1925-07-01
-1.52620196342468,-106.75,34.25,"SEV_BLACK",1925,7,1925-07-01
-1.52620196342468,-106.75,34.25,"SEV_BLUE",1925,7,1925-07-01
-1.11376166343689,-104.75,40.75,"SGS",1925,7,1925-07-01
-0.157754302024841,-104.75,41.25,"CHY",1925,8,1925-08-01
-0.364151269197464,-99.25,38.75,"HAYS",1925,8,1925-08-01
-0.416747480630875,-96.75,39.25,"KNZ",1925,8,1925-08-01
-1.11611580848694,-106.75,34.25,"SEV_BLACK",1925,8,1925-08-01
-1.11611580848694,-106.75,34.25,"SEV_BLUE",1925,8,1925-08-01
-0.718174993991852,-104.75,40.75,"SGS",1925,8,1925-08-01
0.0180007927119732,-104.75,41.25,"CHY",1925,9,1925-09-01
-0.145925760269165,-99.25,38.75,"HAYS",1925,9,1925-09-01
-0.145650401711464,-96.75,39.25,"KNZ",1925,9,1925-09-01
-0.822778522968292,-106.75,34.25,"SEV_BLACK",1925,9,1925-09-01
-0.822778522968292,-106.75,34.25,"SEV_BLUE",1925,9,1925-09-01
-0.444192379713058,-104.75,40.75,"SGS",1925,9,1925-09-01
0.837685346603394,-104.75,41.25,"CHY",1925,10,1925-10-01
-0.00343186920508742,-99.25,38.75,"HAYS",1925,10,1925-10-01
0.0272772088646889,-96.75,39.25,"KNZ",1925,10,1925-10-01
-0.268545776605606,-106.75,34.25,"SEV_BLACK",1925,10,1925-10-01
-0.268545776605606,-106.75,34.25,"SEV_BLUE",1925,10,1925-10-01
0.648243367671967,-104.75,40.75,"SGS",1925,10,1925-10-01
1.26865410804749,-104.75,41.25,"CHY",1925,11,1925-11-01
0.314329206943512,-99.25,38.75,"HAYS",1925,11,1925-11-01
0.356792539358139,-96.75,39.25,"KNZ",1925,11,1925-11-01
-0.158429563045502,-106.75,34.25,"SEV_BLACK",1925,11,1925-11-01
-0.158429563045502,-106.75,34.25,"SEV_BLUE",1925,11,1925-11-01
1.26659572124481,-104.75,40.75,"SGS",1925,11,1925-11-01
1.55994212627411,-104.75,41.25,"CHY",1925,12,1925-12-01
0.461610823869705,-99.25,38.75,"HAYS",1925,12,1925-12-01
0.02687625028193,-96.75,39.25,"KNZ",1925,12,1925-12-01
-0.0199614875018597,-106.75,34.25,"SEV_BLACK",1925,12,1925-12-01
-0.0199614875018597,-106.75,34.25,"SEV_BLUE",1925,12,1925-12-01
1.61194753646851,-104.75,40.75,"SGS",1925,12,1925-12-01
1.72476506233215,-104.75,41.25,"CHY",1926,1,1926-01-01
0.220813885331154,-99.25,38.75,"HAYS",1926,1,1926-01-01
0.0534534566104412,-96.75,39.25,"KNZ",1926,1,1926-01-01
0.291607320308685,-106.75,34.25,"SEV_BLACK",1926,1,1926-01-01
0.291607320308685,-106.75,34.25,"SEV_BLUE",1926,1,1926-01-01
1.86209654808044,-104.75,40.75,"SGS",1926,1,1926-01-01
1.68771290779114,-104.75,41.25,"CHY",1926,2,1926-02-01
-0.412312686443329,-99.25,38.75,"HAYS",1926,2,1926-02-01
-0.0453716777265072,-96.75,39.25,"KNZ",1926,2,1926-02-01
-0.0859285593032837,-106.75,34.25,"SEV_BLACK",1926,2,1926-02-01
-0.0859285593032837,-106.75,34.25,"SEV_BLUE",1926,2,1926-02-01
1.72394847869873,-104.75,40.75,"SGS",1926,2,1926-02-01
1.79455697536469,-104.75,41.25,"CHY",1926,3,1926-03-01
-0.147396877408028,-99.25,38.75,"HAYS",1926,3,1926-03-01
-0.303493469953537,-96.75,39.25,"KNZ",1926,3,1926-03-01
0.755959391593933,-106.75,34.25,"SEV_BLACK",1926,3,1926-03-01
0.755959391593933,-106.75,34.25,"SEV_BLUE",1926,3,1926-03-01
1.84817445278168,-104.75,40.75,"SGS",1926,3,1926-03-01
0.53945255279541,-104.75,41.25,"CHY",1926,4,1926-04-01
-0.628724038600922,-99.25,38.75,"HAYS",1926,4,1926-04-01
-1.12522315979004,-96.75,39.25,"KNZ",1926,4,1926-04-01
1.17874419689178,-106.75,34.25,"SEV_BLACK",1926,4,1926-04-01
1.17874419689178,-106.75,34.25,"SEV_BLUE",1926,4,1926-04-01
0.763042211532593,-104.75,40.75,"SGS",1926,4,1926-04-01
0.11793377250433,-104.75,41.25,"CHY",1926,5,1926-05-01
-1.06401443481445,-99.25,38.75,"HAYS",1926,5,1926-05-01
-1.68129456043243,-96.75,39.25,"KNZ",1926,5,1926-05-01
1.77395379543304,-106.75,34.25,"SEV_BLACK",1926,5,1926-05-01
1.77395379543304,-106.75,34.25,"SEV_BLUE",1926,5,1926-05-01
0.280272364616394,-104.75,40.75,"SGS",1926,5,1926-05-01
0.198566645383835,-104.75,41.25,"CHY",1926,6,1926-06-01
-1.12725567817688,-99.25,38.75,"HAYS",1926,6,1926-06-01
-1.54455673694611,-96.75,39.25,"KNZ",1926,6,1926-06-01
1.69179570674896,-106.75,34.25,"SEV_BLACK",1926,6,1926-06-01
1.69179570674896,-106.75,34.25,"SEV_BLUE",1926,6,1926-06-01
0.0916804000735283,-104.75,40.75,"SGS",1926,6,1926-06-01
0.314892590045929,-104.75,41.25,"CHY",1926,7,1926-07-01
-1.21960318088531,-99.25,38.75,"HAYS",1926,7,1926-07-01
-1.49221122264862,-96.75,39.25,"KNZ",1926,7,1926-07-01
1.43566179275513,-106.75,34.25,"SEV_BLACK",1926,7,1926-07-01
1.43566179275513,-106.75,34.25,"SEV_BLUE",1926,7,1926-07-01
0.145130798220634,-104.75,40.75,"SGS",1926,7,1926-07-01
0.167579621076584,-104.75,41.25,"CHY",1926,8,1926-08-01
-1.42784750461578,-99.25,38.75,"HAYS",1926,8,1926-08-01
-1.53876519203186,-96.75,39.25,"KNZ",1926,8,1926-08-01
1.14477491378784,-106.75,34.25,"SEV_BLACK",1926,8,1926-08-01
1.14477491378784,-106.75,34.25,"SEV_BLUE",1926,8,1926-08-01
0.034468624740839,-104.75,40.75,"SGS",1926,8,1926-08-01
0.187185689806938,-104.75,41.25,"CHY",1926,9,1926-09-01
-1.19033420085907,-99.25,38.75,"HAYS",1926,9,1926-09-01
-0.815527021884918,-96.75,39.25,"KNZ",1926,9,1926-09-01
0.590806543827057,-106.75,34.25,"SEV_BLACK",1926,9,1926-09-01
0.590806543827057,-106.75,34.25,"SEV_BLUE",1926,9,1926-09-01
-0.0582240000367165,-104.75,40.75,"SGS",1926,9,1926-09-01
0.533080577850342,-104.75,41.25,"CHY",1926,10,1926-10-01
-1.23101198673248,-99.25,38.75,"HAYS",1926,10,1926-10-01
-0.433478236198425,-96.75,39.25,"KNZ",1926,10,1926-10-01
0.232147797942162,-106.75,34.25,"SEV_BLACK",1926,10,1926-10-01
0.232147797942162,-106.75,34.25,"SEV_BLUE",1926,10,1926-10-01
0.0387456566095352,-104.75,40.75,"SGS",1926,10,1926-10-01
0.747651934623718,-104.75,41.25,"CHY",1926,11,1926-11-01
-0.91716068983078,-99.25,38.75,"HAYS",1926,11,1926-11-01
0.134666204452515,-96.75,39.25,"KNZ",1926,11,1926-11-01
-0.612196743488312,-106.75,34.25,"SEV_BLACK",1926,11,1926-11-01
-0.612196743488312,-106.75,34.25,"SEV_BLUE",1926,11,1926-11-01
0.154861062765121,-104.75,40.75,"SGS",1926,11,1926-11-01
0.547773540019989,-104.75,41.25,"CHY",1926,12,1926-12-01
-0.63474315404892,-99.25,38.75,"HAYS",1926,12,1926-12-01
0.625882983207703,-96.75,39.25,"KNZ",1926,12,1926-12-01
-0.0731543675065041,-106.75,34.25,"SEV_BLACK",1926,12,1926-12-01
-0.0731543675065041,-106.75,34.25,"SEV_BLUE",1926,12,1926-12-01
0.0960854589939117,-104.75,40.75,"SGS",1926,12,1926-12-01
-0.0352940037846565,-104.75,41.25,"CHY",1927,1,1927-01-01
-0.455077648162842,-99.25,38.75,"HAYS",1927,1,1927-01-01
1.11725497245789,-96.75,39.25,"KNZ",1927,1,1927-01-01
-0.391654968261719,-106.75,34.25,"SEV_BLACK",1927,1,1927-01-01
-0.391654968261719,-106.75,34.25,"SEV_BLUE",1927,1,1927-01-01
-0.553694307804108,-104.75,40.75,"SGS",1927,1,1927-01-01
0.445986688137054,-104.75,41.25,"CHY",1927,2,1927-02-01
0.496718645095825,-99.25,38.75,"HAYS",1927,2,1927-02-01
1.59916234016418,-96.75,39.25,"KNZ",1927,2,1927-02-01
0.134291261434555,-106.75,34.25,"SEV_BLACK",1927,2,1927-02-01
0.134291261434555,-106.75,34.25,"SEV_BLUE",1927,2,1927-02-01
-0.278042823076248,-104.75,40.75,"SGS",1927,2,1927-02-01
1.19379115104675,-104.75,41.25,"CHY",1927,3,1927-03-01
0.409416496753693,-99.25,38.75,"HAYS",1927,3,1927-03-01
1.16355848312378,-96.75,39.25,"KNZ",1927,3,1927-03-01
-0.0413552336394787,-106.75,34.25,"SEV_BLACK",1927,3,1927-03-01
-0.0413552336394787,-106.75,34.25,"SEV_BLUE",1927,3,1927-03-01
0.406976670026779,-104.75,40.75,"SGS",1927,3,1927-03-01
1.33902454376221,-104.75,41.25,"CHY",1927,4,1927-04-01
1.15011703968048,-99.25,38.75,"HAYS",1927,4,1927-04-01
1.46039485931396,-96.75,39.25,"KNZ",1927,4,1927-04-01
-0.292900294065475,-106.75,34.25,"SEV_BLACK",1927,4,1927-04-01
-0.292900294065475,-106.75,34.25,"SEV_BLUE",1927,4,1927-04-01
0.807174265384674,-104.75,40.75,"SGS",1927,4,1927-04-01
0.822628319263458,-104.75,41.25,"CHY",1927,5,1927-05-01
0.25883674621582,-99.25,38.75,"HAYS",1927,5,1927-05-01
0.813505828380585,-96.75,39.25,"KNZ",1927,5,1927-05-01
-0.478602290153503,-106.75,34.25,"SEV_BLACK",1927,5,1927-05-01
-0.478602290153503,-106.75,34.25,"SEV_BLUE",1927,5,1927-05-01
0.275850027799606,-104.75,40.75,"SGS",1927,5,1927-05-01
1.03486323356628,-104.75,41.25,"CHY",1927,6,1927-06-01
0.973452568054199,-99.25,38.75,"HAYS",1927,6,1927-06-01
1.13770043849945,-96.75,39.25,"KNZ",1927,6,1927-06-01
-0.844035804271698,-106.75,34.25,"SEV_BLACK",1927,6,1927-06-01
-0.844035804271698,-106.75,34.25,"SEV_BLUE",1927,6,1927-06-01
0.593367099761963,-104.75,40.75,"SGS",1927,6,1927-06-01
1.14225220680237,-104.75,41.25,"CHY",1927,7,1927-07-01
0.636595845222473,-99.25,38.75,"HAYS",1927,7,1927-07-01
1.14885246753693,-96.75,39.25,"KNZ",1927,7,1927-07-01
-0.643531382083893,-106.75,34.25,"SEV_BLACK",1927,7,1927-07-01
-0.643531382083893,-106.75,34.25,"SEV_BLUE",1927,7,1927-07-01
0.947934865951538,-104.75,40.75,"SGS",1927,7,1927-07-01
1.55460286140442,-104.75,41.25,"CHY",1927,8,1927-08-01
1.16238141059875,-99.25,38.75,"HAYS",1927,8,1927-08-01
1.72333550453186,-96.75,39.25,"KNZ",1927,8,1927-08-01
-0.14471010863781,-106.75,34.25,"SEV_BLACK",1927,8,1927-08-01
-0.14471010863781,-106.75,34.25,"SEV_BLUE",1927,8,1927-08-01
1.36511862277985,-104.75,40.75,"SGS",1927,8,1927-08-01
1.1910297870636,-104.75,41.25,"CHY",1927,9,1927-09-01
1.08725845813751,-99.25,38.75,"HAYS",1927,9,1927-09-01
1.45239388942719,-96.75,39.25,"KNZ",1927,9,1927-09-01
0.378009706735611,-106.75,34.25,"SEV_BLACK",1927,9,1927-09-01
0.378009706735611,-106.75,34.25,"SEV_BLUE",1927,9,1927-09-01
1.10217905044556,-104.75,40.75,"SGS",1927,9,1927-09-01
0.980109989643097,-104.75,41.25,"CHY",1927,10,1927-10-01
0.443529158830643,-99.25,38.75,"HAYS",1927,10,1927-10-01
0.960149347782135,-96.75,39.25,"KNZ",1927,10,1927-10-01
0.0510410480201244,-106.75,34.25,"SEV_BLACK",1927,10,1927-10-01
0.0510410480201244,-106.75,34.25,"SEV_BLUE",1927,10,1927-10-01
0.866778314113617,-104.75,40.75,"SGS",1927,10,1927-10-01
1.23667335510254,-104.75,41.25,"CHY",1927,11,1927-11-01
0.824594557285309,-99.25,38.75,"HAYS",1927,11,1927-11-01
1.29020321369171,-96.75,39.25,"KNZ",1927,11,1927-11-01
0.0827126130461693,-106.75,34.25,"SEV_BLACK",1927,11,1927-11-01
0.0827126130461693,-106.75,34.25,"SEV_BLUE",1927,11,1927-11-01
1.27850949764252,-104.75,40.75,"SGS",1927,11,1927-11-01
1.07270205020905,-104.75,41.25,"CHY",1927,12,1927-12-01
0.103766418993473,-99.25,38.75,"HAYS",1927,12,1927-12-01
1.01708102226257,-96.75,39.25,"KNZ",1927,12,1927-12-01
-0.0919609218835831,-106.75,34.25,"SEV_BLACK",1927,12,1927-12-01
-0.0919609218835831,-106.75,34.25,"SEV_BLUE",1927,12,1927-12-01
1.00474655628204,-104.75,40.75,"SGS",1927,12,1927-12-01
0.789974093437195,-104.75,41.25,"CHY",1928,1,1928-01-01
0.284005552530289,-99.25,38.75,"HAYS",1928,1,1928-01-01
0.799289405345917,-96.75,39.25,"KNZ",1928,1,1928-01-01
-0.35831156373024,-106.75,34.25,"SEV_BLACK",1928,1,1928-01-01
-0.35831156373024,-106.75,34.25,"SEV_BLUE",1928,1,1928-01-01
0.533711373806,-104.75,40.75,"SGS",1928,1,1928-01-01
-0.25337889790535,-104.75,41.25,"CHY",1928,2,1928-02-01
-0.627302706241608,-99.25,38.75,"HAYS",1928,2,1928-02-01
-0.291867345571518,-96.75,39.25,"KNZ",1928,2,1928-02-01
-0.474308162927628,-106.75,34.25,"SEV_BLACK",1928,2,1928-02-01
-0.474308162927628,-106.75,34.25,"SEV_BLUE",1928,2,1928-02-01
-0.347571790218353,-104.75,40.75,"SGS",1928,2,1928-02-01
-0.368989109992981,-104.75,41.25,"CHY",1928,3,1928-03-01
-0.63115119934082,-99.25,38.75,"HAYS",1928,3,1928-03-01
-1.04729151725769,-96.75,39.25,"KNZ",1928,3,1928-03-01
-1.2331610918045,-106.75,34.25,"SEV_BLACK",1928,3,1928-03-01
-1.2331610918045,-106.75,34.25,"SEV_BLUE",1928,3,1928-03-01
-0.439513772726059,-104.75,40.75,"SGS",1928,3,1928-03-01
-0.714142441749573,-104.75,41.25,"CHY",1928,4,1928-04-01
-0.257330358028412,-99.25,38.75,"HAYS",1928,4,1928-04-01
-0.931394457817078,-96.75,39.25,"KNZ",1928,4,1928-04-01
-0.716994881629944,-106.75,34.25,"SEV_BLACK",1928,4,1928-04-01
-0.716994881629944,-106.75,34.25,"SEV_BLUE",1928,4,1928-04-01
-0.562644004821777,-104.75,40.75,"SGS",1928,4,1928-04-01
-0.529116690158844,-104.75,41.25,"CHY",1928,5,1928-05-01
-0.0994722321629524,-99.25,38.75,"HAYS",1928,5,1928-05-01
-1.59308445453644,-96.75,39.25,"KNZ",1928,5,1928-05-01
0.445376247167587,-106.75,34.25,"SEV_BLACK",1928,5,1928-05-01
0.445376247167587,-106.75,34.25,"SEV_BLUE",1928,5,1928-05-01
-0.188472807407379,-104.75,40.75,"SGS",1928,5,1928-05-01
0.289225906133652,-104.75,41.25,"CHY",1928,6,1928-06-01
1.04193270206451,-99.25,38.75,"HAYS",1928,6,1928-06-01
-0.623455166816711,-96.75,39.25,"KNZ",1928,6,1928-06-01
0.0237561427056789,-106.75,34.25,"SEV_BLACK",1928,6,1928-06-01
0.0237561427056789,-106.75,34.25,"SEV_BLUE",1928,6,1928-06-01
0.554460048675537,-104.75,40.75,"SGS",1928,6,1928-06-01
0.659372329711914,-104.75,41.25,"CHY",1928,7,1928-07-01
1.58476066589355,-99.25,38.75,"HAYS",1928,7,1928-07-01
0.226317882537842,-96.75,39.25,"KNZ",1928,7,1928-07-01
-0.109433211386204,-106.75,34.25,"SEV_BLACK",1928,7,1928-07-01
-0.109433211386204,-106.75,34.25,"SEV_BLUE",1928,7,1928-07-01
0.833611309528351,-104.75,40.75,"SGS",1928,7,1928-07-01
0.283080846071243,-104.75,41.25,"CHY",1928,8,1928-08-01
1.37244367599487,-99.25,38.75,"HAYS",1928,8,1928-08-01
0.191715016961098,-96.75,39.25,"KNZ",1928,8,1928-08-01
0.214897036552429,-106.75,34.25,"SEV_BLACK",1928,8,1928-08-01
0.214897036552429,-106.75,34.25,"SEV_BLUE",1928,8,1928-08-01
0.464656293392181,-104.75,40.75,"SGS",1928,8,1928-08-01
-0.0468055680394173,-104.75,41.25,"CHY",1928,9,1928-09-01
1.06470417976379,-99.25,38.75,"HAYS",1928,9,1928-09-01
0.229860097169876,-96.75,39.25,"KNZ",1928,9,1928-09-01
-0.0250091310590506,-106.75,34.25,"SEV_BLACK",1928,9,1928-09-01
-0.0250091310590506,-106.75,34.25,"SEV_BLUE",1928,9,1928-09-01
0.040339969098568,-104.75,40.75,"SGS",1928,9,1928-09-01
0.477510929107666,-104.75,41.25,"CHY",1928,10,1928-10-01
1.38406002521515,-99.25,38.75,"HAYS",1928,10,1928-10-01
0.334182322025299,-96.75,39.25,"KNZ",1928,10,1928-10-01
0.164374649524689,-106.75,34.25,"SEV_BLACK",1928,10,1928-10-01
0.164374649524689,-106.75,34.25,"SEV_BLUE",1928,10,1928-10-01
0.540446281433105,-104.75,40.75,"SGS",1928,10,1928-10-01
0.808995187282562,-104.75,41.25,"CHY",1928,11,1928-11-01
1.65635859966278,-99.25,38.75,"HAYS",1928,11,1928-11-01
1.30563056468964,-96.75,39.25,"KNZ",1928,11,1928-11-01
-0.20190255343914,-106.75,34.25,"SEV_BLACK",1928,11,1928-11-01
-0.20190255343914,-106.75,34.25,"SEV_BLUE",1928,11,1928-11-01
0.72998046875,-104.75,40.75,"SGS",1928,11,1928-11-01
0.0989048555493355,-104.75,41.25,"CHY",1928,12,1928-12-01
0.937294960021973,-99.25,38.75,"HAYS",1928,12,1928-12-01
0.920961081981659,-96.75,39.25,"KNZ",1928,12,1928-12-01
0.00189502700231969,-106.75,34.25,"SEV_BLACK",1928,12,1928-12-01
0.00189502700231969,-106.75,34.25,"SEV_BLUE",1928,12,1928-12-01
-0.0189711321145296,-104.75,40.75,"SGS",1928,12,1928-12-01
-0.186044991016388,-104.75,41.25,"CHY",1929,1,1929-01-01
0.385110527276993,-99.25,38.75,"HAYS",1929,1,1929-01-01
0.711904346942902,-96.75,39.25,"KNZ",1929,1,1929-01-01
0.226042956113815,-106.75,34.25,"SEV_BLACK",1929,1,1929-01-01
0.226042956113815,-106.75,34.25,"SEV_BLUE",1929,1,1929-01-01
-0.208324700593948,-104.75,40.75,"SGS",1929,1,1929-01-01
0.614754259586334,-104.75,41.25,"CHY",1929,2,1929-02-01
0.490478754043579,-99.25,38.75,"HAYS",1929,2,1929-02-01
0.709284424781799,-96.75,39.25,"KNZ",1929,2,1929-02-01
-0.167756736278534,-106.75,34.25,"SEV_BLACK",1929,2,1929-02-01
-0.167756736278534,-106.75,34.25,"SEV_BLUE",1929,2,1929-02-01
0.730032563209534,-104.75,40.75,"SGS",1929,2,1929-02-01
1.57666802406311,-104.75,41.25,"CHY",1929,3,1929-03-01
0.595411121845245,-99.25,38.75,"HAYS",1929,3,1929-03-01
0.992867588996887,-96.75,39.25,"KNZ",1929,3,1929-03-01
0.495764940977097,-106.75,34.25,"SEV_BLACK",1929,3,1929-03-01
0.495764940977097,-106.75,34.25,"SEV_BLUE",1929,3,1929-03-01
1.65391457080841,-104.75,40.75,"SGS",1929,3,1929-03-01
1.9520298242569,-104.75,41.25,"CHY",1929,4,1929-04-01
0.0780024901032448,-99.25,38.75,"HAYS",1929,4,1929-04-01
1.25564563274384,-96.75,39.25,"KNZ",1929,4,1929-04-01
0.024034321308136,-106.75,34.25,"SEV_BLACK",1929,4,1929-04-01
0.024034321308136,-106.75,34.25,"SEV_BLUE",1929,4,1929-04-01
1.90152823925018,-104.75,40.75,"SGS",1929,4,1929-04-01
1.37241280078888,-104.75,41.25,"CHY",1929,5,1929-05-01
0.0597883835434914,-99.25,38.75,"HAYS",1929,5,1929-05-01
0.767264306545258,-96.75,39.25,"KNZ",1929,5,1929-05-01
0.324154585599899,-106.75,34.25,"SEV_BLACK",1929,5,1929-05-01
0.324154585599899,-106.75,34.25,"SEV_BLUE",1929,5,1929-05-01
1.2845321893692,-104.75,40.75,"SGS",1929,5,1929-05-01
0.917906045913696,-104.75,41.25,"CHY",1929,6,1929-06-01
-0.0726408660411835,-99.25,38.75,"HAYS",1929,6,1929-06-01
0.987158179283142,-96.75,39.25,"KNZ",1929,6,1929-06-01
0.0457093082368374,-106.75,34.25,"SEV_BLACK",1929,6,1929-06-01
0.0457093082368374,-106.75,34.25,"SEV_BLUE",1929,6,1929-06-01
0.78964638710022,-104.75,40.75,"SGS",1929,6,1929-06-01
0.620108485221863,-104.75,41.25,"CHY",1929,7,1929-07-01
0.114018850028515,-99.25,38.75,"HAYS",1929,7,1929-07-01
0.438551753759384,-96.75,39.25,"KNZ",1929,7,1929-07-01
0.590764939785004,-106.75,34.25,"SEV_BLACK",1929,7,1929-07-01
0.590764939785004,-106.75,34.25,"SEV_BLUE",1929,7,1929-07-01
0.597442805767059,-104.75,40.75,"SGS",1929,7,1929-07-01
0.270973563194275,-104.75,41.25,"CHY",1929,8,1929-08-01
-0.310733497142792,-99.25,38.75,"HAYS",1929,8,1929-08-01
0.00606216071173549,-96.75,39.25,"KNZ",1929,8,1929-08-01
0.971187829971313,-106.75,34.25,"SEV_BLACK",1929,8,1929-08-01
0.971187829971313,-106.75,34.25,"SEV_BLUE",1929,8,1929-08-01
0.407034158706665,-104.75,40.75,"SGS",1929,8,1929-08-01
0.629835247993469,-104.75,41.25,"CHY",1929,9,1929-09-01
0.178287893533707,-99.25,38.75,"HAYS",1929,9,1929-09-01
0.0631933435797691,-96.75,39.25,"KNZ",1929,9,1929-09-01
0.883338868618011,-106.75,34.25,"SEV_BLACK",1929,9,1929-09-01
0.883338868618011,-106.75,34.25,"SEV_BLUE",1929,9,1929-09-01
0.645470499992371,-104.75,40.75,"SGS",1929,9,1929-09-01
0.113228641450405,-104.75,41.25,"CHY",1929,10,1929-10-01
0.495859444141388,-99.25,38.75,"HAYS",1929,10,1929-10-01
0.245576754212379,-96.75,39.25,"KNZ",1929,10,1929-10-01
1.18892621994019,-106.75,34.25,"SEV_BLACK",1929,10,1929-10-01
1.18892621994019,-106.75,34.25,"SEV_BLUE",1929,10,1929-10-01
0.194300472736359,-104.75,40.75,"SGS",1929,10,1929-10-01
0.701317369937897,-104.75,41.25,"CHY",1929,11,1929-11-01
0.648535907268524,-99.25,38.75,"HAYS",1929,11,1929-11-01
0.151815578341484,-96.75,39.25,"KNZ",1929,11,1929-11-01
0.907050609588623,-106.75,34.25,"SEV_BLACK",1929,11,1929-11-01
0.907050609588623,-106.75,34.25,"SEV_BLUE",1929,11,1929-11-01
0.827800571918488,-104.75,40.75,"SGS",1929,11,1929-11-01
0.969103634357452,-104.75,41.25,"CHY",1929,12,1929-12-01
0.855408728122711,-99.25,38.75,"HAYS",1929,12,1929-12-01
-0.117779366672039,-96.75,39.25,"KNZ",1929,12,1929-12-01
1.0011351108551,-106.75,34.25,"SEV_BLACK",1929,12,1929-12-01
1.0011351108551,-106.75,34.25,"SEV_BLUE",1929,12,1929-12-01
1.15647351741791,-104.75,40.75,"SGS",1929,12,1929-12-01
1.61132085323334,-104.75,41.25,"CHY",1930,1,1930-01-01
0.880181610584259,-99.25,38.75,"HAYS",1930,1,1930-01-01
0.206156596541405,-96.75,39.25,"KNZ",1930,1,1930-01-01
0.804755747318268,-106.75,34.25,"SEV_BLACK",1930,1,1930-01-01
0.804755747318268,-106.75,34.25,"SEV_BLUE",1930,1,1930-01-01
1.63766086101532,-104.75,40.75,"SGS",1930,1,1930-01-01
1.76688802242279,-104.75,41.25,"CHY",1930,2,1930-02-01
1.01472747325897,-99.25,38.75,"HAYS",1930,2,1930-02-01
0.341835767030716,-96.75,39.25,"KNZ",1930,2,1930-02-01
0.0255561992526054,-106.75,34.25,"SEV_BLACK",1930,2,1930-02-01
0.0255561992526054,-106.75,34.25,"SEV_BLUE",1930,2,1930-02-01
1.41414952278137,-104.75,40.75,"SGS",1930,2,1930-02-01
0.804255247116089,-104.75,41.25,"CHY",1930,3,1930-03-01
0.379350543022156,-99.25,38.75,"HAYS",1930,3,1930-03-01
0.15801964700222,-96.75,39.25,"KNZ",1930,3,1930-03-01
0.180007949471474,-106.75,34.25,"SEV_BLACK",1930,3,1930-03-01
0.180007949471474,-106.75,34.25,"SEV_BLUE",1930,3,1930-03-01
0.543399512767792,-104.75,40.75,"SGS",1930,3,1930-03-01
0.204892724752426,-104.75,41.25,"CHY",1930,4,1930-04-01
-0.318332552909851,-99.25,38.75,"HAYS",1930,4,1930-04-01
-0.83450585603714,-96.75,39.25,"KNZ",1930,4,1930-04-01
-0.367263197898865,-106.75,34.25,"SEV_BLACK",1930,4,1930-04-01
-0.367263197898865,-106.75,34.25,"SEV_BLUE",1930,4,1930-04-01
-0.294666588306427,-104.75,40.75,"SGS",1930,4,1930-04-01
0.401056557893753,-104.75,41.25,"CHY",1930,5,1930-05-01
-0.616732478141785,-99.25,38.75,"HAYS",1930,5,1930-05-01
-0.67118227481842,-96.75,39.25,"KNZ",1930,5,1930-05-01
-0.307502061128616,-106.75,34.25,"SEV_BLACK",1930,5,1930-05-01
-0.307502061128616,-106.75,34.25,"SEV_BLUE",1930,5,1930-05-01
-0.185439497232437,-104.75,40.75,"SGS",1930,5,1930-05-01
-0.0675598457455635,-104.75,41.25,"CHY",1930,6,1930-06-01
-0.257723659276962,-99.25,38.75,"HAYS",1930,6,1930-06-01
-0.380281358957291,-96.75,39.25,"KNZ",1930,6,1930-06-01
-0.253014355897903,-106.75,34.25,"SEV_BLACK",1930,6,1930-06-01
-0.253014355897903,-106.75,34.25,"SEV_BLUE",1930,6,1930-06-01
-0.557295203208923,-104.75,40.75,"SGS",1930,6,1930-06-01
-0.678852200508118,-104.75,41.25,"CHY",1930,7,1930-07-01
-0.630334496498108,-99.25,38.75,"HAYS",1930,7,1930-07-01
-1.0622079372406,-96.75,39.25,"KNZ",1930,7,1930-07-01
0.22202841937542,-106.75,34.25,"SEV_BLACK",1930,7,1930-07-01
0.22202841937542,-106.75,34.25,"SEV_BLUE",1930,7,1930-07-01
-0.786331176757812,-104.75,40.75,"SGS",1930,7,1930-07-01
0.174172446131706,-104.75,41.25,"CHY",1930,8,1930-08-01
-0.2431371062994,-99.25,38.75,"HAYS",1930,8,1930-08-01
-0.84832239151001,-96.75,39.25,"KNZ",1930,8,1930-08-01
0.55052661895752,-106.75,34.25,"SEV_BLACK",1930,8,1930-08-01
0.55052661895752,-106.75,34.25,"SEV_BLUE",1930,8,1930-08-01
-0.0264472533017397,-104.75,40.75,"SGS",1930,8,1930-08-01
0.347273319959641,-104.75,41.25,"CHY",1930,9,1930-09-01
-0.0698112100362778,-99.25,38.75,"HAYS",1930,9,1930-09-01
-0.684854209423065,-96.75,39.25,"KNZ",1930,9,1930-09-01
-0.246467724442482,-106.75,34.25,"SEV_BLACK",1930,9,1930-09-01
-0.246467724442482,-106.75,34.25,"SEV_BLUE",1930,9,1930-09-01
-0.0192751046270132,-104.75,40.75,"SGS",1930,9,1930-09-01
1.01400315761566,-104.75,41.25,"CHY",1930,10,1930-10-01
0.547172009944916,-99.25,38.75,"HAYS",1930,10,1930-10-01
-0.630824267864227,-96.75,39.25,"KNZ",1930,10,1930-10-01
-0.0756097584962845,-106.75,34.25,"SEV_BLACK",1930,10,1930-10-01
-0.0756097584962845,-106.75,34.25,"SEV_BLUE",1930,10,1930-10-01
0.652607440948486,-104.75,40.75,"SGS",1930,10,1930-10-01
0.562850654125214,-104.75,41.25,"CHY",1930,11,1930-11-01
0.640557825565338,-99.25,38.75,"HAYS",1930,11,1930-11-01
-0.674535512924194,-96.75,39.25,"KNZ",1930,11,1930-11-01
0.000166459227330051,-106.75,34.25,"SEV_BLACK",1930,11,1930-11-01
0.000166459227330051,-106.75,34.25,"SEV_BLUE",1930,11,1930-11-01
0.263337403535843,-104.75,40.75,"SGS",1930,11,1930-11-01
1.12550115585327,-104.75,41.25,"CHY",1930,12,1930-12-01
0.586376547813416,-99.25,38.75,"HAYS",1930,12,1930-12-01
-0.937373340129852,-96.75,39.25,"KNZ",1930,12,1930-12-01
0.186139762401581,-106.75,34.25,"SEV_BLACK",1930,12,1930-12-01
0.186139762401581,-106.75,34.25,"SEV_BLUE",1930,12,1930-12-01
0.863969087600708,-104.75,40.75,"SGS",1930,12,1930-12-01
1.38551545143127,-104.75,41.25,"CHY",1931,1,1931-01-01
0.932304978370667,-99.25,38.75,"HAYS",1931,1,1931-01-01
-0.603857755661011,-96.75,39.25,"KNZ",1931,1,1931-01-01
-0.37665843963623,-106.75,34.25,"SEV_BLACK",1931,1,1931-01-01
-0.37665843963623,-106.75,34.25,"SEV_BLUE",1931,1,1931-01-01
0.780032277107239,-104.75,40.75,"SGS",1931,1,1931-01-01
0.171826094388962,-104.75,41.25,"CHY",1931,2,1931-02-01
0.847042977809906,-99.25,38.75,"HAYS",1931,2,1931-02-01
-0.62831437587738,-96.75,39.25,"KNZ",1931,2,1931-02-01
0.236560851335526,-106.75,34.25,"SEV_BLACK",1931,2,1931-02-01
0.236560851335526,-106.75,34.25,"SEV_BLUE",1931,2,1931-02-01
-0.131125822663307,-104.75,40.75,"SGS",1931,2,1931-02-01
0.0858782082796097,-104.75,41.25,"CHY",1931,3,1931-03-01
1.43952262401581,-99.25,38.75,"HAYS",1931,3,1931-03-01
-0.346075296401978,-96.75,39.25,"KNZ",1931,3,1931-03-01
0.711104929447174,-106.75,34.25,"SEV_BLACK",1931,3,1931-03-01
0.711104929447174,-106.75,34.25,"SEV_BLUE",1931,3,1931-03-01
0.040103867650032,-104.75,40.75,"SGS",1931,3,1931-03-01
-0.782858729362488,-104.75,41.25,"CHY",1931,4,1931-04-01
0.822906196117401,-99.25,38.75,"HAYS",1931,4,1931-04-01
-0.602612555027008,-96.75,39.25,"KNZ",1931,4,1931-04-01
1.36753010749817,-106.75,34.25,"SEV_BLACK",1931,4,1931-04-01
1.36753010749817,-106.75,34.25,"SEV_BLUE",1931,4,1931-04-01
-0.444400906562805,-104.75,40.75,"SGS",1931,4,1931-04-01
-1.00597870349884,-104.75,41.25,"CHY",1931,5,1931-05-01
0.174337923526764,-99.25,38.75,"HAYS",1931,5,1931-05-01
-1.13858306407928,-96.75,39.25,"KNZ",1931,5,1931-05-01
1.255042552948,-106.75,34.25,"SEV_BLACK",1931,5,1931-05-01
1.255042552948,-106.75,34.25,"SEV_BLUE",1931,5,1931-05-01
-0.523353815078735,-104.75,40.75,"SGS",1931,5,1931-05-01
-1.09520387649536,-104.75,41.25,"CHY",1931,6,1931-06-01
-0.356689840555191,-99.25,38.75,"HAYS",1931,6,1931-06-01
-1.40924656391144,-96.75,39.25,"KNZ",1931,6,1931-06-01
1.19595086574554,-106.75,34.25,"SEV_BLACK",1931,6,1931-06-01
1.19595086574554,-106.75,34.25,"SEV_BLUE",1931,6,1931-06-01
-0.788276731967926,-104.75,40.75,"SGS",1931,6,1931-06-01
-1.08080196380615,-104.75,41.25,"CHY",1931,7,1931-07-01
-0.439780831336975,-99.25,38.75,"HAYS",1931,7,1931-07-01
-1.14243769645691,-96.75,39.25,"KNZ",1931,7,1931-07-01
1.23577082157135,-106.75,34.25,"SEV_BLACK",1931,7,1931-07-01
1.23577082157135,-106.75,34.25,"SEV_BLUE",1931,7,1931-07-01
-0.929974853992462,-104.75,40.75,"SGS",1931,7,1931-07-01
-0.913689911365509,-104.75,41.25,"CHY",1931,8,1931-08-01
-0.048223577439785,-99.25,38.75,"HAYS",1931,8,1931-08-01
-0.701042234897614,-96.75,39.25,"KNZ",1931,8,1931-08-01
1.11673104763031,-106.75,34.25,"SEV_BLACK",1931,8,1931-08-01
1.11673104763031,-106.75,34.25,"SEV_BLUE",1931,8,1931-08-01
-0.886869192123413,-104.75,40.75,"SGS",1931,8,1931-08-01
-1.12868654727936,-104.75,41.25,"CHY",1931,9,1931-09-01
-0.917952060699463,-99.25,38.75,"HAYS",1931,9,1931-09-01
-0.661729097366333,-96.75,39.25,"KNZ",1931,9,1931-09-01
1.431769490242,-106.75,34.25,"SEV_BLACK",1931,9,1931-09-01
1.431769490242,-106.75,34.25,"SEV_BLUE",1931,9,1931-09-01
-1.1048002243042,-104.75,40.75,"SGS",1931,9,1931-09-01
-0.991915166378021,-104.75,41.25,"CHY",1931,10,1931-10-01
-1.05407917499542,-99.25,38.75,"HAYS",1931,10,1931-10-01
-0.630824267864227,-96.75,39.25,"KNZ",1931,10,1931-10-01
0.903435289859772,-106.75,34.25,"SEV_BLACK",1931,10,1931-10-01
0.903435289859772,-106.75,34.25,"SEV_BLUE",1931,10,1931-10-01
-1.06103873252869,-104.75,40.75,"SGS",1931,10,1931-10-01
-0.764919698238373,-104.75,41.25,"CHY",1931,11,1931-11-01
-0.665431678295135,-99.25,38.75,"HAYS",1931,11,1931-11-01
-0.0243595708161592,-96.75,39.25,"KNZ",1931,11,1931-11-01
0.990773856639862,-106.75,34.25,"SEV_BLACK",1931,11,1931-11-01
0.990773856639862,-106.75,34.25,"SEV_BLUE",1931,11,1931-11-01
-1.03350627422333,-104.75,40.75,"SGS",1931,11,1931-11-01
-0.624170362949371,-104.75,41.25,"CHY",1931,12,1931-12-01
-0.390321224927902,-99.25,38.75,"HAYS",1931,12,1931-12-01
0.675987482070923,-96.75,39.25,"KNZ",1931,12,1931-12-01
1.0254157781601,-106.75,34.25,"SEV_BLACK",1931,12,1931-12-01
1.0254157781601,-106.75,34.25,"SEV_BLUE",1931,12,1931-12-01
-0.97131472826004,-104.75,40.75,"SGS",1931,12,1931-12-01
-0.0538750141859055,-104.75,41.25,"CHY",1932,1,1932-01-01
0.55611515045166,-99.25,38.75,"HAYS",1932,1,1932-01-01
1.37060689926147,-96.75,39.25,"KNZ",1932,1,1932-01-01
1.22741734981537,-106.75,34.25,"SEV_BLACK",1932,1,1932-01-01
1.22741734981537,-106.75,34.25,"SEV_BLUE",1932,1,1932-01-01
-0.314593285322189,-104.75,40.75,"SGS",1932,1,1932-01-01
-0.427329242229462,-104.75,41.25,"CHY",1932,2,1932-02-01
0.291561663150787,-99.25,38.75,"HAYS",1932,2,1932-02-01
1.07615101337433,-96.75,39.25,"KNZ",1932,2,1932-02-01
0.948973834514618,-106.75,34.25,"SEV_BLACK",1932,2,1932-02-01
0.948973834514618,-106.75,34.25,"SEV_BLUE",1932,2,1932-02-01
-0.678625106811523,-104.75,40.75,"SGS",1932,2,1932-02-01
0.392913848161697,-104.75,41.25,"CHY",1932,3,1932-03-01
1.09311258792877,-99.25,38.75,"HAYS",1932,3,1932-03-01
1.2033714056015,-96.75,39.25,"KNZ",1932,3,1932-03-01
0.773735761642456,-106.75,34.25,"SEV_BLACK",1932,3,1932-03-01
0.773735761642456,-106.75,34.25,"SEV_BLUE",1932,3,1932-03-01
0.133539289236069,-104.75,40.75,"SGS",1932,3,1932-03-01
0.056361697614193,-104.75,41.25,"CHY",1932,4,1932-04-01
1.05370652675629,-99.25,38.75,"HAYS",1932,4,1932-04-01
0.972489058971405,-96.75,39.25,"KNZ",1932,4,1932-04-01
0.609362006187439,-106.75,34.25,"SEV_BLACK",1932,4,1932-04-01
0.609362006187439,-106.75,34.25,"SEV_BLUE",1932,4,1932-04-01
-0.0903805568814278,-104.75,40.75,"SGS",1932,4,1932-04-01
-0.593378722667694,-104.75,41.25,"CHY",1932,5,1932-05-01
0.0518237948417664,-99.25,38.75,"HAYS",1932,5,1932-05-01
-0.560305416584015,-96.75,39.25,"KNZ",1932,5,1932-05-01
0.594494521617889,-106.75,34.25,"SEV_BLACK",1932,5,1932-05-01
0.594494521617889,-106.75,34.25,"SEV_BLUE",1932,5,1932-05-01
-0.52335399389267,-104.75,40.75,"SGS",1932,5,1932-05-01
-0.591522872447968,-104.75,41.25,"CHY",1932,6,1932-06-01
0.558163344860077,-99.25,38.75,"HAYS",1932,6,1932-06-01
-0.284674823284149,-96.75,39.25,"KNZ",1932,6,1932-06-01
0.680973947048187,-106.75,34.25,"SEV_BLACK",1932,6,1932-06-01
0.680973947048187,-106.75,34.25,"SEV_BLUE",1932,6,1932-06-01
-0.433736234903336,-104.75,40.75,"SGS",1932,6,1932-06-01
-0.861730515956879,-104.75,41.25,"CHY",1932,7,1932-07-01
-0.334073752164841,-99.25,38.75,"HAYS",1932,7,1932-07-01
-0.465976595878601,-96.75,39.25,"KNZ",1932,7,1932-07-01
0.390100359916687,-106.75,34.25,"SEV_BLACK",1932,7,1932-07-01
0.390100359916687,-106.75,34.25,"SEV_BLUE",1932,7,1932-07-01
-0.631742596626282,-104.75,40.75,"SGS",1932,7,1932-07-01
-0.824219822883606,-104.75,41.25,"CHY",1932,8,1932-08-01
-0.375220268964767,-99.25,38.75,"HAYS",1932,8,1932-08-01
-0.19486066699028,-96.75,39.25,"KNZ",1932,8,1932-08-01
0.690906763076782,-106.75,34.25,"SEV_BLACK",1932,8,1932-08-01
0.690906763076782,-106.75,34.25,"SEV_BLUE",1932,8,1932-08-01
-0.545293986797333,-104.75,40.75,"SGS",1932,8,1932-08-01
-1.20926427841187,-104.75,41.25,"CHY",1932,9,1932-09-01
-0.242687582969666,-99.25,38.75,"HAYS",1932,9,1932-09-01
-0.300073534250259,-96.75,39.25,"KNZ",1932,9,1932-09-01
0.322489768266678,-106.75,34.25,"SEV_BLACK",1932,9,1932-09-01
0.322489768266678,-106.75,34.25,"SEV_BLUE",1932,9,1932-09-01
-1.00695562362671,-104.75,40.75,"SGS",1932,9,1932-09-01
-1.20113575458527,-104.75,41.25,"CHY",1932,10,1932-10-01
-0.235117793083191,-99.25,38.75,"HAYS",1932,10,1932-10-01
-0.314028263092041,-96.75,39.25,"KNZ",1932,10,1932-10-01
0.727071166038513,-106.75,34.25,"SEV_BLACK",1932,10,1932-10-01
0.727071166038513,-106.75,34.25,"SEV_BLUE",1932,10,1932-10-01
-0.992879331111908,-104.75,40.75,"SGS",1932,10,1932-10-01
-1.15239810943604,-104.75,41.25,"CHY",1932,11,1932-11-01
-0.0408091396093369,-99.25,38.75,"HAYS",1932,11,1932-11-01
-0.123866774141788,-96.75,39.25,"KNZ",1932,11,1932-11-01
0.359092265367508,-106.75,34.25,"SEV_BLACK",1932,11,1932-11-01
0.359092265367508,-106.75,34.25,"SEV_BLUE",1932,11,1932-11-01
-0.987675368785858,-104.75,40.75,"SGS",1932,11,1932-11-01
-0.927505314350128,-104.75,41.25,"CHY",1932,12,1932-12-01
-0.534554123878479,-99.25,38.75,"HAYS",1932,12,1932-12-01
-0.191491559147835,-96.75,39.25,"KNZ",1932,12,1932-12-01
0.592150688171387,-106.75,34.25,"SEV_BLACK",1932,12,1932-12-01
0.592150688171387,-106.75,34.25,"SEV_BLUE",1932,12,1932-12-01
-0.812118172645569,-104.75,40.75,"SGS",1932,12,1932-12-01
-0.97523432970047,-104.75,41.25,"CHY",1933,1,1933-01-01
-0.478537052869797,-99.25,38.75,"HAYS",1933,1,1933-01-01
-0.538324236869812,-96.75,39.25,"KNZ",1933,1,1933-01-01
0.59806090593338,-106.75,34.25,"SEV_BLACK",1933,1,1933-01-01
0.59806090593338,-106.75,34.25,"SEV_BLUE",1933,1,1933-01-01
-0.926126182079315,-104.75,40.75,"SGS",1933,1,1933-01-01
-0.940456807613373,-104.75,41.25,"CHY",1933,2,1933-02-01
-0.621851742267609,-99.25,38.75,"HAYS",1933,2,1933-02-01
-1.24222314357758,-96.75,39.25,"KNZ",1933,2,1933-02-01
0.515878200531006,-106.75,34.25,"SEV_BLACK",1933,2,1933-02-01
0.515878200531006,-106.75,34.25,"SEV_BLUE",1933,2,1933-02-01
-0.913100481033325,-104.75,40.75,"SGS",1933,2,1933-02-01
-0.464950561523438,-104.75,41.25,"CHY",1933,3,1933-03-01
-1.27396142482758,-99.25,38.75,"HAYS",1933,3,1933-03-01
-1.09063851833344,-96.75,39.25,"KNZ",1933,3,1933-03-01
0.275707095861435,-106.75,34.25,"SEV_BLACK",1933,3,1933-03-01
0.275707095861435,-106.75,34.25,"SEV_BLUE",1933,3,1933-03-01
-0.507912158966064,-104.75,40.75,"SGS",1933,3,1933-03-01
0.79799884557724,-104.75,41.25,"CHY",1933,4,1933-04-01
-1.18279206752777,-99.25,38.75,"HAYS",1933,4,1933-04-01
-0.851320743560791,-96.75,39.25,"KNZ",1933,4,1933-04-01
0.251276403665543,-106.75,34.25,"SEV_BLACK",1933,4,1933-04-01
0.251276403665543,-106.75,34.25,"SEV_BLUE",1933,4,1933-04-01
0.558275043964386,-104.75,40.75,"SGS",1933,4,1933-04-01
1.37981033325195,-104.75,41.25,"CHY",1933,5,1933-05-01
-0.969283044338226,-99.25,38.75,"HAYS",1933,5,1933-05-01
-0.784774303436279,-96.75,39.25,"KNZ",1933,5,1933-05-01
0.5486940741539,-106.75,34.25,"SEV_BLACK",1933,5,1933-05-01
0.5486940741539,-106.75,34.25,"SEV_BLUE",1933,5,1933-05-01
1.25552141666412,-104.75,40.75,"SGS",1933,5,1933-05-01
0.249852761626244,-104.75,41.25,"CHY",1933,6,1933-06-01
-1.83707439899445,-99.25,38.75,"HAYS",1933,6,1933-06-01
-1.79853200912476,-96.75,39.25,"KNZ",1933,6,1933-06-01
1.09052860736847,-106.75,34.25,"SEV_BLACK",1933,6,1933-06-01
1.09052860736847,-106.75,34.25,"SEV_BLUE",1933,6,1933-06-01
0.105918481945992,-104.75,40.75,"SGS",1933,6,1933-06-01
0.0405418165028095,-104.75,41.25,"CHY",1933,7,1933-07-01
-1.69050705432892,-99.25,38.75,"HAYS",1933,7,1933-07-01
-1.4484041929245,-96.75,39.25,"KNZ",1933,7,1933-07-01
1.22505509853363,-106.75,34.25,"SEV_BLACK",1933,7,1933-07-01
1.22505509853363,-106.75,34.25,"SEV_BLUE",1933,7,1933-07-01
-0.0789480358362198,-104.75,40.75,"SGS",1933,7,1933-07-01
0.341406971216202,-104.75,41.25,"CHY",1933,8,1933-08-01
-1.08153164386749,-99.25,38.75,"HAYS",1933,8,1933-08-01
-1.12019991874695,-96.75,39.25,"KNZ",1933,8,1933-08-01
1.18773949146271,-106.75,34.25,"SEV_BLACK",1933,8,1933-08-01
1.18773949146271,-106.75,34.25,"SEV_BLUE",1933,8,1933-08-01
0.215858057141304,-104.75,40.75,"SGS",1933,8,1933-08-01
0.392603904008865,-104.75,41.25,"CHY",1933,9,1933-09-01
-1.00570583343506,-99.25,38.75,"HAYS",1933,9,1933-09-01
-1.12023091316223,-96.75,39.25,"KNZ",1933,9,1933-09-01
1.12000012397766,-106.75,34.25,"SEV_BLACK",1933,9,1933-09-01
1.12000012397766,-106.75,34.25,"SEV_BLUE",1933,9,1933-09-01
0.432127743959427,-104.75,40.75,"SGS",1933,9,1933-09-01
-0.695155739784241,-104.75,41.25,"CHY",1933,10,1933-10-01
-1.1715761423111,-99.25,38.75,"HAYS",1933,10,1933-10-01
-1.28089559078217,-96.75,39.25,"KNZ",1933,10,1933-10-01
0.774683713912964,-106.75,34.25,"SEV_BLACK",1933,10,1933-10-01
0.774683713912964,-106.75,34.25,"SEV_BLUE",1933,10,1933-10-01
-0.65210485458374,-104.75,40.75,"SGS",1933,10,1933-10-01
-1.39543032646179,-104.75,41.25,"CHY",1933,11,1933-11-01
-1.29091966152191,-99.25,38.75,"HAYS",1933,11,1933-11-01
-1.42331647872925,-96.75,39.25,"KNZ",1933,11,1933-11-01
0.687950611114502,-106.75,34.25,"SEV_BLACK",1933,11,1933-11-01
0.687950611114502,-106.75,34.25,"SEV_BLUE",1933,11,1933-11-01
-1.42404782772064,-104.75,40.75,"SGS",1933,11,1933-11-01
-1.14845335483551,-104.75,41.25,"CHY",1933,12,1933-12-01
-0.465678244829178,-99.25,38.75,"HAYS",1933,12,1933-12-01
-0.717694878578186,-96.75,39.25,"KNZ",1933,12,1933-12-01
-0.526412129402161,-106.75,34.25,"SEV_BLACK",1933,12,1933-12-01
-0.526412129402161,-106.75,34.25,"SEV_BLUE",1933,12,1933-12-01
-1.05646181106567,-104.75,40.75,"SGS",1933,12,1933-12-01
-1.16522657871246,-104.75,41.25,"CHY",1934,1,1934-01-01
-0.159986183047295,-99.25,38.75,"HAYS",1934,1,1934-01-01
-0.839687466621399,-96.75,39.25,"KNZ",1934,1,1934-01-01
-1.00973618030548,-106.75,34.25,"SEV_BLACK",1934,1,1934-01-01
-1.00973618030548,-106.75,34.25,"SEV_BLUE",1934,1,1934-01-01
-1.15044832229614,-104.75,40.75,"SGS",1934,1,1934-01-01
-1.51857173442841,-104.75,41.25,"CHY",1934,2,1934-02-01
-1.0025600194931,-99.25,38.75,"HAYS",1934,2,1934-02-01
-1.28711783885956,-96.75,39.25,"KNZ",1934,2,1934-02-01
-1.54790186882019,-106.75,34.25,"SEV_BLACK",1934,2,1934-02-01
-1.54790186882019,-106.75,34.25,"SEV_BLUE",1934,2,1934-02-01
-1.59670007228851,-104.75,40.75,"SGS",1934,2,1934-02-01
-1.86430966854095,-104.75,41.25,"CHY",1934,3,1934-03-01
-1.19004011154175,-99.25,38.75,"HAYS",1934,3,1934-03-01
-2.04261016845703,-96.75,39.25,"KNZ",1934,3,1934-03-01
-1.52419948577881,-106.75,34.25,"SEV_BLACK",1934,3,1934-03-01
-1.52419948577881,-106.75,34.25,"SEV_BLUE",1934,3,1934-03-01
-1.99240052700043,-104.75,40.75,"SGS",1934,3,1934-03-01
-1.58309090137482,-104.75,41.25,"CHY",1934,4,1934-04-01
-1.330233335495,-99.25,38.75,"HAYS",1934,4,1934-04-01
-2.34402918815613,-96.75,39.25,"KNZ",1934,4,1934-04-01
-1.60804998874664,-106.75,34.25,"SEV_BLACK",1934,4,1934-04-01
-1.60804998874664,-106.75,34.25,"SEV_BLUE",1934,4,1934-04-01
-1.65595841407776,-104.75,40.75,"SGS",1934,4,1934-04-01
-1.93513917922974,-104.75,41.25,"CHY",1934,5,1934-05-01
-1.86286067962646,-99.25,38.75,"HAYS",1934,5,1934-05-01
-2.41564774513245,-96.75,39.25,"KNZ",1934,5,1934-05-01
-1.73435544967651,-106.75,34.25,"SEV_BLACK",1934,5,1934-05-01
-1.73435544967651,-106.75,34.25,"SEV_BLUE",1934,5,1934-05-01
-1.88236105442047,-104.75,40.75,"SGS",1934,5,1934-05-01
-1.73234081268311,-104.75,41.25,"CHY",1934,6,1934-06-01
-1.78639781475067,-99.25,38.75,"HAYS",1934,6,1934-06-01
-2.30950140953064,-96.75,39.25,"KNZ",1934,6,1934-06-01
-1.58541941642761,-106.75,34.25,"SEV_BLACK",1934,6,1934-06-01
-1.58541941642761,-106.75,34.25,"SEV_BLUE",1934,6,1934-06-01
-1.73994612693787,-104.75,40.75,"SGS",1934,6,1934-06-01
-1.76095569133759,-104.75,41.25,"CHY",1934,7,1934-07-01
-2.10540461540222,-99.25,38.75,"HAYS",1934,7,1934-07-01
-2.31869292259216,-96.75,39.25,"KNZ",1934,7,1934-07-01
-1.98782467842102,-106.75,34.25,"SEV_BLACK",1934,7,1934-07-01
-1.98782467842102,-106.75,34.25,"SEV_BLUE",1934,7,1934-07-01
-1.74373614788055,-104.75,40.75,"SGS",1934,7,1934-07-01
-1.81698417663574,-104.75,41.25,"CHY",1934,8,1934-08-01
-2.26449513435364,-99.25,38.75,"HAYS",1934,8,1934-08-01
-2.45793271064758,-96.75,39.25,"KNZ",1934,8,1934-08-01
-1.92522084712982,-106.75,34.25,"SEV_BLACK",1934,8,1934-08-01
-1.92522084712982,-106.75,34.25,"SEV_BLUE",1934,8,1934-08-01
-1.83216822147369,-104.75,40.75,"SGS",1934,8,1934-08-01
-1.66775012016296,-104.75,41.25,"CHY",1934,9,1934-09-01
-2.07722425460815,-99.25,38.75,"HAYS",1934,9,1934-09-01
-2.13961172103882,-96.75,39.25,"KNZ",1934,9,1934-09-01
-1.79051434993744,-106.75,34.25,"SEV_BLACK",1934,9,1934-09-01
-1.79051434993744,-106.75,34.25,"SEV_BLUE",1934,9,1934-09-01
-1.77068626880646,-104.75,40.75,"SGS",1934,9,1934-09-01
-1.87917709350586,-104.75,41.25,"CHY",1934,10,1934-10-01
-1.95959544181824,-99.25,38.75,"HAYS",1934,10,1934-10-01
-1.94032764434814,-96.75,39.25,"KNZ",1934,10,1934-10-01
-1.93340480327606,-106.75,34.25,"SEV_BLACK",1934,10,1934-10-01
-1.93340480327606,-106.75,34.25,"SEV_BLUE",1934,10,1934-10-01
-1.97519731521606,-104.75,40.75,"SGS",1934,10,1934-10-01
-1.55593550205231,-104.75,41.25,"CHY",1934,11,1934-11-01
-1.69664537906647,-99.25,38.75,"HAYS",1934,11,1934-11-01
-1.66444396972656,-96.75,39.25,"KNZ",1934,11,1934-11-01
-1.71630942821503,-106.75,34.25,"SEV_BLACK",1934,11,1934-11-01
-1.71630942821503,-106.75,34.25,"SEV_BLUE",1934,11,1934-11-01
-1.77591705322266,-104.75,40.75,"SGS",1934,11,1934-11-01
-1.71518874168396,-104.75,41.25,"CHY",1934,12,1934-12-01
-1.78708565235138,-99.25,38.75,"HAYS",1934,12,1934-12-01
-1.54496586322784,-96.75,39.25,"KNZ",1934,12,1934-12-01
-1.43912506103516,-106.75,34.25,"SEV_BLACK",1934,12,1934-12-01
-1.43912506103516,-106.75,34.25,"SEV_BLUE",1934,12,1934-12-01
-1.88442027568817,-104.75,40.75,"SGS",1934,12,1934-12-01
-1.71316933631897,-104.75,41.25,"CHY",1935,1,1935-01-01
-1.37062525749207,-99.25,38.75,"HAYS",1935,1,1935-01-01
-1.00846910476685,-96.75,39.25,"KNZ",1935,1,1935-01-01
-0.625926375389099,-106.75,34.25,"SEV_BLACK",1935,1,1935-01-01
-0.625926375389099,-106.75,34.25,"SEV_BLUE",1935,1,1935-01-01
-2.03189587593079,-104.75,40.75,"SGS",1935,1,1935-01-01
-1.85180675983429,-104.75,41.25,"CHY",1935,2,1935-02-01
-1.13396942615509,-99.25,38.75,"HAYS",1935,2,1935-02-01
-0.267667025327682,-96.75,39.25,"KNZ",1935,2,1935-02-01
-0.116137340664864,-106.75,34.25,"SEV_BLACK",1935,2,1935-02-01
-0.116137340664864,-106.75,34.25,"SEV_BLUE",1935,2,1935-02-01
-2.15300297737122,-104.75,40.75,"SGS",1935,2,1935-02-01
-2.00837826728821,-104.75,41.25,"CHY",1935,3,1935-03-01
-1.80782794952393,-99.25,38.75,"HAYS",1935,3,1935-03-01
-1.15044248104095,-96.75,39.25,"KNZ",1935,3,1935-03-01
0.151188120245934,-106.75,34.25,"SEV_BLACK",1935,3,1935-03-01
0.151188120245934,-106.75,34.25,"SEV_BLUE",1935,3,1935-03-01
-2.10856747627258,-104.75,40.75,"SGS",1935,3,1935-03-01
-0.586513757705688,-104.75,41.25,"CHY",1935,4,1935-04-01
-1.44370591640472,-99.25,38.75,"HAYS",1935,4,1935-04-01
-0.777545571327209,-96.75,39.25,"KNZ",1935,4,1935-04-01
0.609362065792084,-106.75,34.25,"SEV_BLACK",1935,4,1935-04-01
0.609362065792084,-106.75,34.25,"SEV_BLUE",1935,4,1935-04-01
-0.584030508995056,-104.75,40.75,"SGS",1935,4,1935-04-01
1.60480093955994,-104.75,41.25,"CHY",1935,5,1935-05-01
0.132000014185905,-99.25,38.75,"HAYS",1935,5,1935-05-01
0.530220568180084,-96.75,39.25,"KNZ",1935,5,1935-05-01
1.19299793243408,-106.75,34.25,"SEV_BLACK",1935,5,1935-05-01
1.19299793243408,-106.75,34.25,"SEV_BLUE",1935,5,1935-05-01
1.55223679542542,-104.75,40.75,"SGS",1935,5,1935-05-01
1.55808234214783,-104.75,41.25,"CHY",1935,6,1935-06-01
0.661252915859222,-99.25,38.75,"HAYS",1935,6,1935-06-01
0.919419169425964,-96.75,39.25,"KNZ",1935,6,1935-06-01
1.04962718486786,-106.75,34.25,"SEV_BLACK",1935,6,1935-06-01
1.04962718486786,-106.75,34.25,"SEV_BLUE",1935,6,1935-06-01
1.44515180587769,-104.75,40.75,"SGS",1935,6,1935-06-01
1.33519506454468,-104.75,41.25,"CHY",1935,7,1935-07-01
-0.119974732398987,-99.25,38.75,"HAYS",1935,7,1935-07-01
0.121988244354725,-96.75,39.25,"KNZ",1935,7,1935-07-01
0.411846965551376,-106.75,34.25,"SEV_BLACK",1935,7,1935-07-01
0.411846965551376,-106.75,34.25,"SEV_BLUE",1935,7,1935-07-01
1.24626982212067,-104.75,40.75,"SGS",1935,7,1935-07-01
1.22931611537933,-104.75,41.25,"CHY",1935,8,1935-08-01
-0.215879812836647,-99.25,38.75,"HAYS",1935,8,1935-08-01
0.280222535133362,-96.75,39.25,"KNZ",1935,8,1935-08-01
0.993218302726746,-106.75,34.25,"SEV_BLACK",1935,8,1935-08-01
0.993218302726746,-106.75,34.25,"SEV_BLUE",1935,8,1935-08-01
1.12544941902161,-104.75,40.75,"SGS",1935,8,1935-08-01
1.39023852348328,-104.75,41.25,"CHY",1935,9,1935-09-01
0.26286792755127,-99.25,38.75,"HAYS",1935,9,1935-09-01
0.692881107330322,-96.75,39.25,"KNZ",1935,9,1935-09-01
1.460932970047,-106.75,34.25,"SEV_BLACK",1935,9,1935-09-01
1.460932970047,-106.75,34.25,"SEV_BLUE",1935,9,1935-09-01
1.36432182788849,-104.75,40.75,"SGS",1935,9,1935-09-01
0.945930957794189,-104.75,41.25,"CHY",1935,10,1935-10-01
0.467187792062759,-99.25,38.75,"HAYS",1935,10,1935-10-01
0.935431063175201,-96.75,39.25,"KNZ",1935,10,1935-10-01
1.04728388786316,-106.75,34.25,"SEV_BLACK",1935,10,1935-10-01
1.04728388786316,-106.75,34.25,"SEV_BLUE",1935,10,1935-10-01
0.892956554889679,-104.75,40.75,"SGS",1935,10,1935-10-01
-0.531406939029694,-104.75,41.25,"CHY",1935,11,1935-11-01
-0.080234169960022,-99.25,38.75,"HAYS",1935,11,1935-11-01
0.376074194908142,-96.75,39.25,"KNZ",1935,11,1935-11-01
0.593603193759918,-106.75,34.25,"SEV_BLACK",1935,11,1935-11-01
0.593603193759918,-106.75,34.25,"SEV_BLUE",1935,11,1935-11-01
-0.623886466026306,-104.75,40.75,"SGS",1935,11,1935-11-01
-0.833029687404633,-104.75,41.25,"CHY",1935,12,1935-12-01
-0.804853796958923,-99.25,38.75,"HAYS",1935,12,1935-12-01
-0.119945414364338,-96.75,39.25,"KNZ",1935,12,1935-12-01
0.744057834148407,-106.75,34.25,"SEV_BLACK",1935,12,1935-12-01
0.744057834148407,-106.75,34.25,"SEV_BLUE",1935,12,1935-12-01
-0.807723820209503,-104.75,40.75,"SGS",1935,12,1935-12-01
-0.416483223438263,-104.75,41.25,"CHY",1936,1,1936-01-01
0.248450219631195,-99.25,38.75,"HAYS",1936,1,1936-01-01
0.959027051925659,-96.75,39.25,"KNZ",1936,1,1936-01-01
1.32444596290588,-106.75,34.25,"SEV_BLACK",1936,1,1936-01-01
1.32444596290588,-106.75,34.25,"SEV_BLUE",1936,1,1936-01-01
-0.42621710896492,-104.75,40.75,"SGS",1936,1,1936-01-01
0.313943326473236,-104.75,41.25,"CHY",1936,2,1936-02-01
0.786388397216797,-99.25,38.75,"HAYS",1936,2,1936-02-01
0.980535328388214,-96.75,39.25,"KNZ",1936,2,1936-02-01
0.551795542240143,-106.75,34.25,"SEV_BLACK",1936,2,1936-02-01
0.551795542240143,-106.75,34.25,"SEV_BLUE",1936,2,1936-02-01
0.203921213746071,-104.75,40.75,"SGS",1936,2,1936-02-01
0.140274688601494,-104.75,41.25,"CHY",1936,3,1936-03-01
-0.0775906890630722,-99.25,38.75,"HAYS",1936,3,1936-03-01
0.178805187344551,-96.75,39.25,"KNZ",1936,3,1936-03-01
-0.193323373794556,-106.75,34.25,"SEV_BLACK",1936,3,1936-03-01
-0.193323373794556,-106.75,34.25,"SEV_BLUE",1936,3,1936-03-01
0.0381912924349308,-104.75,40.75,"SGS",1936,3,1936-03-01
0.173125594854355,-104.75,41.25,"CHY",1936,4,1936-04-01
-0.873539328575134,-99.25,38.75,"HAYS",1936,4,1936-04-01
-0.590957760810852,-96.75,39.25,"KNZ",1936,4,1936-04-01
0.113778717815876,-106.75,34.25,"SEV_BLACK",1936,4,1936-04-01
0.113778717815876,-106.75,34.25,"SEV_BLUE",1936,4,1936-04-01
-0.258496969938278,-104.75,40.75,"SGS",1936,4,1936-04-01
-0.674670517444611,-104.75,41.25,"CHY",1936,5,1936-05-01
-0.848452627658844,-99.25,38.75,"HAYS",1936,5,1936-05-01
-1.04600977897644,-96.75,39.25,"KNZ",1936,5,1936-05-01
-0.133918955922127,-106.75,34.25,"SEV_BLACK",1936,5,1936-05-01
-0.133918955922127,-106.75,34.25,"SEV_BLUE",1936,5,1936-05-01
-0.794149577617645,-104.75,40.75,"SGS",1936,5,1936-05-01
-0.65930700302124,-104.75,41.25,"CHY",1936,6,1936-06-01
-1.33648014068604,-99.25,38.75,"HAYS",1936,6,1936-06-01
-1.44940996170044,-96.75,39.25,"KNZ",1936,6,1936-06-01
-0.293781876564026,-106.75,34.25,"SEV_BLACK",1936,6,1936-06-01
-0.293781876564026,-106.75,34.25,"SEV_BLUE",1936,6,1936-06-01
-0.618136644363403,-104.75,40.75,"SGS",1936,6,1936-06-01
-1.0309237241745,-104.75,41.25,"CHY",1936,7,1936-07-01
-1.78966617584229,-99.25,38.75,"HAYS",1936,7,1936-07-01
-1.97540879249573,-96.75,39.25,"KNZ",1936,7,1936-07-01
-0.589757442474365,-106.75,34.25,"SEV_BLACK",1936,7,1936-07-01
-0.589757442474365,-106.75,34.25,"SEV_BLUE",1936,7,1936-07-01
-0.830221056938171,-104.75,40.75,"SGS",1936,7,1936-07-01
-1.19941926002502,-104.75,41.25,"CHY",1936,8,1936-08-01
-2.13297438621521,-99.25,38.75,"HAYS",1936,8,1936-08-01
-2.2768247127533,-96.75,39.25,"KNZ",1936,8,1936-08-01
-0.91780549287796,-106.75,34.25,"SEV_BLACK",1936,8,1936-08-01
-0.91780549287796,-106.75,34.25,"SEV_BLUE",1936,8,1936-08-01
-0.808696389198303,-104.75,40.75,"SGS",1936,8,1936-08-01
-1.2373948097229,-104.75,41.25,"CHY",1936,9,1936-09-01
-1.67841196060181,-99.25,38.75,"HAYS",1936,9,1936-09-01
-1.62038612365723,-96.75,39.25,"KNZ",1936,9,1936-09-01
-0.0810174569487572,-106.75,34.25,"SEV_BLACK",1936,9,1936-09-01
-0.0810174569487572,-106.75,34.25,"SEV_BLUE",1936,9,1936-09-01
-0.806994438171387,-104.75,40.75,"SGS",1936,9,1936-09-01
-1.12102138996124,-104.75,41.25,"CHY",1936,10,1936-10-01
-1.35150098800659,-99.25,38.75,"HAYS",1936,10,1936-10-01
-1.5062004327774,-96.75,39.25,"KNZ",1936,10,1936-10-01
-0.103830173611641,-106.75,34.25,"SEV_BLACK",1936,10,1936-10-01
-0.103830173611641,-106.75,34.25,"SEV_BLUE",1936,10,1936-10-01
-0.426988154649734,-104.75,40.75,"SGS",1936,10,1936-10-01
-0.768554031848907,-104.75,41.25,"CHY",1936,11,1936-11-01
-1.79170072078705,-99.25,38.75,"HAYS",1936,11,1936-11-01
-1.82385945320129,-96.75,39.25,"KNZ",1936,11,1936-11-01
-0.164865478873253,-106.75,34.25,"SEV_BLACK",1936,11,1936-11-01
-0.164865478873253,-106.75,34.25,"SEV_BLUE",1936,11,1936-11-01
-0.241341456770897,-104.75,40.75,"SGS",1936,11,1936-11-01
-0.728304207324982,-104.75,41.25,"CHY",1936,12,1936-12-01
-1.46292293071747,-99.25,38.75,"HAYS",1936,12,1936-12-01
-1.53464269638062,-96.75,39.25,"KNZ",1936,12,1936-12-01
-0.2695052921772,-106.75,34.25,"SEV_BLACK",1936,12,1936-12-01
-0.2695052921772,-106.75,34.25,"SEV_BLUE",1936,12,1936-12-01
-0.319574862718582,-104.75,40.75,"SGS",1936,12,1936-12-01
0.121918052434921,-104.75,41.25,"CHY",1937,1,1937-01-01
-0.456251412630081,-99.25,38.75,"HAYS",1937,1,1937-01-01
-0.232711613178253,-96.75,39.25,"KNZ",1937,1,1937-01-01
-0.281412243843079,-106.75,34.25,"SEV_BLACK",1937,1,1937-01-01
-0.281412243843079,-106.75,34.25,"SEV_BLUE",1937,1,1937-01-01
0.331523776054382,-104.75,40.75,"SGS",1937,1,1937-01-01
0.185728594660759,-104.75,41.25,"CHY",1937,2,1937-02-01
0.769017934799194,-99.25,38.75,"HAYS",1937,2,1937-02-01
0.869607865810394,-96.75,39.25,"KNZ",1937,2,1937-02-01
0.339089304208755,-106.75,34.25,"SEV_BLACK",1937,2,1937-02-01
0.339089304208755,-106.75,34.25,"SEV_BLUE",1937,2,1937-02-01
0.155591562390327,-104.75,40.75,"SGS",1937,2,1937-02-01
0.691839993000031,-104.75,41.25,"CHY",1937,3,1937-03-01
0.374698728322983,-99.25,38.75,"HAYS",1937,3,1937-03-01
0.194901973009109,-96.75,39.25,"KNZ",1937,3,1937-03-01
0.157980144023895,-106.75,34.25,"SEV_BLACK",1937,3,1937-03-01
0.157980144023895,-106.75,34.25,"SEV_BLUE",1937,3,1937-03-01
0.297565370798111,-104.75,40.75,"SGS",1937,3,1937-03-01
0.496923238039017,-104.75,41.25,"CHY",1937,4,1937-04-01
-0.284386724233627,-99.25,38.75,"HAYS",1937,4,1937-04-01
-0.0832588523626328,-96.75,39.25,"KNZ",1937,4,1937-04-01
0.0717456787824631,-106.75,34.25,"SEV_BLACK",1937,4,1937-04-01
0.0717456787824631,-106.75,34.25,"SEV_BLUE",1937,4,1937-04-01
-0.14455758035183,-104.75,40.75,"SGS",1937,4,1937-04-01
0.0713367089629173,-104.75,41.25,"CHY",1937,5,1937-05-01
-0.492909699678421,-99.25,38.75,"HAYS",1937,5,1937-05-01
-0.24483197927475,-96.75,39.25,"KNZ",1937,5,1937-05-01
0.618065774440765,-106.75,34.25,"SEV_BLACK",1937,5,1937-05-01
0.618065774440765,-106.75,34.25,"SEV_BLUE",1937,5,1937-05-01
-0.227897047996521,-104.75,40.75,"SGS",1937,5,1937-05-01
0.0826002135872841,-104.75,41.25,"CHY",1937,6,1937-06-01
-0.49568584561348,-99.25,38.75,"HAYS",1937,6,1937-06-01
-0.679531455039978,-96.75,39.25,"KNZ",1937,6,1937-06-01
1.18473947048187,-106.75,34.25,"SEV_BLACK",1937,6,1937-06-01
1.18473947048187,-106.75,34.25,"SEV_BLUE",1937,6,1937-06-01
0.0593222603201866,-104.75,40.75,"SGS",1937,6,1937-06-01
-0.0280570033937693,-104.75,41.25,"CHY",1937,7,1937-07-01
-0.962783098220825,-99.25,38.75,"HAYS",1937,7,1937-07-01
-1.0525678396225,-96.75,39.25,"KNZ",1937,7,1937-07-01
0.733435809612274,-106.75,34.25,"SEV_BLACK",1937,7,1937-07-01
0.733435809612274,-106.75,34.25,"SEV_BLUE",1937,7,1937-07-01
-0.233282446861267,-104.75,40.75,"SGS",1937,7,1937-07-01
-0.305367588996887,-104.75,41.25,"CHY",1937,8,1937-08-01
-1.25632429122925,-99.25,38.75,"HAYS",1937,8,1937-08-01
-1.40901064872742,-96.75,39.25,"KNZ",1937,8,1937-08-01
-0.0810364708304405,-106.75,34.25,"SEV_BLACK",1937,8,1937-08-01
-0.0810364708304405,-106.75,34.25,"SEV_BLUE",1937,8,1937-08-01
-0.601659417152405,-104.75,40.75,"SGS",1937,8,1937-08-01
-0.768931210041046,-104.75,41.25,"CHY",1937,9,1937-09-01
-1.48080265522003,-99.25,38.75,"HAYS",1937,9,1937-09-01
-1.61128103733063,-96.75,39.25,"KNZ",1937,9,1937-09-01
-0.585052371025085,-106.75,34.25,"SEV_BLACK",1937,9,1937-09-01
-0.585052371025085,-106.75,34.25,"SEV_BLUE",1937,9,1937-09-01
-0.9195716381073,-104.75,40.75,"SGS",1937,9,1937-09-01
-0.842621147632599,-104.75,41.25,"CHY",1937,10,1937-10-01
-1.12612247467041,-99.25,38.75,"HAYS",1937,10,1937-10-01
-1.44984292984009,-96.75,39.25,"KNZ",1937,10,1937-10-01
-0.193262726068497,-106.75,34.25,"SEV_BLACK",1937,10,1937-10-01
-0.193262726068497,-106.75,34.25,"SEV_BLUE",1937,10,1937-10-01
-1.0087902545929,-104.75,40.75,"SGS",1937,10,1937-10-01
-0.47653990983963,-104.75,41.25,"CHY",1937,11,1937-11-01
-0.934298813343048,-99.25,38.75,"HAYS",1937,11,1937-11-01
-1.38764452934265,-96.75,39.25,"KNZ",1937,11,1937-11-01
-0.79430103302002,-106.75,34.25,"SEV_BLACK",1937,11,1937-11-01
-0.79430103302002,-106.75,34.25,"SEV_BLUE",1937,11,1937-11-01
-0.793056190013885,-104.75,40.75,"SGS",1937,11,1937-11-01
-0.417140036821365,-104.75,41.25,"CHY",1937,12,1937-12-01
-1.12534916400909,-99.25,38.75,"HAYS",1937,12,1937-12-01
-1.3117583990097,-96.75,39.25,"KNZ",1937,12,1937-12-01
-1.21643435955048,-106.75,34.25,"SEV_BLACK",1937,12,1937-12-01
-1.21643435955048,-106.75,34.25,"SEV_BLUE",1937,12,1937-12-01
-0.941223323345184,-104.75,40.75,"SGS",1937,12,1937-12-01
-0.71420818567276,-104.75,41.25,"CHY",1938,1,1938-01-01
-1.33885681629181,-99.25,38.75,"HAYS",1938,1,1938-01-01
-1.57368814945221,-96.75,39.25,"KNZ",1938,1,1938-01-01
-0.790494799613953,-106.75,34.25,"SEV_BLACK",1938,1,1938-01-01
-0.790494799613953,-106.75,34.25,"SEV_BLUE",1938,1,1938-01-01
-0.917408287525177,-104.75,40.75,"SGS",1938,1,1938-01-01
-0.482880592346191,-104.75,41.25,"CHY",1938,2,1938-02-01
-0.716948449611664,-99.25,38.75,"HAYS",1938,2,1938-02-01
-0.848505675792694,-96.75,39.25,"KNZ",1938,2,1938-02-01
-0.0309679377824068,-106.75,34.25,"SEV_BLACK",1938,2,1938-02-01
-0.0309679377824068,-106.75,34.25,"SEV_BLUE",1938,2,1938-02-01
-0.490222036838531,-104.75,40.75,"SGS",1938,2,1938-02-01
0.0191971212625504,-104.75,41.25,"CHY",1938,3,1938-03-01
-0.0854470357298851,-99.25,38.75,"HAYS",1938,3,1938-03-01
-0.417842149734497,-96.75,39.25,"KNZ",1938,3,1938-03-01
0.00370821193791926,-106.75,34.25,"SEV_BLACK",1938,3,1938-03-01
0.00370821193791926,-106.75,34.25,"SEV_BLUE",1938,3,1938-03-01
-0.0135225057601929,-104.75,40.75,"SGS",1938,3,1938-03-01
0.468368023633957,-104.75,41.25,"CHY",1938,4,1938-04-01
0.0843704715371132,-99.25,38.75,"HAYS",1938,4,1938-04-01
-0.528853595256805,-96.75,39.25,"KNZ",1938,4,1938-04-01
-0.192479893565178,-106.75,34.25,"SEV_BLACK",1938,4,1938-04-01
-0.192479893565178,-106.75,34.25,"SEV_BLUE",1938,4,1938-04-01
0.504747331142426,-104.75,40.75,"SGS",1938,4,1938-04-01
0.470697551965714,-104.75,41.25,"CHY",1938,5,1938-05-01
1.00880408287048,-99.25,38.75,"HAYS",1938,5,1938-05-01
0.907208323478699,-96.75,39.25,"KNZ",1938,5,1938-05-01
-0.133918687701225,-106.75,34.25,"SEV_BLACK",1938,5,1938-05-01
-0.133918687701225,-106.75,34.25,"SEV_BLUE",1938,5,1938-05-01
0.878343641757965,-104.75,40.75,"SGS",1938,5,1938-05-01
0.191984817385674,-104.75,41.25,"CHY",1938,6,1938-06-01
0.748880803585052,-99.25,38.75,"HAYS",1938,6,1938-06-01
0.700712263584137,-96.75,39.25,"KNZ",1938,6,1938-06-01
0.501843214035034,-106.75,34.25,"SEV_BLACK",1938,6,1938-06-01
0.501843214035034,-106.75,34.25,"SEV_BLUE",1938,6,1938-06-01
0.51157945394516,-104.75,40.75,"SGS",1938,6,1938-06-01
0.172082871198654,-104.75,41.25,"CHY",1938,7,1938-07-01
0.373496890068054,-99.25,38.75,"HAYS",1938,7,1938-07-01
0.586802303791046,-96.75,39.25,"KNZ",1938,7,1938-07-01
0.619682371616364,-106.75,34.25,"SEV_BLACK",1938,7,1938-07-01
0.619682371616364,-106.75,34.25,"SEV_BLUE",1938,7,1938-07-01
0.356507420539856,-104.75,40.75,"SGS",1938,7,1938-07-01
0.146710976958275,-104.75,41.25,"CHY",1938,8,1938-08-01
-0.245232149958611,-99.25,38.75,"HAYS",1938,8,1938-08-01
0.261123418807983,-96.75,39.25,"KNZ",1938,8,1938-08-01
-0.256267070770264,-106.75,34.25,"SEV_BLACK",1938,8,1938-08-01
-0.256267070770264,-106.75,34.25,"SEV_BLUE",1938,8,1938-08-01
0.303365707397461,-104.75,40.75,"SGS",1938,8,1938-08-01
0.6982781291008,-104.75,41.25,"CHY",1938,9,1938-09-01
-0.355578899383545,-99.25,38.75,"HAYS",1938,9,1938-09-01
-0.141146644949913,-96.75,39.25,"KNZ",1938,9,1938-09-01
0.633666634559631,-106.75,34.25,"SEV_BLACK",1938,9,1938-09-01
0.633666634559631,-106.75,34.25,"SEV_BLUE",1938,9,1938-09-01
0.806158900260925,-104.75,40.75,"SGS",1938,9,1938-09-01
0.30400162935257,-104.75,41.25,"CHY",1938,10,1938-10-01
-0.96362829208374,-99.25,38.75,"HAYS",1938,10,1938-10-01
-0.611484348773956,-96.75,39.25,"KNZ",1938,10,1938-10-01
0.429191261529922,-106.75,34.25,"SEV_BLACK",1938,10,1938-10-01
0.429191261529922,-106.75,34.25,"SEV_BLUE",1938,10,1938-10-01
0.435620933771133,-104.75,40.75,"SGS",1938,10,1938-10-01
0.27465283870697,-104.75,41.25,"CHY",1938,11,1938-11-01
-1.65094971656799,-99.25,38.75,"HAYS",1938,11,1938-11-01
-1.33020651340485,-96.75,39.25,"KNZ",1938,11,1938-11-01
0.563118278980255,-106.75,34.25,"SEV_BLACK",1938,11,1938-11-01
0.563118278980255,-106.75,34.25,"SEV_BLUE",1938,11,1938-11-01
0.188635021448135,-104.75,40.75,"SGS",1938,11,1938-11-01
0.451768666505814,-104.75,41.25,"CHY",1938,12,1938-12-01
-2.01097989082336,-99.25,38.75,"HAYS",1938,12,1938-12-01
-1.65640139579773,-96.75,39.25,"KNZ",1938,12,1938-12-01
-0.00746847270056605,-106.75,34.25,"SEV_BLACK",1938,12,1938-12-01
-0.00746847270056605,-106.75,34.25,"SEV_BLUE",1938,12,1938-12-01
0.337105363607407,-104.75,40.75,"SGS",1938,12,1938-12-01
0.520714163780212,-104.75,41.25,"CHY",1939,1,1939-01-01
-2.32891964912415,-99.25,38.75,"HAYS",1939,1,1939-01-01
-2.13498497009277,-96.75,39.25,"KNZ",1939,1,1939-01-01
0.0536574833095074,-106.75,34.25,"SEV_BLACK",1939,1,1939-01-01
0.0536574833095074,-106.75,34.25,"SEV_BLUE",1939,1,1939-01-01
0.672582626342773,-104.75,40.75,"SGS",1939,1,1939-01-01
0.988853096961975,-104.75,41.25,"CHY",1939,2,1939-02-01
-1.70437693595886,-99.25,38.75,"HAYS",1939,2,1939-02-01
-2.08079814910889,-96.75,39.25,"KNZ",1939,2,1939-02-01
0.94458681344986,-106.75,34.25,"SEV_BLACK",1939,2,1939-02-01
0.94458681344986,-106.75,34.25,"SEV_BLUE",1939,2,1939-02-01
1.1371659040451,-104.75,40.75,"SGS",1939,2,1939-02-01
0.0191972441971302,-104.75,41.25,"CHY",1939,3,1939-03-01
-1.26543056964874,-99.25,38.75,"HAYS",1939,3,1939-03-01
-1.53426849842072,-96.75,39.25,"KNZ",1939,3,1939-03-01
0.188461273908615,-106.75,34.25,"SEV_BLACK",1939,3,1939-03-01
0.188461273908615,-106.75,34.25,"SEV_BLUE",1939,3,1939-03-01
0.282605201005936,-104.75,40.75,"SGS",1939,3,1939-03-01
0.0696083307266235,-104.75,41.25,"CHY",1939,4,1939-04-01
-0.584168076515198,-99.25,38.75,"HAYS",1939,4,1939-04-01
-0.204882904887199,-96.75,39.25,"KNZ",1939,4,1939-04-01
0.499046504497528,-106.75,34.25,"SEV_BLACK",1939,4,1939-04-01
0.499046504497528,-106.75,34.25,"SEV_BLUE",1939,4,1939-04-01
0.325260668992996,-104.75,40.75,"SGS",1939,4,1939-04-01
-1.03061366081238,-104.75,41.25,"CHY",1939,5,1939-05-01
-1.52845680713654,-99.25,38.75,"HAYS",1939,5,1939-05-01
-1.24451637268066,-96.75,39.25,"KNZ",1939,5,1939-05-01
0.173631548881531,-106.75,34.25,"SEV_BLACK",1939,5,1939-05-01
0.173631548881531,-106.75,34.25,"SEV_BLUE",1939,5,1939-05-01
-0.791255474090576,-104.75,40.75,"SGS",1939,5,1939-05-01
-1.29247581958771,-104.75,41.25,"CHY",1939,6,1939-06-01
-1.02708542346954,-99.25,38.75,"HAYS",1939,6,1939-06-01
-0.477188110351562,-96.75,39.25,"KNZ",1939,6,1939-06-01
-0.0846909135580063,-106.75,34.25,"SEV_BLACK",1939,6,1939-06-01
-0.0846909135580063,-106.75,34.25,"SEV_BLUE",1939,6,1939-06-01
-1.20925557613373,-104.75,40.75,"SGS",1939,6,1939-06-01
-1.71309840679169,-104.75,41.25,"CHY",1939,7,1939-07-01
-1.40790820121765,-99.25,38.75,"HAYS",1939,7,1939-07-01
-0.852942824363708,-96.75,39.25,"KNZ",1939,7,1939-07-01
-0.379526913166046,-106.75,34.25,"SEV_BLACK",1939,7,1939-07-01
-0.379526913166046,-106.75,34.25,"SEV_BLUE",1939,7,1939-07-01
-1.71560883522034,-104.75,40.75,"SGS",1939,7,1939-07-01
-1.84914028644562,-104.75,41.25,"CHY",1939,8,1939-08-01
-1.46450483798981,-99.25,38.75,"HAYS",1939,8,1939-08-01
-0.74674379825592,-96.75,39.25,"KNZ",1939,8,1939-08-01
-0.740448594093323,-106.75,34.25,"SEV_BLACK",1939,8,1939-08-01
-0.740448594093323,-106.75,34.25,"SEV_BLUE",1939,8,1939-08-01
-1.93484771251678,-104.75,40.75,"SGS",1939,8,1939-08-01
-1.95661604404449,-104.75,41.25,"CHY",1939,9,1939-09-01
-1.89454662799835,-99.25,38.75,"HAYS",1939,9,1939-09-01
-1.28650522232056,-96.75,39.25,"KNZ",1939,9,1939-09-01
-0.490797698497772,-106.75,34.25,"SEV_BLACK",1939,9,1939-09-01
-0.490797698497772,-106.75,34.25,"SEV_BLUE",1939,9,1939-09-01
-2.13221883773804,-104.75,40.75,"SGS",1939,9,1939-09-01
-2.0572943687439,-104.75,41.25,"CHY",1939,10,1939-10-01
-1.93513977527618,-99.25,38.75,"HAYS",1939,10,1939-10-01
-1.47064125537872,-96.75,39.25,"KNZ",1939,10,1939-10-01
-0.476053714752197,-106.75,34.25,"SEV_BLACK",1939,10,1939-10-01
-0.476053714752197,-106.75,34.25,"SEV_BLUE",1939,10,1939-10-01
-2.2427122592926,-104.75,40.75,"SGS",1939,10,1939-10-01
-2.02390432357788,-104.75,41.25,"CHY",1939,11,1939-11-01
-1.70920848846436,-99.25,38.75,"HAYS",1939,11,1939-11-01
-1.31820642948151,-96.75,39.25,"KNZ",1939,11,1939-11-01
-0.074934333562851,-106.75,34.25,"SEV_BLACK",1939,11,1939-11-01
-0.074934333562851,-106.75,34.25,"SEV_BLUE",1939,11,1939-11-01
-2.22388601303101,-104.75,40.75,"SGS",1939,11,1939-11-01
-2.38328218460083,-104.75,41.25,"CHY",1939,12,1939-12-01
-2.00736165046692,-99.25,38.75,"HAYS",1939,12,1939-12-01
-1.85206377506256,-96.75,39.25,"KNZ",1939,12,1939-12-01
-0.0543639287352562,-106.75,34.25,"SEV_BLACK",1939,12,1939-12-01
-0.0543639287352562,-106.75,34.25,"SEV_BLUE",1939,12,1939-12-01
-2.49647879600525,-104.75,40.75,"SGS",1939,12,1939-12-01
-1.51153004169464,-104.75,41.25,"CHY",1940,1,1940-01-01
-1.61122286319733,-99.25,38.75,"HAYS",1940,1,1940-01-01
-1.48332870006561,-96.75,39.25,"KNZ",1940,1,1940-01-01
-0.214378386735916,-106.75,34.25,"SEV_BLACK",1940,1,1940-01-01
-0.214378386735916,-106.75,34.25,"SEV_BLUE",1940,1,1940-01-01
-1.87184381484985,-104.75,40.75,"SGS",1940,1,1940-01-01
-1.16529989242554,-104.75,41.25,"CHY",1940,2,1940-02-01
-1.66917431354523,-99.25,38.75,"HAYS",1940,2,1940-02-01
-1.72522282600403,-96.75,39.25,"KNZ",1940,2,1940-02-01
0.299978256225586,-106.75,34.25,"SEV_BLACK",1940,2,1940-02-01
0.299978256225586,-106.75,34.25,"SEV_BLUE",1940,2,1940-02-01
-1.42659664154053,-104.75,40.75,"SGS",1940,2,1940-02-01
-1.10708403587341,-104.75,41.25,"CHY",1940,3,1940-03-01
-0.895525515079498,-99.25,38.75,"HAYS",1940,3,1940-03-01
-0.877228796482086,-96.75,39.25,"KNZ",1940,3,1940-03-01
-0.226692140102386,-106.75,34.25,"SEV_BLACK",1940,3,1940-03-01
-0.226692140102386,-106.75,34.25,"SEV_BLUE",1940,3,1940-03-01
-0.995065927505493,-104.75,40.75,"SGS",1940,3,1940-03-01
-0.537324607372284,-104.75,41.25,"CHY",1940,4,1940-04-01
-0.269494324922562,-99.25,38.75,"HAYS",1940,4,1940-04-01
-0.232715278863907,-96.75,39.25,"KNZ",1940,4,1940-04-01
-0.22966280579567,-106.75,34.25,"SEV_BLACK",1940,4,1940-04-01
-0.22966280579567,-106.75,34.25,"SEV_BLUE",1940,4,1940-04-01
-0.617810368537903,-104.75,40.75,"SGS",1940,4,1940-04-01
-0.963216722011566,-104.75,41.25,"CHY",1940,5,1940-05-01
-0.0877809002995491,-99.25,38.75,"HAYS",1940,5,1940-05-01
-0.618479251861572,-96.75,39.25,"KNZ",1940,5,1940-05-01
0.122863665223122,-106.75,34.25,"SEV_BLACK",1940,5,1940-05-01
0.122863665223122,-106.75,34.25,"SEV_BLUE",1940,5,1940-05-01
-0.837408363819122,-104.75,40.75,"SGS",1940,5,1940-05-01
-1.19205451011658,-104.75,41.25,"CHY",1940,6,1940-06-01
-0.647807419300079,-99.25,38.75,"HAYS",1940,6,1940-06-01
-0.924287557601929,-96.75,39.25,"KNZ",1940,6,1940-06-01
0.68915992975235,-106.75,34.25,"SEV_BLACK",1940,6,1940-06-01
0.68915992975235,-106.75,34.25,"SEV_BLUE",1940,6,1940-06-01
-1.13952028751373,-104.75,40.75,"SGS",1940,6,1940-06-01
-1.43333268165588,-104.75,41.25,"CHY",1940,7,1940-07-01
-1.18087208271027,-99.25,38.75,"HAYS",1940,7,1940-07-01
-1.49878633022308,-96.75,39.25,"KNZ",1940,7,1940-07-01
0.35311758518219,-106.75,34.25,"SEV_BLACK",1940,7,1940-07-01
0.35311758518219,-106.75,34.25,"SEV_BLUE",1940,7,1940-07-01
-1.38625192642212,-104.75,40.75,"SGS",1940,7,1940-07-01
-1.53992331027985,-104.75,41.25,"CHY",1940,8,1940-08-01
-1.10228335857391,-99.25,38.75,"HAYS",1940,8,1940-08-01
-1.17368137836456,-96.75,39.25,"KNZ",1940,8,1940-08-01
-0.015739731490612,-106.75,34.25,"SEV_BLACK",1940,8,1940-08-01
-0.015739731490612,-106.75,34.25,"SEV_BLUE",1940,8,1940-08-01
-1.53504312038422,-104.75,40.75,"SGS",1940,8,1940-08-01
-1.04438233375549,-104.75,41.25,"CHY",1940,9,1940-09-01
-0.909667134284973,-99.25,38.75,"HAYS",1940,9,1940-09-01
-1.36758637428284,-96.75,39.25,"KNZ",1940,9,1940-09-01
0.222382307052612,-106.75,34.25,"SEV_BLACK",1940,9,1940-09-01
0.222382307052612,-106.75,34.25,"SEV_BLUE",1940,9,1940-09-01
-1.03896462917328,-104.75,40.75,"SGS",1940,9,1940-09-01
-1.33475291728973,-104.75,41.25,"CHY",1940,10,1940-10-01
-1.10320389270782,-99.25,38.75,"HAYS",1940,10,1940-10-01
-1.51622748374939,-96.75,39.25,"KNZ",1940,10,1940-10-01
-0.154032126069069,-106.75,34.25,"SEV_BLACK",1940,10,1940-10-01
-0.154032126069069,-106.75,34.25,"SEV_BLUE",1940,10,1940-10-01
-1.30072116851807,-104.75,40.75,"SGS",1940,10,1940-10-01
-0.738213121891022,-104.75,41.25,"CHY",1940,11,1940-11-01
-0.850726246833801,-99.25,38.75,"HAYS",1940,11,1940-11-01
-1.19236660003662,-96.75,39.25,"KNZ",1940,11,1940-11-01
-0.187404364347458,-106.75,34.25,"SEV_BLACK",1940,11,1940-11-01
-0.187404364347458,-106.75,34.25,"SEV_BLUE",1940,11,1940-11-01
-0.787089228630066,-104.75,40.75,"SGS",1940,11,1940-11-01
-0.273827403783798,-104.75,41.25,"CHY",1940,12,1940-12-01
-0.462264269590378,-99.25,38.75,"HAYS",1940,12,1940-12-01
-0.836321175098419,-96.75,39.25,"KNZ",1940,12,1940-12-01
-0.532636225223541,-106.75,34.25,"SEV_BLACK",1940,12,1940-12-01
-0.532636225223541,-106.75,34.25,"SEV_BLUE",1940,12,1940-12-01
-0.117968432605267,-104.75,40.75,"SGS",1940,12,1940-12-01
-0.238198533654213,-104.75,41.25,"CHY",1941,1,1941-01-01
0.368177980184555,-99.25,38.75,"HAYS",1941,1,1941-01-01
0.345808029174805,-96.75,39.25,"KNZ",1941,1,1941-01-01
0.0986308157444,-106.75,34.25,"SEV_BLACK",1941,1,1941-01-01
0.0986308157444,-106.75,34.25,"SEV_BLUE",1941,1,1941-01-01
0.0756996795535088,-104.75,40.75,"SGS",1941,1,1941-01-01
-0.0643516778945923,-104.75,41.25,"CHY",1941,2,1941-02-01
0.574569225311279,-99.25,38.75,"HAYS",1941,2,1941-02-01
-0.322384238243103,-96.75,39.25,"KNZ",1941,2,1941-02-01
0.328910648822784,-106.75,34.25,"SEV_BLACK",1941,2,1941-02-01
0.328910648822784,-106.75,34.25,"SEV_BLUE",1941,2,1941-02-01
0.352670580148697,-104.75,40.75,"SGS",1941,2,1941-02-01
-0.796567738056183,-104.75,41.25,"CHY",1941,3,1941-03-01
0.446013242006302,-99.25,38.75,"HAYS",1941,3,1941-03-01
0.266564458608627,-96.75,39.25,"KNZ",1941,3,1941-03-01
0.817759871482849,-106.75,34.25,"SEV_BLACK",1941,3,1941-03-01
0.817759871482849,-106.75,34.25,"SEV_BLUE",1941,3,1941-03-01
-0.477558612823486,-104.75,40.75,"SGS",1941,3,1941-03-01
0.452236592769623,-104.75,41.25,"CHY",1941,4,1941-04-01
1.31740128993988,-99.25,38.75,"HAYS",1941,4,1941-04-01
0.604210257530212,-96.75,39.25,"KNZ",1941,4,1941-04-01
1.76542592048645,-106.75,34.25,"SEV_BLACK",1941,4,1941-04-01
1.76542592048645,-106.75,34.25,"SEV_BLUE",1941,4,1941-04-01
0.778862714767456,-104.75,40.75,"SGS",1941,4,1941-04-01
-0.458233892917633,-104.75,41.25,"CHY",1941,5,1941-05-01
1.00963366031647,-99.25,38.75,"HAYS",1941,5,1941-05-01
-0.310287266969681,-96.75,39.25,"KNZ",1941,5,1941-05-01
2.01731538772583,-106.75,34.25,"SEV_BLACK",1941,5,1941-05-01
2.01731538772583,-106.75,34.25,"SEV_BLUE",1941,5,1941-05-01
0.124189220368862,-104.75,40.75,"SGS",1941,5,1941-05-01
0.704832017421722,-104.75,41.25,"CHY",1941,6,1941-06-01
1.57437324523926,-99.25,38.75,"HAYS",1941,6,1941-06-01
0.1053376942873,-96.75,39.25,"KNZ",1941,6,1941-06-01
2.40126800537109,-106.75,34.25,"SEV_BLACK",1941,6,1941-06-01
2.40126800537109,-106.75,34.25,"SEV_BLUE",1941,6,1941-06-01
0.685437202453613,-104.75,40.75,"SGS",1941,6,1941-06-01
0.61785876750946,-104.75,41.25,"CHY",1941,7,1941-07-01
1.19611692428589,-99.25,38.75,"HAYS",1941,7,1941-07-01
-0.576010704040527,-96.75,39.25,"KNZ",1941,7,1941-07-01
2.33576893806458,-106.75,34.25,"SEV_BLACK",1941,7,1941-07-01
2.33576893806458,-106.75,34.25,"SEV_BLUE",1941,7,1941-07-01
0.685194432735443,-104.75,40.75,"SGS",1941,7,1941-07-01
1.01570224761963,-104.75,41.25,"CHY",1941,8,1941-08-01
0.922162652015686,-99.25,38.75,"HAYS",1941,8,1941-08-01
-0.483747988939285,-96.75,39.25,"KNZ",1941,8,1941-08-01
2.42351198196411,-106.75,34.25,"SEV_BLACK",1941,8,1941-08-01
2.42351198196411,-106.75,34.25,"SEV_BLUE",1941,8,1941-08-01
1.02816617488861,-104.75,40.75,"SGS",1941,8,1941-08-01
1.0806804895401,-104.75,41.25,"CHY",1941,9,1941-09-01
1.29248058795929,-99.25,38.75,"HAYS",1941,9,1941-09-01
-0.0116123463958502,-96.75,39.25,"KNZ",1941,9,1941-09-01
2.74729990959167,-106.75,34.25,"SEV_BLACK",1941,9,1941-09-01
2.74729990959167,-106.75,34.25,"SEV_BLUE",1941,9,1941-09-01
1.1397750377655,-104.75,40.75,"SGS",1941,9,1941-09-01
0.953768670558929,-104.75,41.25,"CHY",1941,10,1941-10-01
1.32463562488556,-99.25,38.75,"HAYS",1941,10,1941-10-01
0.899619281291962,-96.75,39.25,"KNZ",1941,10,1941-10-01
2.55673122406006,-106.75,34.25,"SEV_BLACK",1941,10,1941-10-01
2.55673122406006,-106.75,34.25,"SEV_BLUE",1941,10,1941-10-01
1.09224414825439,-104.75,40.75,"SGS",1941,10,1941-10-01
1.44168961048126,-104.75,41.25,"CHY",1941,11,1941-11-01
1.27094161510468,-99.25,38.75,"HAYS",1941,11,1941-11-01
1.13164687156677,-96.75,39.25,"KNZ",1941,11,1941-11-01
2.20700740814209,-106.75,34.25,"SEV_BLACK",1941,11,1941-11-01
2.20700740814209,-106.75,34.25,"SEV_BLUE",1941,11,1941-11-01
1.36741149425507,-104.75,40.75,"SGS",1941,11,1941-11-01
0.886391162872314,-104.75,41.25,"CHY",1941,12,1941-12-01
0.717209100723267,-99.25,38.75,"HAYS",1941,12,1941-12-01
1.05334758758545,-96.75,39.25,"KNZ",1941,12,1941-12-01
1.90505158901215,-106.75,34.25,"SEV_BLACK",1941,12,1941-12-01
1.90505158901215,-106.75,34.25,"SEV_BLUE",1941,12,1941-12-01
1.12406277656555,-104.75,40.75,"SGS",1941,12,1941-12-01
1.22235321998596,-104.75,41.25,"CHY",1942,1,1942-01-01
0.937276124954224,-99.25,38.75,"HAYS",1942,1,1942-01-01
1.60254848003387,-96.75,39.25,"KNZ",1942,1,1942-01-01
1.74179399013519,-106.75,34.25,"SEV_BLACK",1942,1,1942-01-01
1.74179399013519,-106.75,34.25,"SEV_BLUE",1942,1,1942-01-01
1.40356004238129,-104.75,40.75,"SGS",1942,1,1942-01-01
1.12459135055542,-104.75,41.25,"CHY",1942,2,1942-02-01
1.31509625911713,-99.25,38.75,"HAYS",1942,2,1942-02-01
1.73878931999207,-96.75,39.25,"KNZ",1942,2,1942-02-01
1.75240433216095,-106.75,34.25,"SEV_BLACK",1942,2,1942-02-01
1.75240433216095,-106.75,34.25,"SEV_BLUE",1942,2,1942-02-01
1.46760749816895,-104.75,40.75,"SGS",1942,2,1942-02-01
0.854918599128723,-104.75,41.25,"CHY",1942,3,1942-03-01
0.715278923511505,-99.25,38.75,"HAYS",1942,3,1942-03-01
1.42968606948853,-96.75,39.25,"KNZ",1942,3,1942-03-01
0.965744614601135,-106.75,34.25,"SEV_BLACK",1942,3,1942-03-01
0.965744614601135,-106.75,34.25,"SEV_BLUE",1942,3,1942-03-01
1.06282770633698,-104.75,40.75,"SGS",1942,3,1942-03-01
1.32646322250366,-104.75,41.25,"CHY",1942,4,1942-04-01
0.770146727561951,-99.25,38.75,"HAYS",1942,4,1942-04-01
-0.503011882305145,-96.75,39.25,"KNZ",1942,4,1942-04-01
0.775214314460754,-106.75,34.25,"SEV_BLACK",1942,4,1942-04-01
0.775214314460754,-106.75,34.25,"SEV_BLUE",1942,4,1942-04-01
1.37395560741425,-104.75,40.75,"SGS",1942,4,1942-04-01
1.39578330516815,-104.75,41.25,"CHY",1942,5,1942-05-01
0.408833622932434,-99.25,38.75,"HAYS",1942,5,1942-05-01
0.0116881411522627,-96.75,39.25,"KNZ",1942,5,1942-05-01
0.505896747112274,-106.75,34.25,"SEV_BLACK",1942,5,1942-05-01
0.505896747112274,-106.75,34.25,"SEV_BLUE",1942,5,1942-05-01
1.35752189159393,-104.75,40.75,"SGS",1942,5,1942-05-01
1.58076727390289,-104.75,41.25,"CHY",1942,6,1942-06-01
0.888605773448944,-99.25,38.75,"HAYS",1942,6,1942-06-01
0.503046572208405,-96.75,39.25,"KNZ",1942,6,1942-06-01
0.216026932001114,-106.75,34.25,"SEV_BLACK",1942,6,1942-06-01
0.216026932001114,-106.75,34.25,"SEV_BLUE",1942,6,1942-06-01
1.60836887359619,-104.75,40.75,"SGS",1942,6,1942-06-01
1.11969637870789,-104.75,41.25,"CHY",1942,7,1942-07-01
0.454724371433258,-99.25,38.75,"HAYS",1942,7,1942-07-01
0.12776455283165,-96.75,39.25,"KNZ",1942,7,1942-07-01
-0.16059972345829,-106.75,34.25,"SEV_BLACK",1942,7,1942-07-01
-0.16059972345829,-106.75,34.25,"SEV_BLUE",1942,7,1942-07-01
1.01379239559174,-104.75,40.75,"SGS",1942,7,1942-07-01
0.805541515350342,-104.75,41.25,"CHY",1942,8,1942-08-01
0.787666797637939,-99.25,38.75,"HAYS",1942,8,1942-08-01
0.36584398150444,-96.75,39.25,"KNZ",1942,8,1942-08-01
0.15246219933033,-106.75,34.25,"SEV_BLACK",1942,8,1942-08-01
0.15246219933033,-106.75,34.25,"SEV_BLUE",1942,8,1942-08-01
0.688360393047333,-104.75,40.75,"SGS",1942,8,1942-08-01
0.84496808052063,-104.75,41.25,"CHY",1942,9,1942-09-01
0.954565942287445,-99.25,38.75,"HAYS",1942,9,1942-09-01
0.928748190402985,-96.75,39.25,"KNZ",1942,9,1942-09-01
0.214154228568077,-106.75,34.25,"SEV_BLACK",1942,9,1942-09-01
0.214154228568077,-106.75,34.25,"SEV_BLUE",1942,9,1942-09-01
0.762998878955841,-104.75,40.75,"SGS",1942,9,1942-09-01
0.68237042427063,-104.75,41.25,"CHY",1942,10,1942-10-01
0.64048707485199,-99.25,38.75,"HAYS",1942,10,1942-10-01
1.02674496173859,-96.75,39.25,"KNZ",1942,10,1942-10-01
-0.312401086091995,-106.75,34.25,"SEV_BLACK",1942,10,1942-10-01
-0.312401086091995,-106.75,34.25,"SEV_BLUE",1942,10,1942-10-01
0.701496303081512,-104.75,40.75,"SGS",1942,10,1942-10-01
0.875917136669159,-104.75,41.25,"CHY",1942,11,1942-11-01
0.899991750717163,-99.25,38.75,"HAYS",1942,11,1942-11-01
0.975955724716187,-96.75,39.25,"KNZ",1942,11,1942-11-01
-0.44218909740448,-106.75,34.25,"SEV_BLACK",1942,11,1942-11-01
-0.44218909740448,-106.75,34.25,"SEV_BLUE",1942,11,1942-11-01
0.862517058849335,-104.75,40.75,"SGS",1942,11,1942-11-01
0.454664289951324,-104.75,41.25,"CHY",1942,12,1942-12-01
0.732332110404968,-99.25,38.75,"HAYS",1942,12,1942-12-01
0.90152245759964,-96.75,39.25,"KNZ",1942,12,1942-12-01
-0.143746674060822,-106.75,34.25,"SEV_BLACK",1942,12,1942-12-01
-0.143746674060822,-106.75,34.25,"SEV_BLUE",1942,12,1942-12-01
0.301859855651855,-104.75,40.75,"SGS",1942,12,1942-12-01
0.742078542709351,-104.75,41.25,"CHY",1943,1,1943-01-01
1.28174555301666,-99.25,38.75,"HAYS",1943,1,1943-01-01
1.44869863986969,-96.75,39.25,"KNZ",1943,1,1943-01-01
0.151750028133392,-106.75,34.25,"SEV_BLACK",1943,1,1943-01-01
0.151750028133392,-106.75,34.25,"SEV_BLUE",1943,1,1943-01-01
0.743488430976868,-104.75,40.75,"SGS",1943,1,1943-01-01
0.590421795845032,-104.75,41.25,"CHY",1943,2,1943-02-01
0.329129606485367,-99.25,38.75,"HAYS",1943,2,1943-02-01
0.999065160751343,-96.75,39.25,"KNZ",1943,2,1943-02-01
-0.687706351280212,-106.75,34.25,"SEV_BLACK",1943,2,1943-02-01
-0.687706351280212,-106.75,34.25,"SEV_BLUE",1943,2,1943-02-01
0.423859238624573,-104.75,40.75,"SGS",1943,2,1943-02-01
0.555765807628632,-104.75,41.25,"CHY",1943,3,1943-03-01
-0.327643305063248,-99.25,38.75,"HAYS",1943,3,1943-03-01
-0.292253136634827,-96.75,39.25,"KNZ",1943,3,1943-03-01
-1.08255469799042,-106.75,34.25,"SEV_BLACK",1943,3,1943-03-01
-1.08255469799042,-106.75,34.25,"SEV_BLUE",1943,3,1943-03-01
0.226268365979195,-104.75,40.75,"SGS",1943,3,1943-03-01
-0.588401794433594,-104.75,41.25,"CHY",1943,4,1943-04-01
-0.785264074802399,-99.25,38.75,"HAYS",1943,4,1943-04-01
-0.778840899467468,-96.75,39.25,"KNZ",1943,4,1943-04-01
-1.7174961566925,-106.75,34.25,"SEV_BLACK",1943,4,1943-04-01
-1.7174961566925,-106.75,34.25,"SEV_BLUE",1943,4,1943-04-01
-1.108029961586,-104.75,40.75,"SGS",1943,4,1943-04-01
-0.191295236349106,-104.75,41.25,"CHY",1943,5,1943-05-01
-0.670875012874603,-99.25,38.75,"HAYS",1943,5,1943-05-01
-0.229842633008957,-96.75,39.25,"KNZ",1943,5,1943-05-01
-1.49154043197632,-106.75,34.25,"SEV_BLACK",1943,5,1943-05-01
-1.49154043197632,-106.75,34.25,"SEV_BLUE",1943,5,1943-05-01
-0.311208754777908,-104.75,40.75,"SGS",1943,5,1943-05-01
0.0325004421174526,-104.75,41.25,"CHY",1943,6,1943-06-01
-1.11631071567535,-99.25,38.75,"HAYS",1943,6,1943-06-01
0.67374986410141,-96.75,39.25,"KNZ",1943,6,1943-06-01
-1.08423984050751,-106.75,34.25,"SEV_BLACK",1943,6,1943-06-01
-1.08423984050751,-106.75,34.25,"SEV_BLUE",1943,6,1943-06-01
-0.143321678042412,-104.75,40.75,"SGS",1943,6,1943-06-01
-0.112687796354294,-104.75,41.25,"CHY",1943,7,1943-07-01
-0.890982329845428,-99.25,38.75,"HAYS",1943,7,1943-07-01
0.554348587989807,-96.75,39.25,"KNZ",1943,7,1943-07-01
-1.18082010746002,-106.75,34.25,"SEV_BLACK",1943,7,1943-07-01
-1.18082010746002,-106.75,34.25,"SEV_BLUE",1943,7,1943-07-01
-0.31379896402359,-104.75,40.75,"SGS",1943,7,1943-07-01
-0.220778331160545,-104.75,41.25,"CHY",1943,8,1943-08-01
-0.927665710449219,-99.25,38.75,"HAYS",1943,8,1943-08-01
0.231237038969994,-96.75,39.25,"KNZ",1943,8,1943-08-01
-1.17852568626404,-106.75,34.25,"SEV_BLACK",1943,8,1943-08-01
-1.17852568626404,-106.75,34.25,"SEV_BLUE",1943,8,1943-08-01
-0.197905480861664,-104.75,40.75,"SGS",1943,8,1943-08-01
-0.637178957462311,-104.75,41.25,"CHY",1943,9,1943-09-01
-0.903285145759583,-99.25,38.75,"HAYS",1943,9,1943-09-01
0.347104579210281,-96.75,39.25,"KNZ",1943,9,1943-09-01
-1.20541632175446,-106.75,34.25,"SEV_BLACK",1943,9,1943-09-01
-1.20541632175446,-106.75,34.25,"SEV_BLUE",1943,9,1943-09-01
-0.537015855312347,-104.75,40.75,"SGS",1943,9,1943-09-01
-0.601887345314026,-104.75,41.25,"CHY",1943,10,1943-10-01
-0.920111000537872,-99.25,38.75,"HAYS",1943,10,1943-10-01
0.411015450954437,-96.75,39.25,"KNZ",1943,10,1943-10-01
-0.983271181583405,-106.75,34.25,"SEV_BLACK",1943,10,1943-10-01
-0.983271181583405,-106.75,34.25,"SEV_BLUE",1943,10,1943-10-01
-0.562351942062378,-104.75,40.75,"SGS",1943,10,1943-10-01
-1.33913612365723,-104.75,41.25,"CHY",1943,11,1943-11-01
-1.07700049877167,-99.25,38.75,"HAYS",1943,11,1943-11-01
0.126699879765511,-96.75,39.25,"KNZ",1943,11,1943-11-01
-0.952898681163788,-106.75,34.25,"SEV_BLACK",1943,11,1943-11-01
-0.952898681163788,-106.75,34.25,"SEV_BLUE",1943,11,1943-11-01
-1.38323414325714,-104.75,40.75,"SGS",1943,11,1943-11-01
-1.89820945262909,-104.75,41.25,"CHY",1943,12,1943-12-01
-0.974030196666718,-99.25,38.75,"HAYS",1943,12,1943-12-01
-0.808571100234985,-96.75,39.25,"KNZ",1943,12,1943-12-01
-0.815137147903442,-106.75,34.25,"SEV_BLACK",1943,12,1943-12-01
-0.815137147903442,-106.75,34.25,"SEV_BLUE",1943,12,1943-12-01
-1.78542351722717,-104.75,40.75,"SGS",1943,12,1943-12-01
-1.81757140159607,-104.75,41.25,"CHY",1944,1,1944-01-01
-1.10933136940002,-99.25,38.75,"HAYS",1944,1,1944-01-01
-1.04668939113617,-96.75,39.25,"KNZ",1944,1,1944-01-01
-0.403309464454651,-106.75,34.25,"SEV_BLACK",1944,1,1944-01-01
-0.403309464454651,-106.75,34.25,"SEV_BLUE",1944,1,1944-01-01
-1.67600750923157,-104.75,40.75,"SGS",1944,1,1944-01-01
-1.38961482048035,-104.75,41.25,"CHY",1944,2,1944-02-01
-0.354596257209778,-99.25,38.75,"HAYS",1944,2,1944-02-01
-0.407581329345703,-96.75,39.25,"KNZ",1944,2,1944-02-01
-0.0788272470235825,-106.75,34.25,"SEV_BLACK",1944,2,1944-02-01
-0.0788272470235825,-106.75,34.25,"SEV_BLUE",1944,2,1944-02-01
-1.49876356124878,-104.75,40.75,"SGS",1944,2,1944-02-01
0.0919303521513939,-104.75,41.25,"CHY",1944,3,1944-03-01
0.523383438587189,-99.25,38.75,"HAYS",1944,3,1944-03-01
0.529330313205719,-96.75,39.25,"KNZ",1944,3,1944-03-01
0.269040882587433,-106.75,34.25,"SEV_BLACK",1944,3,1944-03-01
0.269040882587433,-106.75,34.25,"SEV_BLUE",1944,3,1944-03-01
-0.00393624231219292,-104.75,40.75,"SGS",1944,3,1944-03-01
0.98995053768158,-104.75,41.25,"CHY",1944,4,1944-04-01
1.75094592571259,-99.25,38.75,"HAYS",1944,4,1944-04-01
1.91404438018799,-96.75,39.25,"KNZ",1944,4,1944-04-01
0.749409794807434,-106.75,34.25,"SEV_BLACK",1944,4,1944-04-01
0.749409794807434,-106.75,34.25,"SEV_BLUE",1944,4,1944-04-01
1.27155482769012,-104.75,40.75,"SGS",1944,4,1944-04-01
0.530756533145905,-104.75,41.25,"CHY",1944,5,1944-05-01
1.78579986095428,-99.25,38.75,"HAYS",1944,5,1944-05-01
1.65903127193451,-96.75,39.25,"KNZ",1944,5,1944-05-01
0.883030354976654,-106.75,34.25,"SEV_BLACK",1944,5,1944-05-01
0.883030354976654,-106.75,34.25,"SEV_BLUE",1944,5,1944-05-01
0.941858768463135,-104.75,40.75,"SGS",1944,5,1944-05-01
0.645620167255402,-104.75,41.25,"CHY",1944,6,1944-06-01
1.27044367790222,-99.25,38.75,"HAYS",1944,6,1944-06-01
1.24677419662476,-96.75,39.25,"KNZ",1944,6,1944-06-01
0.120384953916073,-106.75,34.25,"SEV_BLACK",1944,6,1944-06-01
0.120384953916073,-106.75,34.25,"SEV_BLUE",1944,6,1944-06-01
0.888450562953949,-104.75,40.75,"SGS",1944,6,1944-06-01
0.900900781154633,-104.75,41.25,"CHY",1944,7,1944-07-01
1.63272857666016,-99.25,38.75,"HAYS",1944,7,1944-07-01
1.17031502723694,-96.75,39.25,"KNZ",1944,7,1944-07-01
-0.0144184557721019,-106.75,34.25,"SEV_BLACK",1944,7,1944-07-01
-0.0144184557721019,-106.75,34.25,"SEV_BLUE",1944,7,1944-07-01
1.06154191493988,-104.75,40.75,"SGS",1944,7,1944-07-01
0.273175060749054,-104.75,41.25,"CHY",1944,8,1944-08-01
1.58574116230011,-99.25,38.75,"HAYS",1944,8,1944-08-01
1.57473337650299,-96.75,39.25,"KNZ",1944,8,1944-08-01
0.0212262291461229,-106.75,34.25,"SEV_BLACK",1944,8,1944-08-01
0.0212262291461229,-106.75,34.25,"SEV_BLUE",1944,8,1944-08-01
0.511253297328949,-104.75,40.75,"SGS",1944,8,1944-08-01
-0.467439770698547,-104.75,41.25,"CHY",1944,9,1944-09-01
1.1647846698761,-99.25,38.75,"HAYS",1944,9,1944-09-01
1.01563656330109,-96.75,39.25,"KNZ",1944,9,1944-09-01
0.00467750616371632,-106.75,34.25,"SEV_BLACK",1944,9,1944-09-01
0.00467750616371632,-106.75,34.25,"SEV_BLUE",1944,9,1944-09-01
-0.302505642175674,-104.75,40.75,"SGS",1944,9,1944-09-01
-1.06672501564026,-104.75,41.25,"CHY",1944,10,1944-10-01
0.291699469089508,-99.25,38.75,"HAYS",1944,10,1944-10-01
0.0169539488852024,-96.75,39.25,"KNZ",1944,10,1944-10-01
0.0401261560618877,-106.75,34.25,"SEV_BLACK",1944,10,1944-10-01
0.0401261560618877,-106.75,34.25,"SEV_BLUE",1944,10,1944-10-01
-1.1767281293869,-104.75,40.75,"SGS",1944,10,1944-10-01
-0.686967492103577,-104.75,41.25,"CHY",1944,11,1944-11-01
0.415204524993896,-99.25,38.75,"HAYS",1944,11,1944-11-01
0.47603040933609,-96.75,39.25,"KNZ",1944,11,1944-11-01
0.304116010665894,-106.75,34.25,"SEV_BLACK",1944,11,1944-11-01
0.304116010665894,-106.75,34.25,"SEV_BLUE",1944,11,1944-11-01
-0.838212847709656,-104.75,40.75,"SGS",1944,11,1944-11-01
-0.745315909385681,-104.75,41.25,"CHY",1944,12,1944-12-01
0.933505296707153,-99.25,38.75,"HAYS",1944,12,1944-12-01
0.878295958042145,-96.75,39.25,"KNZ",1944,12,1944-12-01
0.461492955684662,-106.75,34.25,"SEV_BLACK",1944,12,1944-12-01
0.461492955684662,-106.75,34.25,"SEV_BLUE",1944,12,1944-12-01
-0.916756808757782,-104.75,40.75,"SGS",1944,12,1944-12-01
-1.38797235488892,-104.75,41.25,"CHY",1945,1,1945-01-01
0.208116859197617,-99.25,38.75,"HAYS",1945,1,1945-01-01
0.845146119594574,-96.75,39.25,"KNZ",1945,1,1945-01-01
0.432337611913681,-106.75,34.25,"SEV_BLACK",1945,1,1945-01-01
0.432337611913681,-106.75,34.25,"SEV_BLUE",1945,1,1945-01-01
-1.49067986011505,-104.75,40.75,"SGS",1945,1,1945-01-01
-0.391488045454025,-104.75,41.25,"CHY",1945,2,1945-02-01
-0.0833576545119286,-99.25,38.75,"HAYS",1945,2,1945-02-01
0.108996525406837,-96.75,39.25,"KNZ",1945,2,1945-02-01
0.229670017957687,-106.75,34.25,"SEV_BLACK",1945,2,1945-02-01
0.229670017957687,-106.75,34.25,"SEV_BLUE",1945,2,1945-02-01
-0.668883681297302,-104.75,40.75,"SGS",1945,2,1945-02-01
0.16037555038929,-104.75,41.25,"CHY",1945,3,1945-03-01
-0.22882291674614,-99.25,38.75,"HAYS",1945,3,1945-03-01
0.351272314786911,-96.75,39.25,"KNZ",1945,3,1945-03-01
0.259026885032654,-106.75,34.25,"SEV_BLACK",1945,3,1945-03-01
0.259026885032654,-106.75,34.25,"SEV_BLUE",1945,3,1945-03-01
-0.203801766037941,-104.75,40.75,"SGS",1945,3,1945-03-01
1.51939964294434,-104.75,41.25,"CHY",1945,4,1945-04-01
0.847864031791687,-99.25,38.75,"HAYS",1945,4,1945-04-01
1.58849573135376,-96.75,39.25,"KNZ",1945,4,1945-04-01
0.117425568401814,-106.75,34.25,"SEV_BLACK",1945,4,1945-04-01
0.117425568401814,-106.75,34.25,"SEV_BLUE",1945,4,1945-04-01
1.2661315202713,-104.75,40.75,"SGS",1945,4,1945-04-01
0.806981861591339,-104.75,41.25,"CHY",1945,5,1945-05-01
0.400493025779724,-99.25,38.75,"HAYS",1945,5,1945-05-01
1.62779581546783,-96.75,39.25,"KNZ",1945,5,1945-05-01
-0.692883312702179,-106.75,34.25,"SEV_BLACK",1945,5,1945-05-01
-0.692883312702179,-106.75,34.25,"SEV_BLUE",1945,5,1945-05-01
0.679889380931854,-104.75,40.75,"SGS",1945,5,1945-05-01
1.55808246135712,-104.75,41.25,"CHY",1945,6,1945-06-01
0.75623482465744,-99.25,38.75,"HAYS",1945,6,1945-06-01
1.64949190616608,-96.75,39.25,"KNZ",1945,6,1945-06-01
-1.09112107753754,-106.75,34.25,"SEV_BLACK",1945,6,1945-06-01
-1.09112107753754,-106.75,34.25,"SEV_BLUE",1945,6,1945-06-01
1.25812339782715,-104.75,40.75,"SGS",1945,6,1945-06-01
1.2513142824173,-104.75,41.25,"CHY",1945,7,1945-07-01
0.65988552570343,-99.25,38.75,"HAYS",1945,7,1945-07-01
1.63378131389618,-96.75,39.25,"KNZ",1945,7,1945-07-01
-1.25376260280609,-106.75,34.25,"SEV_BLACK",1945,7,1945-07-01
-1.25376260280609,-106.75,34.25,"SEV_BLUE",1945,7,1945-07-01
1.06659078598022,-104.75,40.75,"SGS",1945,7,1945-07-01
1.32141089439392,-104.75,41.25,"CHY",1945,8,1945-08-01
0.241101190447807,-99.25,38.75,"HAYS",1945,8,1945-08-01
1.20033812522888,-96.75,39.25,"KNZ",1945,8,1945-08-01
-1.02683305740356,-106.75,34.25,"SEV_BLACK",1945,8,1945-08-01
-1.02683305740356,-106.75,34.25,"SEV_BLUE",1945,8,1945-08-01
1.31946337223053,-104.75,40.75,"SGS",1945,8,1945-08-01
1.40428411960602,-104.75,41.25,"CHY",1945,9,1945-09-01
0.501946926116943,-99.25,38.75,"HAYS",1945,9,1945-09-01
1.3629230260849,-96.75,39.25,"KNZ",1945,9,1945-09-01
-1.4443051815033,-106.75,34.25,"SEV_BLACK",1945,9,1945-09-01
-1.4443051815033,-106.75,34.25,"SEV_BLUE",1945,9,1945-09-01
1.46776342391968,-104.75,40.75,"SGS",1945,9,1945-09-01
0.643839657306671,-104.75,41.25,"CHY",1945,10,1945-10-01
-0.218669712543488,-99.25,38.75,"HAYS",1945,10,1945-10-01
0.564094364643097,-96.75,39.25,"KNZ",1945,10,1945-10-01
-1.56267404556274,-106.75,34.25,"SEV_BLACK",1945,10,1945-10-01
-1.56267404556274,-106.75,34.25,"SEV_BLUE",1945,10,1945-10-01
0.752138078212738,-104.75,40.75,"SGS",1945,10,1945-10-01
0.874829530715942,-104.75,41.25,"CHY",1945,11,1945-11-01
-0.347766786813736,-99.25,38.75,"HAYS",1945,11,1945-11-01
0.124248065054417,-96.75,39.25,"KNZ",1945,11,1945-11-01
-1.56758391857147,-106.75,34.25,"SEV_BLACK",1945,11,1945-11-01
-1.56758391857147,-106.75,34.25,"SEV_BLUE",1945,11,1945-11-01
0.900254130363464,-104.75,40.75,"SGS",1945,11,1945-11-01
-0.170068129897118,-104.75,41.25,"CHY",1945,12,1945-12-01
-0.867219746112823,-99.25,38.75,"HAYS",1945,12,1945-12-01
-0.304315775632858,-96.75,39.25,"KNZ",1945,12,1945-12-01
-1.37926518917084,-106.75,34.25,"SEV_BLACK",1945,12,1945-12-01
-1.37926518917084,-106.75,34.25,"SEV_BLUE",1945,12,1945-12-01
0.0930703952908516,-104.75,40.75,"SGS",1945,12,1945-12-01
-0.340492486953735,-104.75,41.25,"CHY",1946,1,1946-01-01
-1.45461475849152,-99.25,38.75,"HAYS",1946,1,1946-01-01
-0.815932035446167,-96.75,39.25,"KNZ",1946,1,1946-01-01
-0.910543262958527,-106.75,34.25,"SEV_BLACK",1946,1,1946-01-01
-0.910543262958527,-106.75,34.25,"SEV_BLUE",1946,1,1946-01-01
-0.122331820428371,-104.75,40.75,"SGS",1946,1,1946-01-01
-1.24602353572845,-104.75,41.25,"CHY",1946,2,1946-02-01
-1.63966608047485,-99.25,38.75,"HAYS",1946,2,1946-02-01
-0.805681765079498,-96.75,39.25,"KNZ",1946,2,1946-02-01
-1.19051969051361,-106.75,34.25,"SEV_BLACK",1946,2,1946-02-01
-1.19051969051361,-106.75,34.25,"SEV_BLUE",1946,2,1946-02-01
-1.25050222873688,-104.75,40.75,"SGS",1946,2,1946-02-01
-1.3590145111084,-104.75,41.25,"CHY",1946,3,1946-03-01
-1.47980511188507,-99.25,38.75,"HAYS",1946,3,1946-03-01
-1.54422497749329,-96.75,39.25,"KNZ",1946,3,1946-03-01
-0.756795108318329,-106.75,34.25,"SEV_BLACK",1946,3,1946-03-01
-0.756795108318329,-106.75,34.25,"SEV_BLUE",1946,3,1946-03-01
-1.41539311408997,-104.75,40.75,"SGS",1946,3,1946-03-01
-1.8090991973877,-104.75,41.25,"CHY",1946,4,1946-04-01
-1.98982155323029,-99.25,38.75,"HAYS",1946,4,1946-04-01
-1.5759562253952,-96.75,39.25,"KNZ",1946,4,1946-04-01
-0.995380222797394,-106.75,34.25,"SEV_BLACK",1946,4,1946-04-01
-0.995380222797394,-106.75,34.25,"SEV_BLUE",1946,4,1946-04-01
-1.82966208457947,-104.75,40.75,"SGS",1946,4,1946-04-01
-0.412672191858292,-104.75,41.25,"CHY",1946,5,1946-05-01
-1.00375890731812,-99.25,38.75,"HAYS",1946,5,1946-05-01
-1.38630342483521,-96.75,39.25,"KNZ",1946,5,1946-05-01
-0.685692131519318,-106.75,34.25,"SEV_BLACK",1946,5,1946-05-01
-0.685692131519318,-106.75,34.25,"SEV_BLUE",1946,5,1946-05-01
-0.815814197063446,-104.75,40.75,"SGS",1946,5,1946-05-01
-0.628602147102356,-104.75,41.25,"CHY",1946,6,1946-06-01
-1.48014354705811,-99.25,38.75,"HAYS",1946,6,1946-06-01
-1.39294373989105,-96.75,39.25,"KNZ",1946,6,1946-06-01
-0.988838732242584,-106.75,34.25,"SEV_BLACK",1946,6,1946-06-01
-0.988838732242584,-106.75,34.25,"SEV_BLUE",1946,6,1946-06-01
-0.922871828079224,-104.75,40.75,"SGS",1946,6,1946-06-01
-0.641180574893951,-104.75,41.25,"CHY",1946,7,1946-07-01
-1.38652098178864,-99.25,38.75,"HAYS",1946,7,1946-07-01
-1.37697172164917,-96.75,39.25,"KNZ",1946,7,1946-07-01
-1.39346325397491,-106.75,34.25,"SEV_BLACK",1946,7,1946-07-01
-1.39346325397491,-106.75,34.25,"SEV_BLUE",1946,7,1946-07-01
-0.906528830528259,-104.75,40.75,"SGS",1946,7,1946-07-01
-0.223969176411629,-104.75,41.25,"CHY",1946,8,1946-08-01
-1.18662464618683,-99.25,38.75,"HAYS",1946,8,1946-08-01
-0.90660434961319,-96.75,39.25,"KNZ",1946,8,1946-08-01
-1.13058495521545,-106.75,34.25,"SEV_BLACK",1946,8,1946-08-01
-1.13058495521545,-106.75,34.25,"SEV_BLUE",1946,8,1946-08-01
-0.393278628587723,-104.75,40.75,"SGS",1946,8,1946-08-01
-0.187418237328529,-104.75,41.25,"CHY",1946,9,1946-09-01
-0.971166670322418,-99.25,38.75,"HAYS",1946,9,1946-09-01
-0.25525376200676,-96.75,39.25,"KNZ",1946,9,1946-09-01
-1.07514667510986,-106.75,34.25,"SEV_BLACK",1946,9,1946-09-01
-1.07514667510986,-106.75,34.25,"SEV_BLUE",1946,9,1946-09-01
-0.305682331323624,-104.75,40.75,"SGS",1946,9,1946-09-01
0.930211663246155,-104.75,41.25,"CHY",1946,10,1946-10-01
-0.0510239414870739,-99.25,38.75,"HAYS",1946,10,1946-10-01
0.0990214645862579,-96.75,39.25,"KNZ",1946,10,1946-10-01
-0.597878992557526,-106.75,34.25,"SEV_BLACK",1946,10,1946-10-01
-0.597878992557526,-106.75,34.25,"SEV_BLUE",1946,10,1946-10-01
0.754283547401428,-104.75,40.75,"SGS",1946,10,1946-10-01
0.623362004756927,-104.75,41.25,"CHY",1946,11,1946-11-01
0.105764552950859,-99.25,38.75,"HAYS",1946,11,1946-11-01
0.487325340509415,-96.75,39.25,"KNZ",1946,11,1946-11-01
-0.303509175777435,-106.75,34.25,"SEV_BLACK",1946,11,1946-11-01
-0.303509175777435,-106.75,34.25,"SEV_BLUE",1946,11,1946-11-01
0.738024234771729,-104.75,40.75,"SGS",1946,11,1946-11-01
0.754798054695129,-104.75,41.25,"CHY",1946,12,1946-12-01
0.52307140827179,-99.25,38.75,"HAYS",1946,12,1946-12-01
0.74016535282135,-96.75,39.25,"KNZ",1946,12,1946-12-01
-0.203463226556778,-106.75,34.25,"SEV_BLACK",1946,12,1946-12-01
-0.203463226556778,-106.75,34.25,"SEV_BLUE",1946,12,1946-12-01
0.926113069057465,-104.75,40.75,"SGS",1946,12,1946-12-01
1.1417670249939,-104.75,41.25,"CHY",1947,1,1947-01-01
1.06496179103851,-99.25,38.75,"HAYS",1947,1,1947-01-01
1.31240653991699,-96.75,39.25,"KNZ",1947,1,1947-01-01
-0.194250419735909,-106.75,34.25,"SEV_BLACK",1947,1,1947-01-01
-0.194250419735909,-106.75,34.25,"SEV_BLUE",1947,1,1947-01-01
1.24214482307434,-104.75,40.75,"SGS",1947,1,1947-01-01
0.91639107465744,-104.75,41.25,"CHY",1947,2,1947-02-01
1.29874765872955,-99.25,38.75,"HAYS",1947,2,1947-02-01
1.05232906341553,-96.75,39.25,"KNZ",1947,2,1947-02-01
-0.499155402183533,-106.75,34.25,"SEV_BLACK",1947,2,1947-02-01
-0.499155402183533,-106.75,34.25,"SEV_BLUE",1947,2,1947-02-01
0.950580716133118,-104.75,40.75,"SGS",1947,2,1947-02-01
0.977152287960052,-104.75,41.25,"CHY",1947,3,1947-03-01
0.955765604972839,-99.25,38.75,"HAYS",1947,3,1947-03-01
0.548047423362732,-96.75,39.25,"KNZ",1947,3,1947-03-01
-0.42924952507019,-106.75,34.25,"SEV_BLACK",1947,3,1947-03-01
-0.42924952507019,-106.75,34.25,"SEV_BLUE",1947,3,1947-03-01
1.00224840641022,-104.75,40.75,"SGS",1947,3,1947-03-01
0.236537933349609,-104.75,41.25,"CHY",1947,4,1947-04-01
0.427949786186218,-99.25,38.75,"HAYS",1947,4,1947-04-01
1.00263583660126,-96.75,39.25,"KNZ",1947,4,1947-04-01
-0.753231108188629,-106.75,34.25,"SEV_BLACK",1947,4,1947-04-01
-0.753231108188629,-106.75,34.25,"SEV_BLUE",1947,4,1947-04-01
0.401153236627579,-104.75,40.75,"SGS",1947,4,1947-04-01
0.0884294211864471,-104.75,41.25,"CHY",1947,5,1947-05-01
0.335153222084045,-99.25,38.75,"HAYS",1947,5,1947-05-01
0.565904498100281,-96.75,39.25,"KNZ",1947,5,1947-05-01
-1.22018456459045,-106.75,34.25,"SEV_BLACK",1947,5,1947-05-01
-1.22018456459045,-106.75,34.25,"SEV_BLUE",1947,5,1947-05-01
0.128681764006615,-104.75,40.75,"SGS",1947,5,1947-05-01
1.40497410297394,-104.75,41.25,"CHY",1947,6,1947-06-01
0.948759913444519,-99.25,38.75,"HAYS",1947,6,1947-06-01
1.2925363779068,-96.75,39.25,"KNZ",1947,6,1947-06-01
-1.02717256546021,-106.75,34.25,"SEV_BLACK",1947,6,1947-06-01
-1.02717256546021,-106.75,34.25,"SEV_BLUE",1947,6,1947-06-01
1.226078748703,-104.75,40.75,"SGS",1947,6,1947-06-01
1.19612014293671,-104.75,41.25,"CHY",1947,7,1947-07-01
0.487595230340958,-99.25,38.75,"HAYS",1947,7,1947-07-01
0.64030122756958,-96.75,39.25,"KNZ",1947,7,1947-07-01
-1.66385912895203,-106.75,34.25,"SEV_BLACK",1947,7,1947-07-01
-1.66385912895203,-106.75,34.25,"SEV_BLUE",1947,7,1947-07-01
1.10476613044739,-104.75,40.75,"SGS",1947,7,1947-07-01
1.01570200920105,-104.75,41.25,"CHY",1947,8,1947-08-01
0.190919443964958,-99.25,38.75,"HAYS",1947,8,1947-08-01
0.243197724223137,-96.75,39.25,"KNZ",1947,8,1947-08-01
-1.15141415596008,-106.75,34.25,"SEV_BLACK",1947,8,1947-08-01
-1.15141415596008,-106.75,34.25,"SEV_BLUE",1947,8,1947-08-01
0.826519310474396,-104.75,40.75,"SGS",1947,8,1947-08-01
0.825085401535034,-104.75,41.25,"CHY",1947,9,1947-09-01
-0.386422634124756,-99.25,38.75,"HAYS",1947,9,1947-09-01
-0.498317837715149,-96.75,39.25,"KNZ",1947,9,1947-09-01
-1.46799063682556,-106.75,34.25,"SEV_BLACK",1947,9,1947-09-01
-1.46799063682556,-106.75,34.25,"SEV_BLUE",1947,9,1947-09-01
0.536746025085449,-104.75,40.75,"SGS",1947,9,1947-09-01
0.976218342781067,-104.75,41.25,"CHY",1947,10,1947-10-01
-0.871958434581757,-99.25,38.75,"HAYS",1947,10,1947-10-01
-1.02050340175629,-96.75,39.25,"KNZ",1947,10,1947-10-01
-1.55372524261475,-106.75,34.25,"SEV_BLACK",1947,10,1947-10-01
-1.55372524261475,-106.75,34.25,"SEV_BLUE",1947,10,1947-10-01
0.781028628349304,-104.75,40.75,"SGS",1947,10,1947-10-01
1.23569905757904,-104.75,41.25,"CHY",1947,11,1947-11-01
-1.03076064586639,-99.25,38.75,"HAYS",1947,11,1947-11-01
-1.0445351600647,-96.75,39.25,"KNZ",1947,11,1947-11-01
-1.18884885311127,-106.75,34.25,"SEV_BLACK",1947,11,1947-11-01
-1.18884885311127,-106.75,34.25,"SEV_BLUE",1947,11,1947-11-01
0.962713897228241,-104.75,40.75,"SGS",1947,11,1947-11-01
0.331561803817749,-104.75,41.25,"CHY",1947,12,1947-12-01
-1.50478541851044,-99.25,38.75,"HAYS",1947,12,1947-12-01
-1.66999125480652,-96.75,39.25,"KNZ",1947,12,1947-12-01
-0.903746366500854,-106.75,34.25,"SEV_BLACK",1947,12,1947-12-01
-0.903746366500854,-106.75,34.25,"SEV_BLUE",1947,12,1947-12-01
0.085529513657093,-104.75,40.75,"SGS",1947,12,1947-12-01
0.466433227062225,-104.75,41.25,"CHY",1948,1,1948-01-01
-1.62860357761383,-99.25,38.75,"HAYS",1948,1,1948-01-01
-1.56466686725616,-96.75,39.25,"KNZ",1948,1,1948-01-01
-0.254612296819687,-106.75,34.25,"SEV_BLACK",1948,1,1948-01-01
-0.254612296819687,-106.75,34.25,"SEV_BLUE",1948,1,1948-01-01
0.390564620494843,-104.75,40.75,"SGS",1948,1,1948-01-01
0.779926121234894,-104.75,41.25,"CHY",1948,2,1948-02-01
-0.77770721912384,-99.25,38.75,"HAYS",1948,2,1948-02-01
-0.491552203893661,-96.75,39.25,"KNZ",1948,2,1948-02-01
-0.0185834355652332,-106.75,34.25,"SEV_BLACK",1948,2,1948-02-01
-0.0185834355652332,-106.75,34.25,"SEV_BLUE",1948,2,1948-02-01
0.793740630149841,-104.75,40.75,"SGS",1948,2,1948-02-01
0.968421876430511,-104.75,41.25,"CHY",1948,3,1948-03-01
0.920427799224854,-99.25,38.75,"HAYS",1948,3,1948-03-01
1.1409238576889,-96.75,39.25,"KNZ",1948,3,1948-03-01
0.807540833950043,-106.75,34.25,"SEV_BLACK",1948,3,1948-03-01
0.807540833950043,-106.75,34.25,"SEV_BLUE",1948,3,1948-03-01
1.2485499382019,-104.75,40.75,"SGS",1948,3,1948-03-01
0.0903940349817276,-104.75,41.25,"CHY",1948,4,1948-04-01
0.692013204097748,-99.25,38.75,"HAYS",1948,4,1948-04-01
1.06708741188049,-96.75,39.25,"KNZ",1948,4,1948-04-01
0.826280295848846,-106.75,34.25,"SEV_BLACK",1948,4,1948-04-01
0.826280295848846,-106.75,34.25,"SEV_BLUE",1948,4,1948-04-01
0.241473227739334,-104.75,40.75,"SGS",1948,4,1948-04-01
-0.981200635433197,-104.75,41.25,"CHY",1948,5,1948-05-01
-0.139384046196938,-99.25,38.75,"HAYS",1948,5,1948-05-01
0.709582984447479,-96.75,39.25,"KNZ",1948,5,1948-05-01
0.516201555728912,-106.75,34.25,"SEV_BLACK",1948,5,1948-05-01
0.516201555728912,-106.75,34.25,"SEV_BLUE",1948,5,1948-05-01
-0.741877377033234,-104.75,40.75,"SGS",1948,5,1948-05-01
-0.603910624980927,-104.75,41.25,"CHY",1948,6,1948-06-01
0.317907989025116,-99.25,38.75,"HAYS",1948,6,1948-06-01
0.629652321338654,-96.75,39.25,"KNZ",1948,6,1948-06-01
0.515488684177399,-106.75,34.25,"SEV_BLACK",1948,6,1948-06-01
0.515488684177399,-106.75,34.25,"SEV_BLUE",1948,6,1948-06-01
-0.386189430952072,-104.75,40.75,"SGS",1948,6,1948-06-01
-0.674561262130737,-104.75,41.25,"CHY",1948,7,1948-07-01
0.612483978271484,-99.25,38.75,"HAYS",1948,7,1948-07-01
1.06117343902588,-96.75,39.25,"KNZ",1948,7,1948-07-01
-0.273650616407394,-106.75,34.25,"SEV_BLACK",1948,7,1948-07-01
-0.273650616407394,-106.75,34.25,"SEV_BLUE",1948,7,1948-07-01
-0.706948161125183,-104.75,40.75,"SGS",1948,7,1948-07-01
-0.877083420753479,-104.75,41.25,"CHY",1948,8,1948-08-01
0.278618395328522,-99.25,38.75,"HAYS",1948,8,1948-08-01
0.4378861784935,-96.75,39.25,"KNZ",1948,8,1948-08-01
-1.52211534976959,-106.75,34.25,"SEV_BLACK",1948,8,1948-08-01
-1.52211534976959,-106.75,34.25,"SEV_BLUE",1948,8,1948-08-01
-0.996919214725494,-104.75,40.75,"SGS",1948,8,1948-08-01
-0.988276541233063,-104.75,41.25,"CHY",1948,9,1948-09-01
-0.471027016639709,-99.25,38.75,"HAYS",1948,9,1948-09-01
-0.136079534888268,-96.75,39.25,"KNZ",1948,9,1948-09-01
-1.82599544525146,-106.75,34.25,"SEV_BLACK",1948,9,1948-09-01
-1.82599544525146,-106.75,34.25,"SEV_BLUE",1948,9,1948-09-01
-1.34330797195435,-104.75,40.75,"SGS",1948,9,1948-09-01
-0.852854490280151,-104.75,41.25,"CHY",1948,10,1948-10-01
-0.254836708307266,-99.25,38.75,"HAYS",1948,10,1948-10-01
-0.0752958506345749,-96.75,39.25,"KNZ",1948,10,1948-10-01
-1.67726123332977,-106.75,34.25,"SEV_BLACK",1948,10,1948-10-01
-1.67726123332977,-106.75,34.25,"SEV_BLUE",1948,10,1948-10-01
-1.28143692016602,-104.75,40.75,"SGS",1948,10,1948-10-01
-0.449020057916641,-104.75,41.25,"CHY",1948,11,1948-11-01
0.305924952030182,-99.25,38.75,"HAYS",1948,11,1948-11-01
0.14079250395298,-96.75,39.25,"KNZ",1948,11,1948-11-01
-1.717653632164,-106.75,34.25,"SEV_BLACK",1948,11,1948-11-01
-1.717653632164,-106.75,34.25,"SEV_BLUE",1948,11,1948-11-01
-0.958814859390259,-104.75,40.75,"SGS",1948,11,1948-11-01
-0.641322731971741,-104.75,41.25,"CHY",1948,12,1948-12-01
-0.30932804942131,-99.25,38.75,"HAYS",1948,12,1948-12-01
-0.153897911310196,-96.75,39.25,"KNZ",1948,12,1948-12-01
-1.91508078575134,-106.75,34.25,"SEV_BLACK",1948,12,1948-12-01
-1.91508078575134,-106.75,34.25,"SEV_BLUE",1948,12,1948-12-01
-1.24741625785828,-104.75,40.75,"SGS",1948,12,1948-12-01
0.0148014212027192,-104.75,41.25,"CHY",1949,1,1949-01-01
-0.320798516273499,-99.25,38.75,"HAYS",1949,1,1949-01-01
-0.313521355390549,-96.75,39.25,"KNZ",1949,1,1949-01-01
-1.03424906730652,-106.75,34.25,"SEV_BLACK",1949,1,1949-01-01
-1.03424906730652,-106.75,34.25,"SEV_BLUE",1949,1,1949-01-01
-0.5609490275383,-104.75,40.75,"SGS",1949,1,1949-01-01
0.0600929297506809,-104.75,41.25,"CHY",1949,2,1949-02-01
0.0452532283961773,-99.25,38.75,"HAYS",1949,2,1949-02-01
0.434511482715607,-96.75,39.25,"KNZ",1949,2,1949-02-01
-0.219454422593117,-106.75,34.25,"SEV_BLACK",1949,2,1949-02-01
-0.219454422593117,-106.75,34.25,"SEV_BLUE",1949,2,1949-02-01
-0.248237460851669,-104.75,40.75,"SGS",1949,2,1949-02-01
0.872866034507751,-104.75,41.25,"CHY",1949,3,1949-03-01
1.08273899555206,-99.25,38.75,"HAYS",1949,3,1949-03-01
1.07320308685303,-96.75,39.25,"KNZ",1949,3,1949-03-01
0.0365116186439991,-106.75,34.25,"SEV_BLACK",1949,3,1949-03-01
0.0365116186439991,-106.75,34.25,"SEV_BLUE",1949,3,1949-03-01
0.922540128231049,-104.75,40.75,"SGS",1949,3,1949-03-01
0.759672343730927,-104.75,41.25,"CHY",1949,4,1949-04-01
1.39588594436646,-99.25,38.75,"HAYS",1949,4,1949-04-01
1.35598838329315,-96.75,39.25,"KNZ",1949,4,1949-04-01
0.424641132354736,-106.75,34.25,"SEV_BLACK",1949,4,1949-04-01
0.424641132354736,-106.75,34.25,"SEV_BLUE",1949,4,1949-04-01
0.833716750144958,-104.75,40.75,"SGS",1949,4,1949-04-01
1.24033463001251,-104.75,41.25,"CHY",1949,5,1949-05-01
1.4050680398941,-99.25,38.75,"HAYS",1949,5,1949-05-01
1.38498365879059,-96.75,39.25,"KNZ",1949,5,1949-05-01
0.636499583721161,-106.75,34.25,"SEV_BLACK",1949,5,1949-05-01
0.636499583721161,-106.75,34.25,"SEV_BLUE",1949,5,1949-05-01
1.12447655200958,-104.75,40.75,"SGS",1949,5,1949-05-01
1.55290699005127,-104.75,41.25,"CHY",1949,6,1949-06-01
1.76460599899292,-99.25,38.75,"HAYS",1949,6,1949-06-01
1.58473563194275,-96.75,39.25,"KNZ",1949,6,1949-06-01
0.892784893512726,-106.75,34.25,"SEV_BLACK",1949,6,1949-06-01
0.892784893512726,-106.75,34.25,"SEV_BLUE",1949,6,1949-06-01
1.66812193393707,-104.75,40.75,"SGS",1949,6,1949-06-01
1.01153421401978,-104.75,41.25,"CHY",1949,7,1949-07-01
1.11604726314545,-99.25,38.75,"HAYS",1949,7,1949-07-01
0.84379518032074,-96.75,39.25,"KNZ",1949,7,1949-07-01
0.635666310787201,-106.75,34.25,"SEV_BLACK",1949,7,1949-07-01
0.635666310787201,-106.75,34.25,"SEV_BLUE",1949,7,1949-07-01
1.14655578136444,-104.75,40.75,"SGS",1949,7,1949-07-01
0.971037924289703,-104.75,41.25,"CHY",1949,8,1949-08-01
0.834426164627075,-99.25,38.75,"HAYS",1949,8,1949-08-01
0.585439264774323,-96.75,39.25,"KNZ",1949,8,1949-08-01
0.0475796796381474,-106.75,34.25,"SEV_BLACK",1949,8,1949-08-01
0.0475796796381474,-106.75,34.25,"SEV_BLUE",1949,8,1949-08-01
1.01601159572601,-104.75,40.75,"SGS",1949,8,1949-08-01
0.430435210466385,-104.75,41.25,"CHY",1949,9,1949-09-01
0.497994661331177,-99.25,38.75,"HAYS",1949,9,1949-09-01
0.512966454029083,-96.75,39.25,"KNZ",1949,9,1949-09-01
0.514008581638336,-106.75,34.25,"SEV_BLACK",1949,9,1949-09-01
0.514008581638336,-106.75,34.25,"SEV_BLUE",1949,9,1949-09-01
0.397762507200241,-104.75,40.75,"SGS",1949,9,1949-09-01
0.856747269630432,-104.75,41.25,"CHY",1949,10,1949-10-01
0.526947319507599,-99.25,38.75,"HAYS",1949,10,1949-10-01
0.49902468919754,-96.75,39.25,"KNZ",1949,10,1949-10-01
0.302465736865997,-106.75,34.25,"SEV_BLACK",1949,10,1949-10-01
0.302465736865997,-106.75,34.25,"SEV_BLUE",1949,10,1949-10-01
0.888777256011963,-104.75,40.75,"SGS",1949,10,1949-10-01
-0.0759230405092239,-104.75,41.25,"CHY",1949,11,1949-11-01
-0.15838335454464,-99.25,38.75,"HAYS",1949,11,1949-11-01
0.0211182832717896,-96.75,39.25,"KNZ",1949,11,1949-11-01
-0.184183478355408,-106.75,34.25,"SEV_BLACK",1949,11,1949-11-01
-0.184183478355408,-106.75,34.25,"SEV_BLUE",1949,11,1949-11-01
0.0908457115292549,-104.75,40.75,"SGS",1949,11,1949-11-01
-1.19092071056366,-104.75,41.25,"CHY",1949,12,1949-12-01
-0.998417735099792,-99.25,38.75,"HAYS",1949,12,1949-12-01
-0.499569803476334,-96.75,39.25,"KNZ",1949,12,1949-12-01
-0.327661871910095,-106.75,34.25,"SEV_BLACK",1949,12,1949-12-01
-0.327661871910095,-106.75,34.25,"SEV_BLUE",1949,12,1949-12-01
-1.18728971481323,-104.75,40.75,"SGS",1949,12,1949-12-01
-1.40380918979645,-104.75,41.25,"CHY",1950,1,1950-01-01
-1.14261829853058,-99.25,38.75,"HAYS",1950,1,1950-01-01
-0.532843351364136,-96.75,39.25,"KNZ",1950,1,1950-01-01
-0.992816209793091,-106.75,34.25,"SEV_BLACK",1950,1,1950-01-01
-0.992816209793091,-106.75,34.25,"SEV_BLUE",1950,1,1950-01-01
-1.38243460655212,-104.75,40.75,"SGS",1950,1,1950-01-01
-1.72754192352295,-104.75,41.25,"CHY",1950,2,1950-02-01
-1.3244765996933,-99.25,38.75,"HAYS",1950,2,1950-02-01
-0.531336307525635,-96.75,39.25,"KNZ",1950,2,1950-02-01
-0.860924780368805,-106.75,34.25,"SEV_BLACK",1950,2,1950-02-01
-0.860924780368805,-106.75,34.25,"SEV_BLUE",1950,2,1950-02-01
-1.59335589408875,-104.75,40.75,"SGS",1950,2,1950-02-01
-1.32007122039795,-104.75,41.25,"CHY",1950,3,1950-03-01
-1.21138250827789,-99.25,38.75,"HAYS",1950,3,1950-03-01
-0.770902514457703,-96.75,39.25,"KNZ",1950,3,1950-03-01
-1.45826506614685,-106.75,34.25,"SEV_BLACK",1950,3,1950-03-01
-1.45826506614685,-106.75,34.25,"SEV_BLUE",1950,3,1950-03-01
-1.27894473075867,-104.75,40.75,"SGS",1950,3,1950-03-01
-1.56868505477905,-104.75,41.25,"CHY",1950,4,1950-04-01
-1.71134281158447,-99.25,38.75,"HAYS",1950,4,1950-04-01
-1.22701454162598,-96.75,39.25,"KNZ",1950,4,1950-04-01
-1.84082198143005,-106.75,34.25,"SEV_BLACK",1950,4,1950-04-01
-1.84082198143005,-106.75,34.25,"SEV_BLUE",1950,4,1950-04-01
-1.51193261146545,-104.75,40.75,"SGS",1950,4,1950-04-01
-0.470343410968781,-104.75,41.25,"CHY",1950,5,1950-05-01
-0.609357118606567,-99.25,38.75,"HAYS",1950,5,1950-05-01
0.240980997681618,-96.75,39.25,"KNZ",1950,5,1950-05-01
-1.71363615989685,-106.75,34.25,"SEV_BLACK",1950,5,1950-05-01
-1.71363615989685,-106.75,34.25,"SEV_BLUE",1950,5,1950-05-01
-0.442444860935211,-104.75,40.75,"SGS",1950,5,1950-05-01
-0.567911863327026,-104.75,41.25,"CHY",1950,6,1950-06-01
-1.07060480117798,-99.25,38.75,"HAYS",1950,6,1950-06-01
0.0115800257772207,-96.75,39.25,"KNZ",1950,6,1950-06-01
-1.81451892852783,-106.75,34.25,"SEV_BLACK",1950,6,1950-06-01
-1.81451892852783,-106.75,34.25,"SEV_BLUE",1950,6,1950-06-01
-0.468569904565811,-104.75,40.75,"SGS",1950,6,1950-06-01
-0.0872198790311813,-104.75,41.25,"CHY",1950,7,1950-07-01
0.249669924378395,-99.25,38.75,"HAYS",1950,7,1950-07-01
1.16388976573944,-96.75,39.25,"KNZ",1950,7,1950-07-01
-0.710774660110474,-106.75,34.25,"SEV_BLACK",1950,7,1950-07-01
-0.710774660110474,-106.75,34.25,"SEV_BLUE",1950,7,1950-07-01
-0.244655564427376,-104.75,40.75,"SGS",1950,7,1950-07-01
-0.129826247692108,-104.75,41.25,"CHY",1950,8,1950-08-01
1.07371616363525,-99.25,38.75,"HAYS",1950,8,1950-08-01
1.57381546497345,-96.75,39.25,"KNZ",1950,8,1950-08-01
-0.789879083633423,-106.75,34.25,"SEV_BLACK",1950,8,1950-08-01
-0.789879083633423,-106.75,34.25,"SEV_BLUE",1950,8,1950-08-01
-0.297835379838943,-104.75,40.75,"SGS",1950,8,1950-08-01
0.662606954574585,-104.75,41.25,"CHY",1950,9,1950-09-01
1.07917857170105,-99.25,38.75,"HAYS",1950,9,1950-09-01
1.41656816005707,-96.75,39.25,"KNZ",1950,9,1950-09-01
-0.287109613418579,-106.75,34.25,"SEV_BLACK",1950,9,1950-09-01
-0.287109613418579,-106.75,34.25,"SEV_BLUE",1950,9,1950-09-01
0.296363592147827,-104.75,40.75,"SGS",1950,9,1950-09-01
0.308379620313644,-104.75,41.25,"CHY",1950,10,1950-10-01
1.13547718524933,-99.25,38.75,"HAYS",1950,10,1950-10-01
1.47239136695862,-96.75,39.25,"KNZ",1950,10,1950-10-01
-0.55485987663269,-106.75,34.25,"SEV_BLACK",1950,10,1950-10-01
-0.55485987663269,-106.75,34.25,"SEV_BLUE",1950,10,1950-10-01
-0.152100592851639,-104.75,40.75,"SGS",1950,10,1950-10-01
0.164726704359055,-104.75,41.25,"CHY",1950,11,1950-11-01
0.966589093208313,-99.25,38.75,"HAYS",1950,11,1950-11-01
1.14568614959717,-96.75,39.25,"KNZ",1950,11,1950-11-01
-0.664753317832947,-106.75,34.25,"SEV_BLACK",1950,11,1950-11-01
-0.664753317832947,-106.75,34.25,"SEV_BLUE",1950,11,1950-11-01
-0.294298052787781,-104.75,40.75,"SGS",1950,11,1950-11-01
0.235866725444794,-104.75,41.25,"CHY",1950,12,1950-12-01
1.44917476177216,-99.25,38.75,"HAYS",1950,12,1950-12-01
1.23341977596283,-96.75,39.25,"KNZ",1950,12,1950-12-01
-0.982370316982269,-106.75,34.25,"SEV_BLACK",1950,12,1950-12-01
-0.982370316982269,-106.75,34.25,"SEV_BLUE",1950,12,1950-12-01
-0.423167198896408,-104.75,40.75,"SGS",1950,12,1950-12-01
-0.0836290344595909,-104.75,41.25,"CHY",1951,1,1951-01-01
0.48791766166687,-99.25,38.75,"HAYS",1951,1,1951-01-01
-0.191784128546715,-96.75,39.25,"KNZ",1951,1,1951-01-01
-1.72817075252533,-106.75,34.25,"SEV_BLACK",1951,1,1951-01-01
-1.72817075252533,-106.75,34.25,"SEV_BLUE",1951,1,1951-01-01
-0.484601438045502,-104.75,40.75,"SGS",1951,1,1951-01-01
0.15392829477787,-104.75,41.25,"CHY",1951,2,1951-02-01
-0.884856700897217,-99.25,38.75,"HAYS",1951,2,1951-02-01
-0.955592274665833,-96.75,39.25,"KNZ",1951,2,1951-02-01
-1.54181814193726,-106.75,34.25,"SEV_BLACK",1951,2,1951-02-01
-1.54181814193726,-106.75,34.25,"SEV_BLUE",1951,2,1951-02-01
-0.139054000377655,-104.75,40.75,"SGS",1951,2,1951-02-01
-1.40757346153259,-104.75,41.25,"CHY",1951,3,1951-03-01
-0.483124792575836,-99.25,38.75,"HAYS",1951,3,1951-03-01
-0.202848568558693,-96.75,39.25,"KNZ",1951,3,1951-03-01
-1.74024426937103,-106.75,34.25,"SEV_BLACK",1951,3,1951-03-01
-1.74024426937103,-106.75,34.25,"SEV_BLUE",1951,3,1951-03-01
-1.02331292629242,-104.75,40.75,"SGS",1951,3,1951-03-01
-0.212637767195702,-104.75,41.25,"CHY",1951,4,1951-04-01
-0.00945989415049553,-99.25,38.75,"HAYS",1951,4,1951-04-01
0.470416635274887,-96.75,39.25,"KNZ",1951,4,1951-04-01
-0.954997003078461,-106.75,34.25,"SEV_BLACK",1951,4,1951-04-01
-0.954997003078461,-106.75,34.25,"SEV_BLUE",1951,4,1951-04-01
0.225657880306244,-104.75,40.75,"SGS",1951,4,1951-04-01
-0.37758994102478,-104.75,41.25,"CHY",1951,5,1951-05-01
0.897412478923798,-99.25,38.75,"HAYS",1951,5,1951-05-01
1.02527165412903,-96.75,39.25,"KNZ",1951,5,1951-05-01
-0.860065579414368,-106.75,34.25,"SEV_BLACK",1951,5,1951-05-01
-0.860065579414368,-106.75,34.25,"SEV_BLUE",1951,5,1951-05-01
-0.044511403888464,-104.75,40.75,"SGS",1951,5,1951-05-01
0.512869894504547,-104.75,41.25,"CHY",1951,6,1951-06-01
1.91052746772766,-99.25,38.75,"HAYS",1951,6,1951-06-01
2.22785234451294,-96.75,39.25,"KNZ",1951,6,1951-06-01
-0.700143039226532,-106.75,34.25,"SEV_BLACK",1951,6,1951-06-01
-0.700143039226532,-106.75,34.25,"SEV_BLUE",1951,6,1951-06-01
0.703952312469482,-104.75,40.75,"SGS",1951,6,1951-06-01
0.448557168245316,-104.75,41.25,"CHY",1951,7,1951-07-01
2.11056280136108,-99.25,38.75,"HAYS",1951,7,1951-07-01
2.577303647995,-96.75,39.25,"KNZ",1951,7,1951-07-01
-1.2094863653183,-106.75,34.25,"SEV_BLACK",1951,7,1951-07-01
-1.2094863653183,-106.75,34.25,"SEV_BLUE",1951,7,1951-07-01
0.445789128541946,-104.75,40.75,"SGS",1951,7,1951-07-01
0.774589359760284,-104.75,41.25,"CHY",1951,8,1951-08-01
2.03383755683899,-99.25,38.75,"HAYS",1951,8,1951-08-01
2.6925961971283,-96.75,39.25,"KNZ",1951,8,1951-08-01
-1.12415945529938,-106.75,34.25,"SEV_BLACK",1951,8,1951-08-01
-1.12415945529938,-106.75,34.25,"SEV_BLUE",1951,8,1951-08-01
0.64677757024765,-104.75,40.75,"SGS",1951,8,1951-08-01
0.903208911418915,-104.75,41.25,"CHY",1951,9,1951-09-01
2.21171283721924,-99.25,38.75,"HAYS",1951,9,1951-09-01
2.74382925033569,-96.75,39.25,"KNZ",1951,9,1951-09-01
-1.73420083522797,-106.75,34.25,"SEV_BLACK",1951,9,1951-09-01
-1.73420083522797,-106.75,34.25,"SEV_BLUE",1951,9,1951-09-01
0.67895120382309,-104.75,40.75,"SGS",1951,9,1951-09-01
1.10736727714539,-104.75,41.25,"CHY",1951,10,1951-10-01
2.13095617294312,-99.25,38.75,"HAYS",1951,10,1951-10-01
2.71737790107727,-96.75,39.25,"KNZ",1951,10,1951-10-01
-1.98549282550812,-106.75,34.25,"SEV_BLACK",1951,10,1951-10-01
-1.98549282550812,-106.75,34.25,"SEV_BLUE",1951,10,1951-10-01
0.907555282115936,-104.75,40.75,"SGS",1951,10,1951-10-01
1.29074084758759,-104.75,41.25,"CHY",1951,11,1951-11-01
1.88766694068909,-99.25,38.75,"HAYS",1951,11,1951-11-01
2.72042489051819,-96.75,39.25,"KNZ",1951,11,1951-11-01
-1.78177118301392,-106.75,34.25,"SEV_BLACK",1951,11,1951-11-01
-1.78177118301392,-106.75,34.25,"SEV_BLUE",1951,11,1951-11-01
1.09610331058502,-104.75,40.75,"SGS",1951,11,1951-11-01
1.19242322444916,-104.75,41.25,"CHY",1951,12,1951-12-01
1.28461027145386,-99.25,38.75,"HAYS",1951,12,1951-12-01
2.06224584579468,-96.75,39.25,"KNZ",1951,12,1951-12-01
-1.47816812992096,-106.75,34.25,"SEV_BLACK",1951,12,1951-12-01
-1.47816812992096,-106.75,34.25,"SEV_BLUE",1951,12,1951-12-01
0.911968886852264,-104.75,40.75,"SGS",1951,12,1951-12-01
0.99601936340332,-104.75,41.25,"CHY",1952,1,1952-01-01
0.784014403820038,-99.25,38.75,"HAYS",1952,1,1952-01-01
1.63750171661377,-96.75,39.25,"KNZ",1952,1,1952-01-01
-1.26118779182434,-106.75,34.25,"SEV_BLACK",1952,1,1952-01-01
-1.26118779182434,-106.75,34.25,"SEV_BLUE",1952,1,1952-01-01
0.911917865276337,-104.75,40.75,"SGS",1952,1,1952-01-01
0.856704115867615,-104.75,41.25,"CHY",1952,2,1952-02-01
0.397113502025604,-99.25,38.75,"HAYS",1952,2,1952-02-01
1.13525867462158,-96.75,39.25,"KNZ",1952,2,1952-02-01
-1.4107358455658,-106.75,34.25,"SEV_BLACK",1952,2,1952-02-01
-1.4107358455658,-106.75,34.25,"SEV_BLUE",1952,2,1952-02-01
0.719598591327667,-104.75,40.75,"SGS",1952,2,1952-02-01
1.3616840839386,-104.75,41.25,"CHY",1952,3,1952-03-01
0.132169812917709,-99.25,38.75,"HAYS",1952,3,1952-03-01
0.664858162403107,-96.75,39.25,"KNZ",1952,3,1952-03-01
-0.177535057067871,-106.75,34.25,"SEV_BLACK",1952,3,1952-03-01
-0.177535057067871,-106.75,34.25,"SEV_BLUE",1952,3,1952-03-01
1.21558833122253,-104.75,40.75,"SGS",1952,3,1952-03-01
0.171253263950348,-104.75,41.25,"CHY",1952,4,1952-04-01
0.675030767917633,-99.25,38.75,"HAYS",1952,4,1952-04-01
0.895897448062897,-96.75,39.25,"KNZ",1952,4,1952-04-01
0.349184334278107,-106.75,34.25,"SEV_BLACK",1952,4,1952-04-01
0.349184334278107,-106.75,34.25,"SEV_BLUE",1952,4,1952-04-01
0.259008496999741,-104.75,40.75,"SGS",1952,4,1952-04-01
0.402576506137848,-104.75,41.25,"CHY",1952,5,1952-05-01
0.32129755616188,-99.25,38.75,"HAYS",1952,5,1952-05-01
0.581755459308624,-96.75,39.25,"KNZ",1952,5,1952-05-01
0.283234566450119,-106.75,34.25,"SEV_BLACK",1952,5,1952-05-01
0.283234566450119,-106.75,34.25,"SEV_BLUE",1952,5,1952-05-01
0.434823244810104,-104.75,40.75,"SGS",1952,5,1952-05-01
-0.264885574579239,-104.75,41.25,"CHY",1952,6,1952-06-01
-0.914653301239014,-99.25,38.75,"HAYS",1952,6,1952-06-01
-0.612203598022461,-96.75,39.25,"KNZ",1952,6,1952-06-01
0.616547107696533,-106.75,34.25,"SEV_BLACK",1952,6,1952-06-01
0.616547107696533,-106.75,34.25,"SEV_BLUE",1952,6,1952-06-01
-0.296589881181717,-104.75,40.75,"SGS",1952,6,1952-06-01
-0.41186261177063,-104.75,41.25,"CHY",1952,7,1952-07-01
-0.86376291513443,-99.25,38.75,"HAYS",1952,7,1952-07-01
-0.863006770610809,-96.75,39.25,"KNZ",1952,7,1952-07-01
0.796796262264252,-106.75,34.25,"SEV_BLACK",1952,7,1952-07-01
0.796796262264252,-106.75,34.25,"SEV_BLUE",1952,7,1952-07-01
-0.472845703363419,-104.75,40.75,"SGS",1952,7,1952-07-01
-0.390905529260635,-104.75,41.25,"CHY",1952,8,1952-08-01
-0.745578825473785,-99.25,38.75,"HAYS",1952,8,1952-08-01
-0.621537089347839,-96.75,39.25,"KNZ",1952,8,1952-08-01
0.489549696445465,-106.75,34.25,"SEV_BLACK",1952,8,1952-08-01
0.489549696445465,-106.75,34.25,"SEV_BLUE",1952,8,1952-08-01
-0.369287401437759,-104.75,40.75,"SGS",1952,8,1952-08-01
-0.948863089084625,-104.75,41.25,"CHY",1952,9,1952-09-01
-1.4045969247818,-99.25,38.75,"HAYS",1952,9,1952-09-01
-1.40129363536835,-96.75,39.25,"KNZ",1952,9,1952-09-01
-0.0760801658034325,-106.75,34.25,"SEV_BLACK",1952,9,1952-09-01
-0.0760801658034325,-106.75,34.25,"SEV_BLUE",1952,9,1952-09-01
-1.01338028907776,-104.75,40.75,"SGS",1952,9,1952-09-01
-1.07062697410583,-104.75,41.25,"CHY",1952,10,1952-10-01
-1.92785882949829,-99.25,38.75,"HAYS",1952,10,1952-10-01
-1.83341252803802,-96.75,39.25,"KNZ",1952,10,1952-10-01
-0.929403483867645,-106.75,34.25,"SEV_BLACK",1952,10,1952-10-01
-0.929403483867645,-106.75,34.25,"SEV_BLUE",1952,10,1952-10-01
-1.25184082984924,-104.75,40.75,"SGS",1952,10,1952-10-01
-1.11256647109985,-104.75,41.25,"CHY",1952,11,1952-11-01
-1.84620296955109,-99.25,38.75,"HAYS",1952,11,1952-11-01
-1.79355382919312,-96.75,39.25,"KNZ",1952,11,1952-11-01
-0.795870423316956,-106.75,34.25,"SEV_BLACK",1952,11,1952-11-01
-0.795870423316956,-106.75,34.25,"SEV_BLUE",1952,11,1952-11-01
-1.26475870609283,-104.75,40.75,"SGS",1952,11,1952-11-01
-0.925989866256714,-104.75,41.25,"CHY",1952,12,1952-12-01
-1.16560792922974,-99.25,38.75,"HAYS",1952,12,1952-12-01
-1.24954640865326,-96.75,39.25,"KNZ",1952,12,1952-12-01
-1.0103200674057,-106.75,34.25,"SEV_BLACK",1952,12,1952-12-01
-1.0103200674057,-106.75,34.25,"SEV_BLUE",1952,12,1952-12-01
-1.08316242694855,-104.75,40.75,"SGS",1952,12,1952-12-01
-1.04729032516479,-104.75,41.25,"CHY",1953,1,1953-01-01
-1.48160302639008,-99.25,38.75,"HAYS",1953,1,1953-01-01
-1.19833528995514,-96.75,39.25,"KNZ",1953,1,1953-01-01
-1.39745593070984,-106.75,34.25,"SEV_BLACK",1953,1,1953-01-01
-1.39745593070984,-106.75,34.25,"SEV_BLUE",1953,1,1953-01-01
-1.09131371974945,-104.75,40.75,"SGS",1953,1,1953-01-01
-1.09930300712585,-104.75,41.25,"CHY",1953,2,1953-02-01
-1.90988528728485,-99.25,38.75,"HAYS",1953,2,1953-02-01
-1.75401055812836,-96.75,39.25,"KNZ",1953,2,1953-02-01
-0.89854896068573,-106.75,34.25,"SEV_BLACK",1953,2,1953-02-01
-0.89854896068573,-106.75,34.25,"SEV_BLUE",1953,2,1953-02-01
-1.17838788032532,-104.75,40.75,"SGS",1953,2,1953-02-01
-0.913385152816772,-104.75,41.25,"CHY",1953,3,1953-03-01
-0.972289323806763,-99.25,38.75,"HAYS",1953,3,1953-03-01
-0.746565699577332,-96.75,39.25,"KNZ",1953,3,1953-03-01
-0.39047384262085,-106.75,34.25,"SEV_BLACK",1953,3,1953-03-01
-0.39047384262085,-106.75,34.25,"SEV_BLUE",1953,3,1953-03-01
-0.699286580085754,-104.75,40.75,"SGS",1953,3,1953-03-01
0.174997672438622,-104.75,41.25,"CHY",1953,4,1953-04-01
-0.261382967233658,-99.25,38.75,"HAYS",1953,4,1953-04-01
0.11021738499403,-96.75,39.25,"KNZ",1953,4,1953-04-01
0.609362065792084,-106.75,34.25,"SEV_BLACK",1953,4,1953-04-01
0.609362065792084,-106.75,34.25,"SEV_BLUE",1953,4,1953-04-01
0.346049726009369,-104.75,40.75,"SGS",1953,4,1953-04-01
-0.459748476743698,-104.75,41.25,"CHY",1953,5,1953-05-01
-0.610586404800415,-99.25,38.75,"HAYS",1953,5,1953-05-01
-0.109445087611675,-96.75,39.25,"KNZ",1953,5,1953-05-01
0.546989738941193,-106.75,34.25,"SEV_BLACK",1953,5,1953-05-01
0.546989738941193,-106.75,34.25,"SEV_BLUE",1953,5,1953-05-01
-0.142978698015213,-104.75,40.75,"SGS",1953,5,1953-05-01
-0.169822588562965,-104.75,41.25,"CHY",1953,6,1953-06-01
-1.32598769664764,-99.25,38.75,"HAYS",1953,6,1953-06-01
-0.958252310752869,-96.75,39.25,"KNZ",1953,6,1953-06-01
0.389568030834198,-106.75,34.25,"SEV_BLACK",1953,6,1953-06-01
0.389568030834198,-106.75,34.25,"SEV_BLUE",1953,6,1953-06-01
0.0994470492005348,-104.75,40.75,"SGS",1953,6,1953-06-01
0.402616322040558,-104.75,41.25,"CHY",1953,7,1953-07-01
-0.695783853530884,-99.25,38.75,"HAYS",1953,7,1953-07-01
-0.808306217193604,-96.75,39.25,"KNZ",1953,7,1953-07-01
0.585927546024323,-106.75,34.25,"SEV_BLACK",1953,7,1953-07-01
0.585927546024323,-106.75,34.25,"SEV_BLUE",1953,7,1953-07-01
0.508579671382904,-104.75,40.75,"SGS",1953,7,1953-07-01
0.294087111949921,-104.75,41.25,"CHY",1953,8,1953-08-01
-0.539726912975311,-99.25,38.75,"HAYS",1953,8,1953-08-01
-0.877019464969635,-96.75,39.25,"KNZ",1953,8,1953-08-01
-0.0775021985173225,-106.75,34.25,"SEV_BLACK",1953,8,1953-08-01
-0.0775021985173225,-106.75,34.25,"SEV_BLUE",1953,8,1953-08-01
0.385244429111481,-104.75,40.75,"SGS",1953,8,1953-08-01
0.0775810927152634,-104.75,41.25,"CHY",1953,9,1953-09-01
-0.848086297512054,-99.25,38.75,"HAYS",1953,9,1953-09-01
-1.17120897769928,-96.75,39.25,"KNZ",1953,9,1953-09-01
-0.970370292663574,-106.75,34.25,"SEV_BLACK",1953,9,1953-09-01
-0.970370292663574,-106.75,34.25,"SEV_BLUE",1953,9,1953-09-01
0.0772381871938705,-104.75,40.75,"SGS",1953,9,1953-09-01
-0.365727484226227,-104.75,41.25,"CHY",1953,10,1953-10-01
-0.926694393157959,-99.25,38.75,"HAYS",1953,10,1953-10-01
-1.36396968364716,-96.75,39.25,"KNZ",1953,10,1953-10-01
-1.39194309711456,-106.75,34.25,"SEV_BLACK",1953,10,1953-10-01
-1.39194309711456,-106.75,34.25,"SEV_BLUE",1953,10,1953-10-01
-0.375729322433472,-104.75,40.75,"SGS",1953,10,1953-10-01
-0.285532385110855,-104.75,41.25,"CHY",1953,11,1953-11-01
-0.442772299051285,-99.25,38.75,"HAYS",1953,11,1953-11-01
-1.57638776302338,-96.75,39.25,"KNZ",1953,11,1953-11-01
-1.5230860710144,-106.75,34.25,"SEV_BLACK",1953,11,1953-11-01
-1.5230860710144,-106.75,34.25,"SEV_BLUE",1953,11,1953-11-01
-0.32953006029129,-104.75,40.75,"SGS",1953,11,1953-11-01
-0.578860342502594,-104.75,41.25,"CHY",1953,12,1953-12-01
0.255259990692139,-99.25,38.75,"HAYS",1953,12,1953-12-01
-1.23532855510712,-96.75,39.25,"KNZ",1953,12,1953-12-01
-1.40248203277588,-106.75,34.25,"SEV_BLACK",1953,12,1953-12-01
-1.40248203277588,-106.75,34.25,"SEV_BLUE",1953,12,1953-12-01
-0.625461637973785,-104.75,40.75,"SGS",1953,12,1953-12-01
-1.55295121669769,-104.75,41.25,"CHY",1954,1,1954-01-01
-0.20729672908783,-99.25,38.75,"HAYS",1954,1,1954-01-01
-1.53748190402985,-96.75,39.25,"KNZ",1954,1,1954-01-01
-1.54174244403839,-106.75,34.25,"SEV_BLACK",1954,1,1954-01-01
-1.54174244403839,-106.75,34.25,"SEV_BLUE",1954,1,1954-01-01
-1.43207502365112,-104.75,40.75,"SGS",1954,1,1954-01-01
-2.28521418571472,-104.75,41.25,"CHY",1954,2,1954-02-01
-0.549468100070953,-99.25,38.75,"HAYS",1954,2,1954-02-01
-1.51534593105316,-96.75,39.25,"KNZ",1954,2,1954-02-01
-1.66355109214783,-106.75,34.25,"SEV_BLACK",1954,2,1954-02-01
-1.66355109214783,-106.75,34.25,"SEV_BLUE",1954,2,1954-02-01
-2.21514582633972,-104.75,40.75,"SGS",1954,2,1954-02-01
-1.04943943023682,-104.75,41.25,"CHY",1954,3,1954-03-01
-0.0255288332700729,-99.25,38.75,"HAYS",1954,3,1954-03-01
-1.38296473026276,-96.75,39.25,"KNZ",1954,3,1954-03-01
-0.906635403633118,-106.75,34.25,"SEV_BLACK",1954,3,1954-03-01
-0.906635403633118,-106.75,34.25,"SEV_BLUE",1954,3,1954-03-01
-1.05316019058228,-104.75,40.75,"SGS",1954,3,1954-03-01
-1.38557434082031,-104.75,41.25,"CHY",1954,4,1954-04-01
-0.238446816802025,-99.25,38.75,"HAYS",1954,4,1954-04-01
-1.00093197822571,-96.75,39.25,"KNZ",1954,4,1954-04-01
-1.17137038707733,-106.75,34.25,"SEV_BLACK",1954,4,1954-04-01
-1.17137038707733,-106.75,34.25,"SEV_BLUE",1954,4,1954-04-01
-1.52107036113739,-104.75,40.75,"SGS",1954,4,1954-04-01
-1.3237544298172,-104.75,41.25,"CHY",1954,5,1954-05-01
-0.225866824388504,-99.25,38.75,"HAYS",1954,5,1954-05-01
-0.567850649356842,-96.75,39.25,"KNZ",1954,5,1954-05-01
-1.15535879135132,-106.75,34.25,"SEV_BLACK",1954,5,1954-05-01
-1.15535879135132,-106.75,34.25,"SEV_BLUE",1954,5,1954-05-01
-1.64305746555328,-104.75,40.75,"SGS",1954,5,1954-05-01
-1.36861109733582,-104.75,41.25,"CHY",1954,6,1954-06-01
-0.896296381950378,-99.25,38.75,"HAYS",1954,6,1954-06-01
-0.563048601150513,-96.75,39.25,"KNZ",1954,6,1954-06-01
-1.38422036170959,-106.75,34.25,"SEV_BLACK",1954,6,1954-06-01
-1.38422036170959,-106.75,34.25,"SEV_BLUE",1954,6,1954-06-01
-1.71965706348419,-104.75,40.75,"SGS",1954,6,1954-06-01
-1.15573859214783,-104.75,41.25,"CHY",1954,7,1954-07-01
-1.40486097335815,-99.25,38.75,"HAYS",1954,7,1954-07-01
-0.910681128501892,-96.75,39.25,"KNZ",1954,7,1954-07-01
-1.51279985904694,-106.75,34.25,"SEV_BLACK",1954,7,1954-07-01
-1.51279985904694,-106.75,34.25,"SEV_BLUE",1954,7,1954-07-01
-1.56417536735535,-104.75,40.75,"SGS",1954,7,1954-07-01
-0.783800363540649,-104.75,41.25,"CHY",1954,8,1954-08-01
-1.26158833503723,-99.25,38.75,"HAYS",1954,8,1954-08-01
-0.247909605503082,-96.75,39.25,"KNZ",1954,8,1954-08-01
-1.00551772117615,-106.75,34.25,"SEV_BLACK",1954,8,1954-08-01
-1.00551772117615,-106.75,34.25,"SEV_BLUE",1954,8,1954-08-01
-1.18439877033234,-104.75,40.75,"SGS",1954,8,1954-08-01
-1.14705002307892,-104.75,41.25,"CHY",1954,9,1954-09-01
-1.40174567699432,-99.25,38.75,"HAYS",1954,9,1954-09-01
-0.550978899002075,-96.75,39.25,"KNZ",1954,9,1954-09-01
-1.14978039264679,-106.75,34.25,"SEV_BLACK",1954,9,1954-09-01
-1.14978039264679,-106.75,34.25,"SEV_BLUE",1954,9,1954-09-01
-1.43317222595215,-104.75,40.75,"SGS",1954,9,1954-09-01
-0.78286600112915,-104.75,41.25,"CHY",1954,10,1954-10-01
-1.05058991909027,-99.25,38.75,"HAYS",1954,10,1954-10-01
-0.267077594995499,-96.75,39.25,"KNZ",1954,10,1954-10-01
-0.833555519580841,-106.75,34.25,"SEV_BLACK",1954,10,1954-10-01
-0.833555519580841,-106.75,34.25,"SEV_BLUE",1954,10,1954-10-01
-1.11354792118073,-104.75,40.75,"SGS",1954,10,1954-10-01
-0.834850072860718,-104.75,41.25,"CHY",1954,11,1954-11-01
-1.72335851192474,-99.25,38.75,"HAYS",1954,11,1954-11-01
-0.81551593542099,-96.75,39.25,"KNZ",1954,11,1954-11-01
-1.10062217712402,-106.75,34.25,"SEV_BLACK",1954,11,1954-11-01
-1.10062217712402,-106.75,34.25,"SEV_BLUE",1954,11,1954-11-01
-1.11715066432953,-104.75,40.75,"SGS",1954,11,1954-11-01
-0.849865555763245,-104.75,41.25,"CHY",1954,12,1954-12-01
-1.82285249233246,-99.25,38.75,"HAYS",1954,12,1954-12-01
-1.05228435993195,-96.75,39.25,"KNZ",1954,12,1954-12-01
-0.997096478939056,-106.75,34.25,"SEV_BLACK",1954,12,1954-12-01
-0.997096478939056,-106.75,34.25,"SEV_BLUE",1954,12,1954-12-01
-1.05646181106567,-104.75,40.75,"SGS",1954,12,1954-12-01
-0.585584104061127,-104.75,41.25,"CHY",1955,1,1955-01-01
-1.46562957763672,-99.25,38.75,"HAYS",1955,1,1955-01-01
-0.412528157234192,-96.75,39.25,"KNZ",1955,1,1955-01-01
-0.593250393867493,-106.75,34.25,"SEV_BLACK",1955,1,1955-01-01
-0.593250393867493,-106.75,34.25,"SEV_BLUE",1955,1,1955-01-01
-0.868390738964081,-104.75,40.75,"SGS",1955,1,1955-01-01
-0.33956441283226,-104.75,41.25,"CHY",1955,2,1955-02-01
-1.02091777324677,-99.25,38.75,"HAYS",1955,2,1955-02-01
-0.919389545917511,-96.75,39.25,"KNZ",1955,2,1955-02-01
-0.821393191814423,-106.75,34.25,"SEV_BLACK",1955,2,1955-02-01
-0.821393191814423,-106.75,34.25,"SEV_BLUE",1955,2,1955-02-01
-0.598493993282318,-104.75,40.75,"SGS",1955,2,1955-02-01
-0.0699160620570183,-104.75,41.25,"CHY",1955,3,1955-03-01
-0.676155149936676,-99.25,38.75,"HAYS",1955,3,1955-03-01
-0.279779732227325,-96.75,39.25,"KNZ",1955,3,1955-03-01
-0.922006368637085,-106.75,34.25,"SEV_BLACK",1955,3,1955-03-01
-0.922006368637085,-106.75,34.25,"SEV_BLUE",1955,3,1955-03-01
-0.437608540058136,-104.75,40.75,"SGS",1955,3,1955-03-01
-0.49936506152153,-104.75,41.25,"CHY",1955,4,1955-04-01
-1.11159408092499,-99.25,38.75,"HAYS",1955,4,1955-04-01
-1.07663667201996,-96.75,39.25,"KNZ",1955,4,1955-04-01
-0.983115971088409,-106.75,34.25,"SEV_BLACK",1955,4,1955-04-01
-0.983115971088409,-106.75,34.25,"SEV_BLUE",1955,4,1955-04-01
-0.953655779361725,-104.75,40.75,"SGS",1955,4,1955-04-01
-0.26549506187439,-104.75,41.25,"CHY",1955,5,1955-05-01
-0.469711095094681,-99.25,38.75,"HAYS",1955,5,1955-05-01
-0.830642700195312,-96.75,39.25,"KNZ",1955,5,1955-05-01
-0.68749064207077,-106.75,34.25,"SEV_BLACK",1955,5,1955-05-01
-0.68749064207077,-106.75,34.25,"SEV_BLUE",1955,5,1955-05-01
-0.750615894794464,-104.75,40.75,"SGS",1955,5,1955-05-01
0.692277550697327,-104.75,41.25,"CHY",1955,6,1955-06-01
-0.0707936659455299,-99.25,38.75,"HAYS",1955,6,1955-06-01
-0.366404801607132,-96.75,39.25,"KNZ",1955,6,1955-06-01
-0.541310429573059,-106.75,34.25,"SEV_BLACK",1955,6,1955-06-01
-0.541310429573059,-106.75,34.25,"SEV_BLUE",1955,6,1955-06-01
0.126626700162888,-104.75,40.75,"SGS",1955,6,1955-06-01
0.12319502979517,-104.75,41.25,"CHY",1955,7,1955-07-01
-0.477237701416016,-99.25,38.75,"HAYS",1955,7,1955-07-01
-0.825015366077423,-96.75,39.25,"KNZ",1955,7,1955-07-01
-0.213584527373314,-106.75,34.25,"SEV_BLACK",1955,7,1955-07-01
-0.213584527373314,-106.75,34.25,"SEV_BLUE",1955,7,1955-07-01
-0.254882842302322,-104.75,40.75,"SGS",1955,7,1955-07-01
0.0590426214039326,-104.75,41.25,"CHY",1955,8,1955-08-01
-1.05636823177338,-99.25,38.75,"HAYS",1955,8,1955-08-01
-1.33187425136566,-96.75,39.25,"KNZ",1955,8,1955-08-01
0.138533189892769,-106.75,34.25,"SEV_BLACK",1955,8,1955-08-01
0.138533189892769,-106.75,34.25,"SEV_BLUE",1955,8,1955-08-01
-0.299947619438171,-104.75,40.75,"SGS",1955,8,1955-08-01
0.0382093265652657,-104.75,41.25,"CHY",1955,9,1955-09-01
-0.525258779525757,-99.25,38.75,"HAYS",1955,9,1955-09-01
-1.12762141227722,-96.75,39.25,"KNZ",1955,9,1955-09-01
-0.213852077722549,-106.75,34.25,"SEV_BLACK",1955,9,1955-09-01
-0.213852077722549,-106.75,34.25,"SEV_BLUE",1955,9,1955-09-01
-0.194916114211082,-104.75,40.75,"SGS",1955,9,1955-09-01
0.0610538609325886,-104.75,41.25,"CHY",1955,10,1955-10-01
-0.693547666072845,-99.25,38.75,"HAYS",1955,10,1955-10-01
-1.0195734500885,-96.75,39.25,"KNZ",1955,10,1955-10-01
-0.285781711339951,-106.75,34.25,"SEV_BLACK",1955,10,1955-10-01
-0.285781711339951,-106.75,34.25,"SEV_BLUE",1955,10,1955-10-01
-0.031072311103344,-104.75,40.75,"SGS",1955,10,1955-10-01
0.467131972312927,-104.75,41.25,"CHY",1955,11,1955-11-01
-0.804419696331024,-99.25,38.75,"HAYS",1955,11,1955-11-01
-0.976776003837585,-96.75,39.25,"KNZ",1955,11,1955-11-01
-0.492058008909225,-106.75,34.25,"SEV_BLACK",1955,11,1955-11-01
-0.492058008909225,-106.75,34.25,"SEV_BLUE",1955,11,1955-11-01
0.410940647125244,-104.75,40.75,"SGS",1955,11,1955-11-01
-0.420287787914276,-104.75,41.25,"CHY",1955,12,1955-12-01
-1.117711186409,-99.25,38.75,"HAYS",1955,12,1955-12-01
-1.30665695667267,-96.75,39.25,"KNZ",1955,12,1955-12-01
-0.745319247245789,-106.75,34.25,"SEV_BLACK",1955,12,1955-12-01
-0.745319247245789,-106.75,34.25,"SEV_BLUE",1955,12,1955-12-01
-0.307364404201508,-104.75,40.75,"SGS",1955,12,1955-12-01
-0.0557339079678059,-104.75,41.25,"CHY",1956,1,1956-01-01
-0.90195232629776,-99.25,38.75,"HAYS",1956,1,1956-01-01
-1.12893640995026,-96.75,39.25,"KNZ",1956,1,1956-01-01
-1.42279171943665,-106.75,34.25,"SEV_BLACK",1956,1,1956-01-01
-1.42279171943665,-106.75,34.25,"SEV_BLUE",1956,1,1956-01-01
0.106311343610287,-104.75,40.75,"SGS",1956,1,1956-01-01
-0.164935439825058,-104.75,41.25,"CHY",1956,2,1956-02-01
0.248511448502541,-99.25,38.75,"HAYS",1956,2,1956-02-01
-0.54283744096756,-96.75,39.25,"KNZ",1956,2,1956-02-01
-1.58424532413483,-106.75,34.25,"SEV_BLACK",1956,2,1956-02-01
-1.58424532413483,-106.75,34.25,"SEV_BLUE",1956,2,1956-02-01
0.136181980371475,-104.75,40.75,"SGS",1956,2,1956-02-01
-0.474899590015411,-104.75,41.25,"CHY",1956,3,1956-03-01
-0.94384628534317,-99.25,38.75,"HAYS",1956,3,1956-03-01
-1.17965364456177,-96.75,39.25,"KNZ",1956,3,1956-03-01
-1.48661255836487,-106.75,34.25,"SEV_BLACK",1956,3,1956-03-01
-1.48661255836487,-106.75,34.25,"SEV_BLUE",1956,3,1956-03-01
-0.324817508459091,-104.75,40.75,"SGS",1956,3,1956-03-01
0.0506803132593632,-104.75,41.25,"CHY",1956,4,1956-04-01
-0.653827011585236,-99.25,38.75,"HAYS",1956,4,1956-04-01
-1.23335266113281,-96.75,39.25,"KNZ",1956,4,1956-04-01
-1.44630193710327,-106.75,34.25,"SEV_BLACK",1956,4,1956-04-01
-1.44630193710327,-106.75,34.25,"SEV_BLUE",1956,4,1956-04-01
-0.00753592187538743,-104.75,40.75,"SGS",1956,4,1956-04-01
-0.556088924407959,-104.75,41.25,"CHY",1956,5,1956-05-01
-1.09839487075806,-99.25,38.75,"HAYS",1956,5,1956-05-01
-1.60964632034302,-96.75,39.25,"KNZ",1956,5,1956-05-01
-1.78864538669586,-106.75,34.25,"SEV_BLACK",1956,5,1956-05-01
-1.78864538669586,-106.75,34.25,"SEV_BLUE",1956,5,1956-05-01
-0.506914615631104,-104.75,40.75,"SGS",1956,5,1956-05-01
-1.12596416473389,-104.75,41.25,"CHY",1956,6,1956-06-01
-1.6435010433197,-99.25,38.75,"HAYS",1956,6,1956-06-01
-1.5176694393158,-96.75,39.25,"KNZ",1956,6,1956-06-01
-1.76203739643097,-106.75,34.25,"SEV_BLACK",1956,6,1956-06-01
-1.76203739643097,-106.75,34.25,"SEV_BLUE",1956,6,1956-06-01
-0.92965692281723,-104.75,40.75,"SGS",1956,6,1956-06-01
-0.701317250728607,-104.75,41.25,"CHY",1956,7,1956-07-01
-1.49986135959625,-99.25,38.75,"HAYS",1956,7,1956-07-01
-1.27683043479919,-96.75,39.25,"KNZ",1956,7,1956-07-01
-1.4903758764267,-106.75,34.25,"SEV_BLACK",1956,7,1956-07-01
-1.4903758764267,-106.75,34.25,"SEV_BLUE",1956,7,1956-07-01
-0.46729838848114,-104.75,40.75,"SGS",1956,7,1956-07-01
-0.612639784812927,-104.75,41.25,"CHY",1956,8,1956-08-01
-1.79740345478058,-99.25,38.75,"HAYS",1956,8,1956-08-01
-1.50715398788452,-96.75,39.25,"KNZ",1956,8,1956-08-01
-2.00913381576538,-106.75,34.25,"SEV_BLACK",1956,8,1956-08-01
-2.00913381576538,-106.75,34.25,"SEV_BLUE",1956,8,1956-08-01
-0.445105940103531,-104.75,40.75,"SGS",1956,8,1956-08-01
-0.880083441734314,-104.75,41.25,"CHY",1956,9,1956-09-01
-2.01347947120667,-99.25,38.75,"HAYS",1956,9,1956-09-01
-1.77004671096802,-96.75,39.25,"KNZ",1956,9,1956-09-01
-2.034348487854,-106.75,34.25,"SEV_BLACK",1956,9,1956-09-01
-2.034348487854,-106.75,34.25,"SEV_BLUE",1956,9,1956-09-01
-0.770073294639587,-104.75,40.75,"SGS",1956,9,1956-09-01
-1.17080473899841,-104.75,41.25,"CHY",1956,10,1956-10-01
-1.97040724754333,-99.25,38.75,"HAYS",1956,10,1956-10-01
-1.7212541103363,-96.75,39.25,"KNZ",1956,10,1956-10-01
-2.10336971282959,-106.75,34.25,"SEV_BLACK",1956,10,1956-10-01
-2.10336971282959,-106.75,34.25,"SEV_BLUE",1956,10,1956-10-01
-0.967891037464142,-104.75,40.75,"SGS",1956,10,1956-10-01
-1.00870966911316,-104.75,41.25,"CHY",1956,11,1956-11-01
-1.9482250213623,-99.25,38.75,"HAYS",1956,11,1956-11-01
-1.64310443401337,-96.75,39.25,"KNZ",1956,11,1956-11-01
-1.83327448368073,-106.75,34.25,"SEV_BLACK",1956,11,1956-11-01
-1.83327448368073,-106.75,34.25,"SEV_BLUE",1956,11,1956-11-01
-0.604296207427979,-104.75,40.75,"SGS",1956,11,1956-11-01
-0.528729438781738,-104.75,41.25,"CHY",1956,12,1956-12-01
-1.82856738567352,-99.25,38.75,"HAYS",1956,12,1956-12-01
-1.73034870624542,-96.75,39.25,"KNZ",1956,12,1956-12-01
-1.79039251804352,-106.75,34.25,"SEV_BLACK",1956,12,1956-12-01
-1.79039251804352,-106.75,34.25,"SEV_BLUE",1956,12,1956-12-01
-0.151550009846687,-104.75,40.75,"SGS",1956,12,1956-12-01
-0.952740609645844,-104.75,41.25,"CHY",1957,1,1957-01-01
-2.24023532867432,-99.25,38.75,"HAYS",1957,1,1957-01-01
-2.05267715454102,-96.75,39.25,"KNZ",1957,1,1957-01-01
-1.93589806556702,-106.75,34.25,"SEV_BLACK",1957,1,1957-01-01
-1.93589806556702,-106.75,34.25,"SEV_BLUE",1957,1,1957-01-01
-0.551879703998566,-104.75,40.75,"SGS",1957,1,1957-01-01
-1.63554167747498,-104.75,41.25,"CHY",1957,2,1957-02-01
-2.07101821899414,-99.25,38.75,"HAYS",1957,2,1957-02-01
-1.84709346294403,-96.75,39.25,"KNZ",1957,2,1957-02-01
-1.78951466083527,-106.75,34.25,"SEV_BLACK",1957,2,1957-02-01
-1.78951466083527,-106.75,34.25,"SEV_BLUE",1957,2,1957-02-01
-1.19288647174835,-104.75,40.75,"SGS",1957,2,1957-02-01
-0.721856534481049,-104.75,41.25,"CHY",1957,3,1957-03-01
-0.135479345917702,-99.25,38.75,"HAYS",1957,3,1957-03-01
-0.4418585896492,-96.75,39.25,"KNZ",1957,3,1957-03-01
-0.729015409946442,-106.75,34.25,"SEV_BLACK",1957,3,1957-03-01
-0.729015409946442,-106.75,34.25,"SEV_BLUE",1957,3,1957-03-01
-0.1999551653862,-104.75,40.75,"SGS",1957,3,1957-03-01
0.78803825378418,-104.75,41.25,"CHY",1957,4,1957-04-01
0.841898202896118,-99.25,38.75,"HAYS",1957,4,1957-04-01
0.829561352729797,-96.75,39.25,"KNZ",1957,4,1957-04-01
-0.341246545314789,-106.75,34.25,"SEV_BLACK",1957,4,1957-04-01
-0.341246545314789,-106.75,34.25,"SEV_BLUE",1957,4,1957-04-01
1.29985737800598,-104.75,40.75,"SGS",1957,4,1957-04-01
1.83438956737518,-104.75,41.25,"CHY",1957,5,1957-05-01
1.59260427951813,-99.25,38.75,"HAYS",1957,5,1957-05-01
1.23225104808807,-96.75,39.25,"KNZ",1957,5,1957-05-01
0.113771319389343,-106.75,34.25,"SEV_BLACK",1957,5,1957-05-01
0.113771319389343,-106.75,34.25,"SEV_BLUE",1957,5,1957-05-01
2.0529773235321,-104.75,40.75,"SGS",1957,5,1957-05-01
1.78069114685059,-104.75,41.25,"CHY",1957,6,1957-06-01
2.10563540458679,-99.25,38.75,"HAYS",1957,6,1957-06-01
1.42658233642578,-96.75,39.25,"KNZ",1957,6,1957-06-01
0.260736435651779,-106.75,34.25,"SEV_BLACK",1957,6,1957-06-01
0.260736435651779,-106.75,34.25,"SEV_BLUE",1957,6,1957-06-01
1.99541246891022,-104.75,40.75,"SGS",1957,6,1957-06-01
1.60497796535492,-104.75,41.25,"CHY",1957,7,1957-07-01
1.69448184967041,-99.25,38.75,"HAYS",1957,7,1957-07-01
0.993359982967377,-96.75,39.25,"KNZ",1957,7,1957-07-01
0.614875495433807,-106.75,34.25,"SEV_BLACK",1957,7,1957-07-01
0.614875495433807,-106.75,34.25,"SEV_BLUE",1957,7,1957-07-01
1.65066432952881,-104.75,40.75,"SGS",1957,7,1957-07-01
1.96952426433563,-104.75,41.25,"CHY",1957,8,1957-08-01
1.47118711471558,-99.25,38.75,"HAYS",1957,8,1957-08-01
0.827308356761932,-96.75,39.25,"KNZ",1957,8,1957-08-01
1.32878863811493,-106.75,34.25,"SEV_BLACK",1957,8,1957-08-01
1.32878863811493,-106.75,34.25,"SEV_BLUE",1957,8,1957-08-01
1.95770955085754,-104.75,40.75,"SGS",1957,8,1957-08-01
1.80617332458496,-104.75,41.25,"CHY",1957,9,1957-09-01
1.38540875911713,-99.25,38.75,"HAYS",1957,9,1957-09-01
0.799422562122345,-96.75,39.25,"KNZ",1957,9,1957-09-01
0.476957738399506,-106.75,34.25,"SEV_BLACK",1957,9,1957-09-01
0.476957738399506,-106.75,34.25,"SEV_BLUE",1957,9,1957-09-01
1.7830605506897,-104.75,40.75,"SGS",1957,9,1957-09-01
1.77544128894806,-104.75,41.25,"CHY",1957,10,1957-10-01
1.25127136707306,-99.25,38.75,"HAYS",1957,10,1957-10-01
0.607710421085358,-96.75,39.25,"KNZ",1957,10,1957-10-01
1.25258147716522,-106.75,34.25,"SEV_BLACK",1957,10,1957-10-01
1.25258147716522,-106.75,34.25,"SEV_BLUE",1957,10,1957-10-01
1.59805297851562,-104.75,40.75,"SGS",1957,10,1957-10-01
1.06331813335419,-104.75,41.25,"CHY",1957,11,1957-11-01
0.934989154338837,-99.25,38.75,"HAYS",1957,11,1957-11-01
0.521106660366058,-96.75,39.25,"KNZ",1957,11,1957-11-01
1.31499516963959,-106.75,34.25,"SEV_BLACK",1957,11,1957-11-01
1.31499516963959,-106.75,34.25,"SEV_BLUE",1957,11,1957-11-01
0.66046267747879,-104.75,40.75,"SGS",1957,11,1957-11-01
0.957784235477448,-104.75,41.25,"CHY",1957,12,1957-12-01
0.110686294734478,-99.25,38.75,"HAYS",1957,12,1957-12-01
0.197613686323166,-96.75,39.25,"KNZ",1957,12,1957-12-01
1.23448932170868,-106.75,34.25,"SEV_BLACK",1957,12,1957-12-01
1.23448932170868,-106.75,34.25,"SEV_BLUE",1957,12,1957-12-01
0.395427107810974,-104.75,40.75,"SGS",1957,12,1957-12-01
0.658194065093994,-104.75,41.25,"CHY",1958,1,1958-01-01
0.344397127628326,-99.25,38.75,"HAYS",1958,1,1958-01-01
0.574514389038086,-96.75,39.25,"KNZ",1958,1,1958-01-01
1.15562081336975,-106.75,34.25,"SEV_BLACK",1958,1,1958-01-01
1.15562081336975,-106.75,34.25,"SEV_BLUE",1958,1,1958-01-01
0.256039530038834,-104.75,40.75,"SGS",1958,1,1958-01-01
0.251034587621689,-104.75,41.25,"CHY",1958,2,1958-02-01
1.00505745410919,-99.25,38.75,"HAYS",1958,2,1958-02-01
1.05480229854584,-96.75,39.25,"KNZ",1958,2,1958-02-01
0.509317994117737,-106.75,34.25,"SEV_BLACK",1958,2,1958-02-01
0.509317994117737,-106.75,34.25,"SEV_BLUE",1958,2,1958-02-01
-0.264133274555206,-104.75,40.75,"SGS",1958,2,1958-02-01
0.883597016334534,-104.75,41.25,"CHY",1958,3,1958-03-01
1.49856233596802,-99.25,38.75,"HAYS",1958,3,1958-03-01
1.28754734992981,-96.75,39.25,"KNZ",1958,3,1958-03-01
1.5858895778656,-106.75,34.25,"SEV_BLACK",1958,3,1958-03-01
1.5858895778656,-106.75,34.25,"SEV_BLUE",1958,3,1958-03-01
0.665889799594879,-104.75,40.75,"SGS",1958,3,1958-03-01
0.500481307506561,-104.75,41.25,"CHY",1958,4,1958-04-01
1.33634960651398,-99.25,38.75,"HAYS",1958,4,1958-04-01
0.704923331737518,-96.75,39.25,"KNZ",1958,4,1958-04-01
1.26105427742004,-106.75,34.25,"SEV_BLACK",1958,4,1958-04-01
1.26105427742004,-106.75,34.25,"SEV_BLUE",1958,4,1958-04-01
0.487901568412781,-104.75,40.75,"SGS",1958,4,1958-04-01
0.0526823103427887,-104.75,41.25,"CHY",1958,5,1958-05-01
1.17251443862915,-99.25,38.75,"HAYS",1958,5,1958-05-01
-0.0176516957581043,-96.75,39.25,"KNZ",1958,5,1958-05-01
0.908061325550079,-106.75,34.25,"SEV_BLACK",1958,5,1958-05-01
0.908061325550079,-106.75,34.25,"SEV_BLUE",1958,5,1958-05-01
0.314095109701157,-104.75,40.75,"SGS",1958,5,1958-05-01
0.435345500707626,-104.75,41.25,"CHY",1958,6,1958-06-01
1.17028796672821,-99.25,38.75,"HAYS",1958,6,1958-06-01
0.257051229476929,-96.75,39.25,"KNZ",1958,6,1958-06-01
1.20990300178528,-106.75,34.25,"SEV_BLACK",1958,6,1958-06-01
1.20990300178528,-106.75,34.25,"SEV_BLUE",1958,6,1958-06-01
0.710112273693085,-104.75,40.75,"SGS",1958,6,1958-06-01
0.944804251194,-104.75,41.25,"CHY",1958,7,1958-07-01
1.91771709918976,-99.25,38.75,"HAYS",1958,7,1958-07-01
1.3990421295166,-96.75,39.25,"KNZ",1958,7,1958-07-01
0.616478860378265,-106.75,34.25,"SEV_BLACK",1958,7,1958-07-01
0.616478860378265,-106.75,34.25,"SEV_BLUE",1958,7,1958-07-01
1.12571394443512,-104.75,40.75,"SGS",1958,7,1958-07-01
0.71989631652832,-104.75,41.25,"CHY",1958,8,1958-08-01
1.62695181369781,-99.25,38.75,"HAYS",1958,8,1958-08-01
1.09613490104675,-96.75,39.25,"KNZ",1958,8,1958-08-01
0.424513965845108,-106.75,34.25,"SEV_BLACK",1958,8,1958-08-01
0.424513965845108,-106.75,34.25,"SEV_BLUE",1958,8,1958-08-01
0.87338387966156,-104.75,40.75,"SGS",1958,8,1958-08-01
0.13292820751667,-104.75,41.25,"CHY",1958,9,1958-09-01
0.948583662509918,-99.25,38.75,"HAYS",1958,9,1958-09-01
1.28028178215027,-96.75,39.25,"KNZ",1958,9,1958-09-01
0.302842527627945,-106.75,34.25,"SEV_BLACK",1958,9,1958-09-01
0.302842527627945,-106.75,34.25,"SEV_BLUE",1958,9,1958-09-01
0.322307735681534,-104.75,40.75,"SGS",1958,9,1958-09-01
-0.365727186203003,-104.75,41.25,"CHY",1958,10,1958-10-01
0.582412302494049,-99.25,38.75,"HAYS",1958,10,1958-10-01
1.11294627189636,-96.75,39.25,"KNZ",1958,10,1958-10-01
0.430685698986053,-106.75,34.25,"SEV_BLACK",1958,10,1958-10-01
0.430685698986053,-106.75,34.25,"SEV_BLUE",1958,10,1958-10-01
-0.252002745866776,-104.75,40.75,"SGS",1958,10,1958-10-01
-0.416431099176407,-104.75,41.25,"CHY",1958,11,1958-11-01
0.51127016544342,-99.25,38.75,"HAYS",1958,11,1958-11-01
1.38903021812439,-96.75,39.25,"KNZ",1958,11,1958-11-01
0.437542349100113,-106.75,34.25,"SEV_BLACK",1958,11,1958-11-01
0.437542349100113,-106.75,34.25,"SEV_BLUE",1958,11,1958-11-01
-0.428518235683441,-104.75,40.75,"SGS",1958,11,1958-11-01
-0.425009518861771,-104.75,41.25,"CHY",1958,12,1958-12-01
0.565077722072601,-99.25,38.75,"HAYS",1958,12,1958-12-01
1.31279039382935,-96.75,39.25,"KNZ",1958,12,1958-12-01
0.130738392472267,-106.75,34.25,"SEV_BLACK",1958,12,1958-12-01
0.130738392472267,-106.75,34.25,"SEV_BLUE",1958,12,1958-12-01
-0.595478475093842,-104.75,40.75,"SGS",1958,12,1958-12-01
-1.1099693775177,-104.75,41.25,"CHY",1959,1,1959-01-01
-0.71062159538269,-99.25,38.75,"HAYS",1959,1,1959-01-01
0.00807679165154696,-96.75,39.25,"KNZ",1959,1,1959-01-01
0.513446509838104,-106.75,34.25,"SEV_BLACK",1959,1,1959-01-01
0.513446509838104,-106.75,34.25,"SEV_BLUE",1959,1,1959-01-01
-1.23552513122559,-104.75,40.75,"SGS",1959,1,1959-01-01
-0.751900613307953,-104.75,41.25,"CHY",1959,2,1959-02-01
-0.704758942127228,-99.25,38.75,"HAYS",1959,2,1959-02-01
0.272824138402939,-96.75,39.25,"KNZ",1959,2,1959-02-01
0.745644152164459,-106.75,34.25,"SEV_BLACK",1959,2,1959-02-01
0.745644152164459,-106.75,34.25,"SEV_BLUE",1959,2,1959-02-01
-0.657182335853577,-104.75,40.75,"SGS",1959,2,1959-02-01
0.204494535923004,-104.75,41.25,"CHY",1959,3,1959-03-01
-0.565298914909363,-99.25,38.75,"HAYS",1959,3,1959-03-01
-0.745284914970398,-96.75,39.25,"KNZ",1959,3,1959-03-01
-0.0430921390652657,-106.75,34.25,"SEV_BLACK",1959,3,1959-03-01
-0.0430921390652657,-106.75,34.25,"SEV_BLUE",1959,3,1959-03-01
-0.0423026122152805,-104.75,40.75,"SGS",1959,3,1959-03-01
0.647553205490112,-104.75,41.25,"CHY",1959,4,1959-04-01
-0.296591460704803,-99.25,38.75,"HAYS",1959,4,1959-04-01
-0.552130401134491,-96.75,39.25,"KNZ",1959,4,1959-04-01
-0.841373860836029,-106.75,34.25,"SEV_BLACK",1959,4,1959-04-01
-0.841373860836029,-106.75,34.25,"SEV_BLUE",1959,4,1959-04-01
0.402867168188095,-104.75,40.75,"SGS",1959,4,1959-04-01
1.26969301700592,-104.75,41.25,"CHY",1959,5,1959-05-01
0.158787623047829,-99.25,38.75,"HAYS",1959,5,1959-05-01
0.392893999814987,-96.75,39.25,"KNZ",1959,5,1959-05-01
-0.778706550598145,-106.75,34.25,"SEV_BLACK",1959,5,1959-05-01
-0.778706550598145,-106.75,34.25,"SEV_BLUE",1959,5,1959-05-01
1.10004866123199,-104.75,40.75,"SGS",1959,5,1959-05-01
0.597377359867096,-104.75,41.25,"CHY",1959,6,1959-06-01
-0.374232530593872,-99.25,38.75,"HAYS",1959,6,1959-06-01
-0.14073446393013,-96.75,39.25,"KNZ",1959,6,1959-06-01
-0.390079736709595,-106.75,34.25,"SEV_BLACK",1959,6,1959-06-01
-0.390079736709595,-106.75,34.25,"SEV_BLUE",1959,6,1959-06-01
0.450701951980591,-104.75,40.75,"SGS",1959,6,1959-06-01
0.123195186257362,-104.75,41.25,"CHY",1959,7,1959-07-01
-0.159156858921051,-99.25,38.75,"HAYS",1959,7,1959-07-01
-0.0640211328864098,-96.75,39.25,"KNZ",1959,7,1959-07-01
-0.453410983085632,-106.75,34.25,"SEV_BLACK",1959,7,1959-07-01
-0.453410983085632,-106.75,34.25,"SEV_BLUE",1959,7,1959-07-01
-0.0881259143352509,-104.75,40.75,"SGS",1959,7,1959-07-01
-0.23034642636776,-104.75,41.25,"CHY",1959,8,1959-08-01
-0.448252648115158,-99.25,38.75,"HAYS",1959,8,1959-08-01
-0.398003906011581,-96.75,39.25,"KNZ",1959,8,1959-08-01
0.239060133695602,-106.75,34.25,"SEV_BLACK",1959,8,1959-08-01
0.239060133695602,-106.75,34.25,"SEV_BLUE",1959,8,1959-08-01
-0.498504996299744,-104.75,40.75,"SGS",1959,8,1959-08-01
-0.0807391405105591,-104.75,41.25,"CHY",1959,9,1959-09-01
-0.112021207809448,-99.25,38.75,"HAYS",1959,9,1959-09-01
-0.196847885847092,-96.75,39.25,"KNZ",1959,9,1959-09-01
-0.359854370355606,-106.75,34.25,"SEV_BLACK",1959,9,1959-09-01
-0.359854370355606,-106.75,34.25,"SEV_BLUE",1959,9,1959-09-01
-0.372112840414047,-104.75,40.75,"SGS",1959,9,1959-09-01
0.330241739749908,-104.75,41.25,"CHY",1959,10,1959-10-01
0.630536913871765,-99.25,38.75,"HAYS",1959,10,1959-10-01
0.442038208246231,-96.75,39.25,"KNZ",1959,10,1959-10-01
0.0837412551045418,-106.75,34.25,"SEV_BLACK",1959,10,1959-10-01
0.0837412551045418,-106.75,34.25,"SEV_BLUE",1959,10,1959-10-01
0.0982730463147163,-104.75,40.75,"SGS",1959,10,1959-10-01
-0.332182854413986,-104.75,41.25,"CHY",1959,11,1959-11-01
0.31782853603363,-99.25,38.75,"HAYS",1959,11,1959-11-01
-0.128161653876305,-96.75,39.25,"KNZ",1959,11,1959-11-01
0.0716391354799271,-106.75,34.25,"SEV_BLACK",1959,11,1959-11-01
0.0716391354799271,-106.75,34.25,"SEV_BLUE",1959,11,1959-11-01
-0.611648440361023,-104.75,40.75,"SGS",1959,11,1959-11-01
-0.300595581531525,-104.75,41.25,"CHY",1959,12,1959-12-01
0.725970327854156,-99.25,38.75,"HAYS",1959,12,1959-12-01
0.362932711839676,-96.75,39.25,"KNZ",1959,12,1959-12-01
0.360555320978165,-106.75,34.25,"SEV_BLACK",1959,12,1959-12-01
0.360555320978165,-106.75,34.25,"SEV_BLUE",1959,12,1959-12-01
-0.502029180526733,-104.75,40.75,"SGS",1959,12,1959-12-01
0.184293270111084,-104.75,41.25,"CHY",1960,1,1960-01-01
0.989529252052307,-99.25,38.75,"HAYS",1960,1,1960-01-01
0.496918499469757,-96.75,39.25,"KNZ",1960,1,1960-01-01
0.678215563297272,-106.75,34.25,"SEV_BLACK",1960,1,1960-01-01
0.678215563297272,-106.75,34.25,"SEV_BLUE",1960,1,1960-01-01
0.0973173975944519,-104.75,40.75,"SGS",1960,1,1960-01-01
0.898930907249451,-104.75,41.25,"CHY",1960,2,1960-02-01
1.96941745281219,-99.25,38.75,"HAYS",1960,2,1960-02-01
1.34048795700073,-96.75,39.25,"KNZ",1960,2,1960-02-01
0.274340808391571,-106.75,34.25,"SEV_BLACK",1960,2,1960-02-01
0.274340808391571,-106.75,34.25,"SEV_BLUE",1960,2,1960-02-01
0.886389493942261,-104.75,40.75,"SGS",1960,2,1960-02-01
-0.084103524684906,-104.75,41.25,"CHY",1960,3,1960-03-01
1.70448243618011,-99.25,38.75,"HAYS",1960,3,1960-03-01
1.43179261684418,-96.75,39.25,"KNZ",1960,3,1960-03-01
0.607275247573853,-106.75,34.25,"SEV_BLACK",1960,3,1960-03-01
0.607275247573853,-106.75,34.25,"SEV_BLUE",1960,3,1960-03-01
0.0783125534653664,-104.75,40.75,"SGS",1960,3,1960-03-01
-1.214271068573,-104.75,41.25,"CHY",1960,4,1960-04-01
0.874523937702179,-99.25,38.75,"HAYS",1960,4,1960-04-01
0.500025808811188,-96.75,39.25,"KNZ",1960,4,1960-04-01
-0.0330857038497925,-106.75,34.25,"SEV_BLACK",1960,4,1960-04-01
-0.0330857038497925,-106.75,34.25,"SEV_BLUE",1960,4,1960-04-01
-1.00275671482086,-104.75,40.75,"SGS",1960,4,1960-04-01
-1.23155581951141,-104.75,41.25,"CHY",1960,5,1960-05-01
0.911311089992523,-99.25,38.75,"HAYS",1960,5,1960-05-01
0.225832149386406,-96.75,39.25,"KNZ",1960,5,1960-05-01
0.0992082357406616,-106.75,34.25,"SEV_BLACK",1960,5,1960-05-01
0.0992082357406616,-106.75,34.25,"SEV_BLUE",1960,5,1960-05-01
-1.03949773311615,-104.75,40.75,"SGS",1960,5,1960-05-01
-1.07972359657288,-104.75,41.25,"CHY",1960,6,1960-06-01
1.09420812129974,-99.25,38.75,"HAYS",1960,6,1960-06-01
0.454224646091461,-96.75,39.25,"KNZ",1960,6,1960-06-01
-0.165976852178574,-106.75,34.25,"SEV_BLACK",1960,6,1960-06-01
-0.165976852178574,-106.75,34.25,"SEV_BLUE",1960,6,1960-06-01
-1.02562868595123,-104.75,40.75,"SGS",1960,6,1960-06-01
-1.36196517944336,-104.75,41.25,"CHY",1960,7,1960-07-01
0.303766369819641,-99.25,38.75,"HAYS",1960,7,1960-07-01
0.19182875752449,-96.75,39.25,"KNZ",1960,7,1960-07-01
-0.0935698375105858,-106.75,34.25,"SEV_BLACK",1960,7,1960-07-01
-0.0935698375105858,-106.75,34.25,"SEV_BLUE",1960,7,1960-07-01
-1.24147355556488,-104.75,40.75,"SGS",1960,7,1960-07-01
-1.69541776180267,-104.75,41.25,"CHY",1960,8,1960-08-01
-0.197687312960625,-99.25,38.75,"HAYS",1960,8,1960-08-01
0.18212316930294,-96.75,39.25,"KNZ",1960,8,1960-08-01
-0.794973194599152,-106.75,34.25,"SEV_BLACK",1960,8,1960-08-01
-0.794973194599152,-106.75,34.25,"SEV_BLUE",1960,8,1960-08-01
-1.63867008686066,-104.75,40.75,"SGS",1960,8,1960-08-01
-1.73973524570465,-104.75,41.25,"CHY",1960,9,1960-09-01
-0.452658265829086,-99.25,38.75,"HAYS",1960,9,1960-09-01
-0.026814354583621,-96.75,39.25,"KNZ",1960,9,1960-09-01
-0.812357902526855,-106.75,34.25,"SEV_BLACK",1960,9,1960-09-01
-0.812357902526855,-106.75,34.25,"SEV_BLUE",1960,9,1960-09-01
-1.72892308235168,-104.75,40.75,"SGS",1960,9,1960-09-01
-1.59578812122345,-104.75,41.25,"CHY",1960,10,1960-10-01
-0.201550021767616,-99.25,38.75,"HAYS",1960,10,1960-10-01
0.0495583303272724,-96.75,39.25,"KNZ",1960,10,1960-10-01
0.155098646879196,-106.75,34.25,"SEV_BLACK",1960,10,1960-10-01
0.155098646879196,-106.75,34.25,"SEV_BLUE",1960,10,1960-10-01
-1.5450394153595,-104.75,40.75,"SGS",1960,10,1960-10-01
-1.44676411151886,-104.75,41.25,"CHY",1960,11,1960-11-01
-0.241452977061272,-99.25,38.75,"HAYS",1960,11,1960-11-01
0.156713053584099,-96.75,39.25,"KNZ",1960,11,1960-11-01
-0.103794947266579,-106.75,34.25,"SEV_BLACK",1960,11,1960-11-01
-0.103794947266579,-106.75,34.25,"SEV_BLUE",1960,11,1960-11-01
-1.50442337989807,-104.75,40.75,"SGS",1960,11,1960-11-01
-1.38057470321655,-104.75,41.25,"CHY",1960,12,1960-12-01
-0.481879204511642,-99.25,38.75,"HAYS",1960,12,1960-12-01
-0.0370412953197956,-96.75,39.25,"KNZ",1960,12,1960-12-01
0.213710725307465,-106.75,34.25,"SEV_BLACK",1960,12,1960-12-01
0.213710725307465,-106.75,34.25,"SEV_BLUE",1960,12,1960-12-01
-1.30682277679443,-104.75,40.75,"SGS",1960,12,1960-12-01
-1.35772490501404,-104.75,41.25,"CHY",1961,1,1961-01-01
-0.419825345277786,-99.25,38.75,"HAYS",1961,1,1961-01-01
-0.517298877239227,-96.75,39.25,"KNZ",1961,1,1961-01-01
0.0619953945279121,-106.75,34.25,"SEV_BLACK",1961,1,1961-01-01
0.0619953945279121,-106.75,34.25,"SEV_BLUE",1961,1,1961-01-01
-1.34204292297363,-104.75,40.75,"SGS",1961,1,1961-01-01
-1.00496804714203,-104.75,41.25,"CHY",1961,2,1961-02-01
-0.534412324428558,-99.25,38.75,"HAYS",1961,2,1961-02-01
-0.989619672298431,-96.75,39.25,"KNZ",1961,2,1961-02-01
0.538767337799072,-106.75,34.25,"SEV_BLACK",1961,2,1961-02-01
0.538767337799072,-106.75,34.25,"SEV_BLUE",1961,2,1961-02-01
-0.977188587188721,-104.75,40.75,"SGS",1961,2,1961-02-01
0.306122034788132,-104.75,41.25,"CHY",1961,3,1961-03-01
-0.0527925305068493,-99.25,38.75,"HAYS",1961,3,1961-03-01
-0.272304058074951,-96.75,39.25,"KNZ",1961,3,1961-03-01
1.03433477878571,-106.75,34.25,"SEV_BLACK",1961,3,1961-03-01
1.03433477878571,-106.75,34.25,"SEV_BLUE",1961,3,1961-03-01
0.355262517929077,-104.75,40.75,"SGS",1961,3,1961-03-01
0.214213222265244,-104.75,41.25,"CHY",1961,4,1961-04-01
-0.353775799274445,-99.25,38.75,"HAYS",1961,4,1961-04-01
-0.390953063964844,-96.75,39.25,"KNZ",1961,4,1961-04-01
0.347417712211609,-106.75,34.25,"SEV_BLACK",1961,4,1961-04-01
0.347417712211609,-106.75,34.25,"SEV_BLUE",1961,4,1961-04-01
-0.0165236610919237,-104.75,40.75,"SGS",1961,4,1961-04-01
0.884702682495117,-104.75,41.25,"CHY",1961,5,1961-05-01
0.522389948368073,-99.25,38.75,"HAYS",1961,5,1961-05-01
0.826463997364044,-96.75,39.25,"KNZ",1961,5,1961-05-01
0.162774801254272,-106.75,34.25,"SEV_BLACK",1961,5,1961-05-01
0.162774801254272,-106.75,34.25,"SEV_BLUE",1961,5,1961-05-01
0.679889380931854,-104.75,40.75,"SGS",1961,5,1961-05-01
0.640556812286377,-104.75,41.25,"CHY",1961,6,1961-06-01
0.562433362007141,-99.25,38.75,"HAYS",1961,6,1961-06-01
0.630391180515289,-96.75,39.25,"KNZ",1961,6,1961-06-01
-0.316016525030136,-106.75,34.25,"SEV_BLACK",1961,6,1961-06-01
-0.316016525030136,-106.75,34.25,"SEV_BLUE",1961,6,1961-06-01
0.380516529083252,-104.75,40.75,"SGS",1961,6,1961-06-01
1.07216608524323,-104.75,41.25,"CHY",1961,7,1961-07-01
0.811048805713654,-99.25,38.75,"HAYS",1961,7,1961-07-01
0.825168669223785,-96.75,39.25,"KNZ",1961,7,1961-07-01
-0.432327955961227,-106.75,34.25,"SEV_BLACK",1961,7,1961-07-01
-0.432327955961227,-106.75,34.25,"SEV_BLUE",1961,7,1961-07-01
0.83891361951828,-104.75,40.75,"SGS",1961,7,1961-07-01
1.18016481399536,-104.75,41.25,"CHY",1961,8,1961-08-01
1.23630547523499,-99.25,38.75,"HAYS",1961,8,1961-08-01
0.672095239162445,-96.75,39.25,"KNZ",1961,8,1961-08-01
0.0633683726191521,-106.75,34.25,"SEV_BLACK",1961,8,1961-08-01
0.0633683726191521,-106.75,34.25,"SEV_BLUE",1961,8,1961-08-01
1.10154163837433,-104.75,40.75,"SGS",1961,8,1961-08-01
1.22689270973206,-104.75,41.25,"CHY",1961,9,1961-09-01
1.35154914855957,-99.25,38.75,"HAYS",1961,9,1961-09-01
0.966572403907776,-96.75,39.25,"KNZ",1961,9,1961-09-01
0.0409809313714504,-106.75,34.25,"SEV_BLACK",1961,9,1961-09-01
0.0409809313714504,-106.75,34.25,"SEV_BLUE",1961,9,1961-09-01
1.39970111846924,-104.75,40.75,"SGS",1961,9,1961-09-01
1.28815710544586,-104.75,41.25,"CHY",1961,10,1961-10-01
1.2716304063797,-99.25,38.75,"HAYS",1961,10,1961-10-01
1.06499433517456,-96.75,39.25,"KNZ",1961,10,1961-10-01
-0.161878481507301,-106.75,34.25,"SEV_BLACK",1961,10,1961-10-01
-0.161878481507301,-106.75,34.25,"SEV_BLUE",1961,10,1961-10-01
1.53643941879272,-104.75,40.75,"SGS",1961,10,1961-10-01
0.943782866001129,-104.75,41.25,"CHY",1961,11,1961-11-01
1.25337886810303,-99.25,38.75,"HAYS",1961,11,1961-11-01
0.938957750797272,-96.75,39.25,"KNZ",1961,11,1961-11-01
0.548524379730225,-106.75,34.25,"SEV_BLACK",1961,11,1961-11-01
0.548524379730225,-106.75,34.25,"SEV_BLUE",1961,11,1961-11-01
1.33449256420135,-104.75,40.75,"SGS",1961,11,1961-11-01
1.06785261631012,-104.75,41.25,"CHY",1961,12,1961-12-01
1.37331712245941,-99.25,38.75,"HAYS",1961,12,1961-12-01
1.25306451320648,-96.75,39.25,"KNZ",1961,12,1961-12-01
0.511263906955719,-106.75,34.25,"SEV_BLACK",1961,12,1961-12-01
0.511263906955719,-106.75,34.25,"SEV_BLUE",1961,12,1961-12-01
1.57218205928802,-104.75,40.75,"SGS",1961,12,1961-12-01
1.12091672420502,-104.75,41.25,"CHY",1962,1,1962-01-01
1.55999565124512,-99.25,38.75,"HAYS",1962,1,1962-01-01
1.53718090057373,-96.75,39.25,"KNZ",1962,1,1962-01-01
0.705643177032471,-106.75,34.25,"SEV_BLACK",1962,1,1962-01-01
0.705643177032471,-106.75,34.25,"SEV_BLUE",1962,1,1962-01-01
1.73962819576263,-104.75,40.75,"SGS",1962,1,1962-01-01
1.30980277061462,-104.75,41.25,"CHY",1962,2,1962-02-01
1.0752204656601,-99.25,38.75,"HAYS",1962,2,1962-02-01
1.88596761226654,-96.75,39.25,"KNZ",1962,2,1962-02-01
0.172577917575836,-106.75,34.25,"SEV_BLACK",1962,2,1962-02-01
0.172577917575836,-106.75,34.25,"SEV_BLUE",1962,2,1962-02-01
1.79860615730286,-104.75,40.75,"SGS",1962,2,1962-02-01
0.349631547927856,-104.75,41.25,"CHY",1962,3,1962-03-01
0.734701871871948,-99.25,38.75,"HAYS",1962,3,1962-03-01
1.24010062217712,-96.75,39.25,"KNZ",1962,3,1962-03-01
0.203649252653122,-106.75,34.25,"SEV_BLACK",1962,3,1962-03-01
0.203649252653122,-106.75,34.25,"SEV_BLUE",1962,3,1962-03-01
0.582785487174988,-104.75,40.75,"SGS",1962,3,1962-03-01
-0.289285093545914,-104.75,41.25,"CHY",1962,4,1962-04-01
0.399968236684799,-99.25,38.75,"HAYS",1962,4,1962-04-01
0.463801294565201,-96.75,39.25,"KNZ",1962,4,1962-04-01
0.329722791910172,-106.75,34.25,"SEV_BLACK",1962,4,1962-04-01
0.329722791910172,-106.75,34.25,"SEV_BLUE",1962,4,1962-04-01
-0.0633303225040436,-104.75,40.75,"SGS",1962,4,1962-04-01
-0.194392994046211,-104.75,41.25,"CHY",1962,5,1962-05-01
-1.16702389717102,-99.25,38.75,"HAYS",1962,5,1962-05-01
-0.346853941679001,-96.75,39.25,"KNZ",1962,5,1962-05-01
-0.392291873693466,-106.75,34.25,"SEV_BLACK",1962,5,1962-05-01
-0.392291873693466,-106.75,34.25,"SEV_BLUE",1962,5,1962-05-01
-0.34749636054039,-104.75,40.75,"SGS",1962,5,1962-05-01
0.434048235416412,-104.75,41.25,"CHY",1962,6,1962-06-01
-0.332665860652924,-99.25,38.75,"HAYS",1962,6,1962-06-01
-0.13174831867218,-96.75,39.25,"KNZ",1962,6,1962-06-01
-0.530285179615021,-106.75,34.25,"SEV_BLACK",1962,6,1962-06-01
-0.530285179615021,-106.75,34.25,"SEV_BLUE",1962,6,1962-06-01
0.0593222193419933,-104.75,40.75,"SGS",1962,6,1962-06-01
0.696197211742401,-104.75,41.25,"CHY",1962,7,1962-07-01
0.532932937145233,-99.25,38.75,"HAYS",1962,7,1962-07-01
-0.0479119941592216,-96.75,39.25,"KNZ",1962,7,1962-07-01
-0.0988568216562271,-106.75,34.25,"SEV_BLACK",1962,7,1962-07-01
-0.0988568216562271,-106.75,34.25,"SEV_BLUE",1962,7,1962-07-01
0.177264839410782,-104.75,40.75,"SGS",1962,7,1962-07-01
0.202755659818649,-104.75,41.25,"CHY",1962,8,1962-08-01
0.39727571606636,-99.25,38.75,"HAYS",1962,8,1962-08-01
-0.263368248939514,-96.75,39.25,"KNZ",1962,8,1962-08-01
-0.902785062789917,-106.75,34.25,"SEV_BLACK",1962,8,1962-08-01
-0.902785062789917,-106.75,34.25,"SEV_BLUE",1962,8,1962-08-01
-0.408874750137329,-104.75,40.75,"SGS",1962,8,1962-08-01
0.0903533920645714,-104.75,41.25,"CHY",1962,9,1962-09-01
0.555703103542328,-99.25,38.75,"HAYS",1962,9,1962-09-01
-0.0600435473024845,-96.75,39.25,"KNZ",1962,9,1962-09-01
-0.500285923480988,-106.75,34.25,"SEV_BLACK",1962,9,1962-09-01
-0.500285923480988,-106.75,34.25,"SEV_BLUE",1962,9,1962-09-01
-0.512403011322021,-104.75,40.75,"SGS",1962,9,1962-09-01
0.450639337301254,-104.75,41.25,"CHY",1962,10,1962-10-01
0.65723842382431,-99.25,38.75,"HAYS",1962,10,1962-10-01
0.239619046449661,-96.75,39.25,"KNZ",1962,10,1962-10-01
-0.208953097462654,-106.75,34.25,"SEV_BLACK",1962,10,1962-10-01
-0.208953097462654,-106.75,34.25,"SEV_BLUE",1962,10,1962-10-01
-0.236155927181244,-104.75,40.75,"SGS",1962,10,1962-10-01
0.242679938673973,-104.75,41.25,"CHY",1962,11,1962-11-01
1.21681606769562,-99.25,38.75,"HAYS",1962,11,1962-11-01
0.422906637191772,-96.75,39.25,"KNZ",1962,11,1962-11-01
0.13159367442131,-106.75,34.25,"SEV_BLACK",1962,11,1962-11-01
0.13159367442131,-106.75,34.25,"SEV_BLUE",1962,11,1962-11-01
-0.242603570222855,-104.75,40.75,"SGS",1962,11,1962-11-01
-0.491055458784103,-104.75,41.25,"CHY",1962,12,1962-12-01
0.73709774017334,-99.25,38.75,"HAYS",1962,12,1962-12-01
0.171480253338814,-96.75,39.25,"KNZ",1962,12,1962-12-01
0.409763753414154,-106.75,34.25,"SEV_BLACK",1962,12,1962-12-01
0.409763753414154,-106.75,34.25,"SEV_BLUE",1962,12,1962-12-01
-0.892196416854858,-104.75,40.75,"SGS",1962,12,1962-12-01
-1.08803367614746,-104.75,41.25,"CHY",1963,1,1963-01-01
-0.207296639680862,-99.25,38.75,"HAYS",1963,1,1963-01-01
-0.0624781101942062,-96.75,39.25,"KNZ",1963,1,1963-01-01
-0.182507246732712,-106.75,34.25,"SEV_BLACK",1963,1,1963-01-01
-0.182507246732712,-106.75,34.25,"SEV_BLUE",1963,1,1963-01-01
-1.31602370738983,-104.75,40.75,"SGS",1963,1,1963-01-01
-0.973734438419342,-104.75,41.25,"CHY",1963,2,1963-02-01
-0.565880835056305,-99.25,38.75,"HAYS",1963,2,1963-02-01
-0.358157962560654,-96.75,39.25,"KNZ",1963,2,1963-02-01
0.910753309726715,-106.75,34.25,"SEV_BLACK",1963,2,1963-02-01
0.910753309726715,-106.75,34.25,"SEV_BLUE",1963,2,1963-02-01
-1.06106245517731,-104.75,40.75,"SGS",1963,2,1963-02-01
-0.579718351364136,-104.75,41.25,"CHY",1963,3,1963-03-01
-1.21280527114868,-99.25,38.75,"HAYS",1963,3,1963-03-01
-0.90283864736557,-96.75,39.25,"KNZ",1963,3,1963-03-01
0.287354558706284,-106.75,34.25,"SEV_BLACK",1963,3,1963-03-01
0.287354558706284,-106.75,34.25,"SEV_BLUE",1963,3,1963-03-01
-0.727067768573761,-104.75,40.75,"SGS",1963,3,1963-03-01
-0.580848097801208,-104.75,41.25,"CHY",1963,4,1963-04-01
-1.72771596908569,-99.25,38.75,"HAYS",1963,4,1963-04-01
-1.35195434093475,-96.75,39.25,"KNZ",1963,4,1963-04-01
-0.00357535108923912,-106.75,34.25,"SEV_BLACK",1963,4,1963-04-01
-0.00357535108923912,-106.75,34.25,"SEV_BLUE",1963,4,1963-04-01
-0.904166758060455,-104.75,40.75,"SGS",1963,4,1963-04-01
-1.17142963409424,-104.75,41.25,"CHY",1963,5,1963-05-01
-2.14692711830139,-99.25,38.75,"HAYS",1963,5,1963-05-01
-1.31472110748291,-96.75,39.25,"KNZ",1963,5,1963-05-01
-0.407010227441788,-106.75,34.25,"SEV_BLACK",1963,5,1963-05-01
-0.407010227441788,-106.75,34.25,"SEV_BLUE",1963,5,1963-05-01
-1.43902289867401,-104.75,40.75,"SGS",1963,5,1963-05-01
-0.638447225093842,-104.75,41.25,"CHY",1963,6,1963-06-01
-1.53758680820465,-99.25,38.75,"HAYS",1963,6,1963-06-01
-1.10805368423462,-96.75,39.25,"KNZ",1963,6,1963-06-01
-0.92033588886261,-106.75,34.25,"SEV_BLACK",1963,6,1963-06-01
-0.92033588886261,-106.75,34.25,"SEV_BLUE",1963,6,1963-06-01
-0.770713090896606,-104.75,40.75,"SGS",1963,6,1963-06-01
-1.15288662910461,-104.75,41.25,"CHY",1963,7,1963-07-01
-1.18216955661774,-99.25,38.75,"HAYS",1963,7,1963-07-01
-0.928220152854919,-96.75,39.25,"KNZ",1963,7,1963-07-01
-1.3334174156189,-106.75,34.25,"SEV_BLACK",1963,7,1963-07-01
-1.3334174156189,-106.75,34.25,"SEV_BLUE",1963,7,1963-07-01
-1.2814929485321,-104.75,40.75,"SGS",1963,7,1963-07-01
-0.605716943740845,-104.75,41.25,"CHY",1963,8,1963-08-01
-0.989987313747406,-99.25,38.75,"HAYS",1963,8,1963-08-01
-0.83526748418808,-96.75,39.25,"KNZ",1963,8,1963-08-01
-0.80006468296051,-106.75,34.25,"SEV_BLACK",1963,8,1963-08-01
-0.80006468296051,-106.75,34.25,"SEV_BLUE",1963,8,1963-08-01
-0.702561140060425,-104.75,40.75,"SGS",1963,8,1963-08-01
-0.465402334928513,-104.75,41.25,"CHY",1963,9,1963-09-01
-0.423340976238251,-99.25,38.75,"HAYS",1963,9,1963-09-01
-0.970802485942841,-96.75,39.25,"KNZ",1963,9,1963-09-01
-0.68240362405777,-106.75,34.25,"SEV_BLACK",1963,9,1963-09-01
-0.68240362405777,-106.75,34.25,"SEV_BLUE",1963,9,1963-09-01
-0.551324486732483,-104.75,40.75,"SGS",1963,9,1963-09-01
-0.515990316867828,-104.75,41.25,"CHY",1963,10,1963-10-01
-0.381724506616592,-99.25,38.75,"HAYS",1963,10,1963-10-01
-1.0195734500885,-96.75,39.25,"KNZ",1963,10,1963-10-01
-0.584072053432465,-106.75,34.25,"SEV_BLACK",1963,10,1963-10-01
-0.584072053432465,-106.75,34.25,"SEV_BLUE",1963,10,1963-10-01
-0.506546139717102,-104.75,40.75,"SGS",1963,10,1963-10-01
-0.159242421388626,-104.75,41.25,"CHY",1963,11,1963-11-01
-0.209249034523964,-99.25,38.75,"HAYS",1963,11,1963-11-01
-1.16689324378967,-96.75,39.25,"KNZ",1963,11,1963-11-01
-0.287372887134552,-106.75,34.25,"SEV_BLACK",1963,11,1963-11-01
-0.287372887134552,-106.75,34.25,"SEV_BLUE",1963,11,1963-11-01
-0.0504443719983101,-104.75,40.75,"SGS",1963,11,1963-11-01
-0.663122951984406,-104.75,41.25,"CHY",1963,12,1963-12-01
-0.253088176250458,-99.25,38.75,"HAYS",1963,12,1963-12-01
-1.3143070936203,-96.75,39.25,"KNZ",1963,12,1963-12-01
-0.406123667955399,-106.75,34.25,"SEV_BLACK",1963,12,1963-12-01
-0.406123667955399,-106.75,34.25,"SEV_BLUE",1963,12,1963-12-01
-0.551856994628906,-104.75,40.75,"SGS",1963,12,1963-12-01
-0.366472780704498,-104.75,41.25,"CHY",1964,1,1964-01-01
-0.94645756483078,-99.25,38.75,"HAYS",1964,1,1964-01-01
-1.87789034843445,-96.75,39.25,"KNZ",1964,1,1964-01-01
-0.0165206994861364,-106.75,34.25,"SEV_BLACK",1964,1,1964-01-01
-0.0165206994861364,-106.75,34.25,"SEV_BLUE",1964,1,1964-01-01
-0.155240088701248,-104.75,40.75,"SGS",1964,1,1964-01-01
-0.869523108005524,-104.75,41.25,"CHY",1964,2,1964-02-01
-0.684417724609375,-99.25,38.75,"HAYS",1964,2,1964-02-01
-2.01509618759155,-96.75,39.25,"KNZ",1964,2,1964-02-01
0.00615307316184044,-106.75,34.25,"SEV_BLACK",1964,2,1964-02-01
0.00615307316184044,-106.75,34.25,"SEV_BLUE",1964,2,1964-02-01
-0.690302431583405,-104.75,40.75,"SGS",1964,2,1964-02-01
-1.09274137020111,-104.75,41.25,"CHY",1964,3,1964-03-01
-1.67790961265564,-99.25,38.75,"HAYS",1964,3,1964-03-01
-2.12868905067444,-96.75,39.25,"KNZ",1964,3,1964-03-01
0.0158070251345634,-106.75,34.25,"SEV_BLACK",1964,3,1964-03-01
0.0158070251345634,-106.75,34.25,"SEV_BLUE",1964,3,1964-03-01
-0.83165168762207,-104.75,40.75,"SGS",1964,3,1964-03-01
-0.0233942065387964,-104.75,41.25,"CHY",1964,4,1964-04-01
-1.36765623092651,-99.25,38.75,"HAYS",1964,4,1964-04-01
-1.19528067111969,-96.75,39.25,"KNZ",1964,4,1964-04-01
0.52132260799408,-106.75,34.25,"SEV_BLACK",1964,4,1964-04-01
0.52132260799408,-106.75,34.25,"SEV_BLUE",1964,4,1964-04-01
-0.276583760976791,-104.75,40.75,"SGS",1964,4,1964-04-01
-0.291689664125443,-104.75,41.25,"CHY",1964,5,1964-05-01
-1.44297957420349,-99.25,38.75,"HAYS",1964,5,1964-05-01
-1.3349529504776,-96.75,39.25,"KNZ",1964,5,1964-05-01
0.495570808649063,-106.75,34.25,"SEV_BLACK",1964,5,1964-05-01
0.495570808649063,-106.75,34.25,"SEV_BLUE",1964,5,1964-05-01
-0.455964118242264,-104.75,40.75,"SGS",1964,5,1964-05-01
-0.276551187038422,-104.75,41.25,"CHY",1964,6,1964-06-01
-1.17164254188538,-99.25,38.75,"HAYS",1964,6,1964-06-01
-0.321470975875854,-96.75,39.25,"KNZ",1964,6,1964-06-01
0.633163571357727,-106.75,34.25,"SEV_BLACK",1964,6,1964-06-01
0.633163571357727,-106.75,34.25,"SEV_BLUE",1964,6,1964-06-01
-0.436229974031448,-104.75,40.75,"SGS",1964,6,1964-06-01
-0.569388926029205,-104.75,41.25,"CHY",1964,7,1964-07-01
-1.26111137866974,-99.25,38.75,"HAYS",1964,7,1964-07-01
-0.437613248825073,-96.75,39.25,"KNZ",1964,7,1964-07-01
0.739663064479828,-106.75,34.25,"SEV_BLACK",1964,7,1964-07-01
0.739663064479828,-106.75,34.25,"SEV_BLUE",1964,7,1964-07-01
-0.713345050811768,-104.75,40.75,"SGS",1964,7,1964-07-01
-0.838210880756378,-104.75,41.25,"CHY",1964,8,1964-08-01
-1.32303321361542,-99.25,38.75,"HAYS",1964,8,1964-08-01
-0.0552490167319775,-96.75,39.25,"KNZ",1964,8,1964-08-01
-0.517119824886322,-106.75,34.25,"SEV_BLACK",1964,8,1964-08-01
-0.517119824886322,-106.75,34.25,"SEV_BLUE",1964,8,1964-08-01
-1.01401925086975,-104.75,40.75,"SGS",1964,8,1964-08-01
-1.08900451660156,-104.75,41.25,"CHY",1964,9,1964-09-01
-1.26477956771851,-99.25,38.75,"HAYS",1964,9,1964-09-01
-0.0932777598500252,-96.75,39.25,"KNZ",1964,9,1964-09-01
-0.337283551692963,-106.75,34.25,"SEV_BLACK",1964,9,1964-09-01
-0.337283551692963,-106.75,34.25,"SEV_BLUE",1964,9,1964-09-01
-1.25071692466736,-104.75,40.75,"SGS",1964,9,1964-09-01
-1.72867691516876,-104.75,41.25,"CHY",1964,10,1964-10-01
-1.33800327777863,-99.25,38.75,"HAYS",1964,10,1964-10-01
-0.671816229820251,-96.75,39.25,"KNZ",1964,10,1964-10-01
-1.00928902626038,-106.75,34.25,"SEV_BLACK",1964,10,1964-10-01
-1.00928902626038,-106.75,34.25,"SEV_BLUE",1964,10,1964-10-01
-1.67882764339447,-104.75,40.75,"SGS",1964,10,1964-10-01
-1.60538971424103,-104.75,41.25,"CHY",1964,11,1964-11-01
-0.950724363327026,-99.25,38.75,"HAYS",1964,11,1964-11-01
-0.0894886031746864,-96.75,39.25,"KNZ",1964,11,1964-11-01
-1.13516664505005,-106.75,34.25,"SEV_BLACK",1964,11,1964-11-01
-1.13516664505005,-106.75,34.25,"SEV_BLUE",1964,11,1964-11-01
-1.53894245624542,-104.75,40.75,"SGS",1964,11,1964-11-01
-1.89692401885986,-104.75,41.25,"CHY",1964,12,1964-12-01
-1.05457901954651,-99.25,38.75,"HAYS",1964,12,1964-12-01
-0.528935670852661,-96.75,39.25,"KNZ",1964,12,1964-12-01
-0.966131269931793,-106.75,34.25,"SEV_BLACK",1964,12,1964-12-01
-0.966131269931793,-106.75,34.25,"SEV_BLUE",1964,12,1964-12-01
-1.85008645057678,-104.75,40.75,"SGS",1964,12,1964-12-01
-1.54531133174896,-104.75,41.25,"CHY",1965,1,1965-01-01
-0.636926472187042,-99.25,38.75,"HAYS",1965,1,1965-01-01
-0.000268660485744476,-96.75,39.25,"KNZ",1965,1,1965-01-01
-1.19809341430664,-106.75,34.25,"SEV_BLACK",1965,1,1965-01-01
-1.19809341430664,-106.75,34.25,"SEV_BLUE",1965,1,1965-01-01
-1.61656033992767,-104.75,40.75,"SGS",1965,1,1965-01-01
-1.28927445411682,-104.75,41.25,"CHY",1965,2,1965-02-01
-0.246080711483955,-99.25,38.75,"HAYS",1965,2,1965-02-01
-0.0777326077222824,-96.75,39.25,"KNZ",1965,2,1965-02-01
-0.668455421924591,-106.75,34.25,"SEV_BLACK",1965,2,1965-02-01
-0.668455421924591,-106.75,34.25,"SEV_BLUE",1965,2,1965-02-01
-1.28798055648804,-104.75,40.75,"SGS",1965,2,1965-02-01
-0.550178289413452,-104.75,41.25,"CHY",1965,3,1965-03-01
-0.025528758764267,-99.25,38.75,"HAYS",1965,3,1965-03-01
0.425387650728226,-96.75,39.25,"KNZ",1965,3,1965-03-01
-0.723799824714661,-106.75,34.25,"SEV_BLACK",1965,3,1965-03-01
-0.723799824714661,-106.75,34.25,"SEV_BLUE",1965,3,1965-03-01
-0.509806752204895,-104.75,40.75,"SGS",1965,3,1965-03-01
-0.352471500635147,-104.75,41.25,"CHY",1965,4,1965-04-01
0.0703494250774384,-99.25,38.75,"HAYS",1965,4,1965-04-01
0.911974906921387,-96.75,39.25,"KNZ",1965,4,1965-04-01
-0.090413361787796,-106.75,34.25,"SEV_BLACK",1965,4,1965-04-01
-0.090413361787796,-106.75,34.25,"SEV_BLUE",1965,4,1965-04-01
-0.2476437240839,-104.75,40.75,"SGS",1965,4,1965-04-01
0.257153809070587,-104.75,41.25,"CHY",1965,5,1965-05-01
-0.285663723945618,-99.25,38.75,"HAYS",1965,5,1965-05-01
0.0367497690021992,-96.75,39.25,"KNZ",1965,5,1965-05-01
0.106492221355438,-106.75,34.25,"SEV_BLACK",1965,5,1965-05-01
0.106492221355438,-106.75,34.25,"SEV_BLUE",1965,5,1965-05-01
-0.035435926169157,-104.75,40.75,"SGS",1965,5,1965-05-01
1.19008564949036,-104.75,41.25,"CHY",1965,6,1965-06-01
0.748062789440155,-99.25,38.75,"HAYS",1965,6,1965-06-01
1.09977948665619,-96.75,39.25,"KNZ",1965,6,1965-06-01
0.529095113277435,-106.75,34.25,"SEV_BLACK",1965,6,1965-06-01
0.529095113277435,-106.75,34.25,"SEV_BLUE",1965,6,1965-06-01
0.97253292798996,-104.75,40.75,"SGS",1965,6,1965-06-01
1.20217621326447,-104.75,41.25,"CHY",1965,7,1965-07-01
0.728474497795105,-99.25,38.75,"HAYS",1965,7,1965-07-01
0.920952439308167,-96.75,39.25,"KNZ",1965,7,1965-07-01
0.62768167257309,-106.75,34.25,"SEV_BLACK",1965,7,1965-07-01
0.62768167257309,-106.75,34.25,"SEV_BLUE",1965,7,1965-07-01
1.35474073886871,-104.75,40.75,"SGS",1965,7,1965-07-01
1.09184789657593,-104.75,41.25,"CHY",1965,8,1965-08-01
0.736552655696869,-99.25,38.75,"HAYS",1965,8,1965-08-01
0.537918627262115,-96.75,39.25,"KNZ",1965,8,1965-08-01
0.494520664215088,-106.75,34.25,"SEV_BLACK",1965,8,1965-08-01
0.494520664215088,-106.75,34.25,"SEV_BLUE",1965,8,1965-08-01
1.21706426143646,-104.75,40.75,"SGS",1965,8,1965-08-01
1.60651290416718,-104.75,41.25,"CHY",1965,9,1965-09-01
1.24552237987518,-99.25,38.75,"HAYS",1965,9,1965-09-01
1.09018445014954,-96.75,39.25,"KNZ",1965,9,1965-09-01
0.713894903659821,-106.75,34.25,"SEV_BLACK",1965,9,1965-09-01
0.713894903659821,-106.75,34.25,"SEV_BLUE",1965,9,1965-09-01
1.62098944187164,-104.75,40.75,"SGS",1965,9,1965-09-01
1.66850137710571,-104.75,41.25,"CHY",1965,10,1965-10-01
1.58921146392822,-99.25,38.75,"HAYS",1965,10,1965-10-01
0.847951233386993,-96.75,39.25,"KNZ",1965,10,1965-10-01
0.291803747415543,-106.75,34.25,"SEV_BLACK",1965,10,1965-10-01
0.291803747415543,-106.75,34.25,"SEV_BLUE",1965,10,1965-10-01
1.68079769611359,-104.75,40.75,"SGS",1965,10,1965-10-01
1.31930112838745,-104.75,41.25,"CHY",1965,11,1965-11-01
1.58083248138428,-99.25,38.75,"HAYS",1965,11,1965-11-01
1.01424121856689,-96.75,39.25,"KNZ",1965,11,1965-11-01
0.0557978115975857,-106.75,34.25,"SEV_BLACK",1965,11,1965-11-01
0.0557978115975857,-106.75,34.25,"SEV_BLUE",1965,11,1965-11-01
1.51859843730927,-104.75,40.75,"SGS",1965,11,1965-11-01
0.45321649312973,-104.75,41.25,"CHY",1965,12,1965-12-01
1.18704903125763,-99.25,38.75,"HAYS",1965,12,1965-12-01
0.27202445268631,-96.75,39.25,"KNZ",1965,12,1965-12-01
0.152322635054588,-106.75,34.25,"SEV_BLACK",1965,12,1965-12-01
0.152322635054588,-106.75,34.25,"SEV_BLUE",1965,12,1965-12-01
0.732360064983368,-104.75,40.75,"SGS",1965,12,1965-12-01
0.00182512658648193,-104.75,41.25,"CHY",1966,1,1966-01-01
1.42398428916931,-99.25,38.75,"HAYS",1966,1,1966-01-01
0.0710180550813675,-96.75,39.25,"KNZ",1966,1,1966-01-01
0.23262070119381,-106.75,34.25,"SEV_BLACK",1966,1,1966-01-01
0.23262070119381,-106.75,34.25,"SEV_BLUE",1966,1,1966-01-01
-0.136952906847,-104.75,40.75,"SGS",1966,1,1966-01-01
0.0099801542237401,-104.75,41.25,"CHY",1966,2,1966-02-01
1.53321504592896,-99.25,38.75,"HAYS",1966,2,1966-02-01
0.435488700866699,-96.75,39.25,"KNZ",1966,2,1966-02-01
0.598705291748047,-106.75,34.25,"SEV_BLACK",1966,2,1966-02-01
0.598705291748047,-106.75,34.25,"SEV_BLUE",1966,2,1966-02-01
-0.0243774689733982,-104.75,40.75,"SGS",1966,2,1966-02-01
-1.95000720024109,-104.75,41.25,"CHY",1966,3,1966-03-01
-0.01906025595963,-99.25,38.75,"HAYS",1966,3,1966-03-01
-1.84032011032104,-96.75,39.25,"KNZ",1966,3,1966-03-01
-0.118016019463539,-106.75,34.25,"SEV_BLACK",1966,3,1966-03-01
-0.118016019463539,-106.75,34.25,"SEV_BLUE",1966,3,1966-03-01
-1.85537993907928,-104.75,40.75,"SGS",1966,3,1966-03-01
-1.81213879585266,-104.75,41.25,"CHY",1966,4,1966-04-01
-0.5799959897995,-99.25,38.75,"HAYS",1966,4,1966-04-01
-1.18511080741882,-96.75,39.25,"KNZ",1966,4,1966-04-01
-0.0312397666275501,-106.75,34.25,"SEV_BLACK",1966,4,1966-04-01
-0.0312397666275501,-106.75,34.25,"SEV_BLUE",1966,4,1966-04-01
-1.67363917827606,-104.75,40.75,"SGS",1966,4,1966-04-01
-2.28458142280579,-104.75,41.25,"CHY",1966,5,1966-05-01
-1.5500613451004,-99.25,38.75,"HAYS",1966,5,1966-05-01
-1.91354215145111,-96.75,39.25,"KNZ",1966,5,1966-05-01
-0.287197202444077,-106.75,34.25,"SEV_BLACK",1966,5,1966-05-01
-0.287197202444077,-106.75,34.25,"SEV_BLUE",1966,5,1966-05-01
-2.27719664573669,-104.75,40.75,"SGS",1966,5,1966-05-01
-1.79999804496765,-104.75,41.25,"CHY",1966,6,1966-06-01
-1.41878652572632,-99.25,38.75,"HAYS",1966,6,1966-06-01
-1.76002562046051,-96.75,39.25,"KNZ",1966,6,1966-06-01
-0.0717860609292984,-106.75,34.25,"SEV_BLACK",1966,6,1966-06-01
-0.0717860609292984,-106.75,34.25,"SEV_BLUE",1966,6,1966-06-01
-1.7609658241272,-104.75,40.75,"SGS",1966,6,1966-06-01
-1.56034660339355,-104.75,41.25,"CHY",1966,7,1966-07-01
-1.25221061706543,-99.25,38.75,"HAYS",1966,7,1966-07-01
-1.49119853973389,-96.75,39.25,"KNZ",1966,7,1966-07-01
-0.437600791454315,-106.75,34.25,"SEV_BLACK",1966,7,1966-07-01
-0.437600791454315,-106.75,34.25,"SEV_BLUE",1966,7,1966-07-01
-1.69698250293732,-104.75,40.75,"SGS",1966,7,1966-07-01
-1.23803412914276,-104.75,41.25,"CHY",1966,8,1966-08-01
-1.12898290157318,-99.25,38.75,"HAYS",1966,8,1966-08-01
-1.29868078231812,-96.75,39.25,"KNZ",1966,8,1966-08-01
-0.443441361188889,-106.75,34.25,"SEV_BLACK",1966,8,1966-08-01
-0.443441361188889,-106.75,34.25,"SEV_BLUE",1966,8,1966-08-01
-1.56634223461151,-104.75,40.75,"SGS",1966,8,1966-08-01
-0.768931090831757,-104.75,41.25,"CHY",1966,9,1966-09-01
-0.736721932888031,-99.25,38.75,"HAYS",1966,9,1966-09-01
-1.08805954456329,-96.75,39.25,"KNZ",1966,9,1966-09-01
-0.259489268064499,-106.75,34.25,"SEV_BLACK",1966,9,1966-09-01
-0.259489268064499,-106.75,34.25,"SEV_BLUE",1966,9,1966-09-01
-1.12439572811127,-104.75,40.75,"SGS",1966,9,1966-09-01
-0.669853687286377,-104.75,41.25,"CHY",1966,10,1966-10-01
-0.904514074325562,-99.25,38.75,"HAYS",1966,10,1966-10-01
-1.26619112491608,-96.75,39.25,"KNZ",1966,10,1966-10-01
-0.373361736536026,-106.75,34.25,"SEV_BLACK",1966,10,1966-10-01
-0.373361736536026,-106.75,34.25,"SEV_BLUE",1966,10,1966-10-01
-1.1087167263031,-104.75,40.75,"SGS",1966,10,1966-10-01
0.377038687467575,-104.75,41.25,"CHY",1966,11,1966-11-01
-0.290042102336884,-99.25,38.75,"HAYS",1966,11,1966-11-01
-0.927880465984344,-96.75,39.25,"KNZ",1966,11,1966-11-01
-0.147170215845108,-106.75,34.25,"SEV_BLACK",1966,11,1966-11-01
-0.147170215845108,-106.75,34.25,"SEV_BLUE",1966,11,1966-11-01
-0.205981746315956,-104.75,40.75,"SGS",1966,11,1966-11-01
0.176832184195518,-104.75,41.25,"CHY",1966,12,1966-12-01
-0.115027263760567,-99.25,38.75,"HAYS",1966,12,1966-12-01
-0.852920770645142,-96.75,39.25,"KNZ",1966,12,1966-12-01
-1.0000376701355,-106.75,34.25,"SEV_BLACK",1966,12,1966-12-01
-1.0000376701355,-106.75,34.25,"SEV_BLUE",1966,12,1966-12-01
-0.538286507129669,-104.75,40.75,"SGS",1966,12,1966-12-01
0.0518246814608574,-104.75,41.25,"CHY",1967,1,1967-01-01
-0.164716437458992,-99.25,38.75,"HAYS",1967,1,1967-01-01
-0.927734375,-96.75,39.25,"KNZ",1967,1,1967-01-01
-1.13561952114105,-106.75,34.25,"SEV_BLACK",1967,1,1967-01-01
-1.13561952114105,-106.75,34.25,"SEV_BLUE",1967,1,1967-01-01
-0.400629162788391,-104.75,40.75,"SGS",1967,1,1967-01-01
-0.715415298938751,-104.75,41.25,"CHY",1967,2,1967-02-01
-0.914107203483582,-99.25,38.75,"HAYS",1967,2,1967-02-01
-1.55077993869781,-96.75,39.25,"KNZ",1967,2,1967-02-01
-1.49133777618408,-106.75,34.25,"SEV_BLACK",1967,2,1967-02-01
-1.49133777618408,-106.75,34.25,"SEV_BLUE",1967,2,1967-02-01
-0.775508046150208,-104.75,40.75,"SGS",1967,2,1967-02-01
-1.39590775966644,-104.75,41.25,"CHY",1967,3,1967-03-01
-1.65529787540436,-99.25,38.75,"HAYS",1967,3,1967-03-01
-1.76674401760101,-96.75,39.25,"KNZ",1967,3,1967-03-01
-1.88284862041473,-106.75,34.25,"SEV_BLACK",1967,3,1967-03-01
-1.88284862041473,-106.75,34.25,"SEV_BLUE",1967,3,1967-03-01
-1.48759245872498,-104.75,40.75,"SGS",1967,3,1967-03-01
-1.05673849582672,-104.75,41.25,"CHY",1967,4,1967-04-01
-0.991257607936859,-99.25,38.75,"HAYS",1967,4,1967-04-01
-0.376835733652115,-96.75,39.25,"KNZ",1967,4,1967-04-01
-1.82148396968842,-106.75,34.25,"SEV_BLACK",1967,4,1967-04-01
-1.82148396968842,-106.75,34.25,"SEV_BLUE",1967,4,1967-04-01
-1.04978466033936,-104.75,40.75,"SGS",1967,4,1967-04-01
-0.0437585972249508,-104.75,41.25,"CHY",1967,5,1967-05-01
-0.604441583156586,-99.25,38.75,"HAYS",1967,5,1967-05-01
-0.437360018491745,-96.75,39.25,"KNZ",1967,5,1967-05-01
-1.7579151391983,-106.75,34.25,"SEV_BLACK",1967,5,1967-05-01
-1.7579151391983,-106.75,34.25,"SEV_BLUE",1967,5,1967-05-01
0.116698078811169,-104.75,40.75,"SGS",1967,5,1967-05-01
1.0501629114151,-104.75,41.25,"CHY",1967,6,1967-06-01
0.522146046161652,-99.25,38.75,"HAYS",1967,6,1967-06-01
1.28708434104919,-96.75,39.25,"KNZ",1967,6,1967-06-01
-0.872517824172974,-106.75,34.25,"SEV_BLACK",1967,6,1967-06-01
-0.872517824172974,-106.75,34.25,"SEV_BLUE",1967,6,1967-06-01
1.0965428352356,-104.75,40.75,"SGS",1967,6,1967-06-01
1.13918328285217,-104.75,41.25,"CHY",1967,7,1967-07-01
1.03496289253235,-99.25,38.75,"HAYS",1967,7,1967-07-01
1.13861310482025,-96.75,39.25,"KNZ",1967,7,1967-07-01
-0.875706374645233,-106.75,34.25,"SEV_BLACK",1967,7,1967-07-01
-0.875706374645233,-106.75,34.25,"SEV_BLUE",1967,7,1967-07-01
1.33216428756714,-104.75,40.75,"SGS",1967,7,1967-07-01
1.05697691440582,-104.75,41.25,"CHY",1967,8,1967-08-01
1.04349493980408,-99.25,38.75,"HAYS",1967,8,1967-08-01
0.966674208641052,-96.75,39.25,"KNZ",1967,8,1967-08-01
-0.0368965193629265,-106.75,34.25,"SEV_BLACK",1967,8,1967-08-01
-0.0368965193629265,-106.75,34.25,"SEV_BLUE",1967,8,1967-08-01
1.40188586711884,-104.75,40.75,"SGS",1967,8,1967-08-01
1.1174567937851,-104.75,41.25,"CHY",1967,9,1967-09-01
1.60550630092621,-99.25,38.75,"HAYS",1967,9,1967-09-01
1.34717726707458,-96.75,39.25,"KNZ",1967,9,1967-09-01
0.698242127895355,-106.75,34.25,"SEV_BLACK",1967,9,1967-09-01
0.698242127895355,-106.75,34.25,"SEV_BLUE",1967,9,1967-09-01
1.54948377609253,-104.75,40.75,"SGS",1967,9,1967-09-01
0.821570694446564,-104.75,41.25,"CHY",1967,10,1967-10-01
1.34246969223022,-99.25,38.75,"HAYS",1967,10,1967-10-01
1.31450092792511,-96.75,39.25,"KNZ",1967,10,1967-10-01
0.463462948799133,-106.75,34.25,"SEV_BLACK",1967,10,1967-10-01
0.463462948799133,-106.75,34.25,"SEV_BLUE",1967,10,1967-10-01
1.32232630252838,-104.75,40.75,"SGS",1967,10,1967-10-01
0.458780437707901,-104.75,41.25,"CHY",1967,11,1967-11-01
1.29290056228638,-99.25,38.75,"HAYS",1967,11,1967-11-01
1.51365351676941,-96.75,39.25,"KNZ",1967,11,1967-11-01
0.519190192222595,-106.75,34.25,"SEV_BLACK",1967,11,1967-11-01
0.519190192222595,-106.75,34.25,"SEV_BLUE",1967,11,1967-11-01
0.813155353069305,-104.75,40.75,"SGS",1967,11,1967-11-01
-0.343123108148575,-104.75,41.25,"CHY",1967,12,1967-12-01
0.569999754428864,-99.25,38.75,"HAYS",1967,12,1967-12-01
0.443694919347763,-96.75,39.25,"KNZ",1967,12,1967-12-01
0.173857286572456,-106.75,34.25,"SEV_BLACK",1967,12,1967-12-01
0.173857286572456,-106.75,34.25,"SEV_BLUE",1967,12,1967-12-01
0.169692724943161,-104.75,40.75,"SGS",1967,12,1967-12-01
-0.968322813510895,-104.75,41.25,"CHY",1968,1,1968-01-01
-0.245148107409477,-99.25,38.75,"HAYS",1968,1,1968-01-01
0.388830453157425,-96.75,39.25,"KNZ",1968,1,1968-01-01
0.440337836742401,-106.75,34.25,"SEV_BLACK",1968,1,1968-01-01
0.440337836742401,-106.75,34.25,"SEV_BLUE",1968,1,1968-01-01
-0.575447857379913,-104.75,40.75,"SGS",1968,1,1968-01-01
-0.938602030277252,-104.75,41.25,"CHY",1968,2,1968-02-01
-0.239220499992371,-99.25,38.75,"HAYS",1968,2,1968-02-01
0.725738108158112,-96.75,39.25,"KNZ",1968,2,1968-02-01
-0.0752776116132736,-106.75,34.25,"SEV_BLACK",1968,2,1968-02-01
-0.0752776116132736,-106.75,34.25,"SEV_BLUE",1968,2,1968-02-01
-0.670832514762878,-104.75,40.75,"SGS",1968,2,1968-02-01
-1.16929113864899,-104.75,41.25,"CHY",1968,3,1968-03-01
-1.8162966966629,-99.25,38.75,"HAYS",1968,3,1968-03-01
-0.820866286754608,-96.75,39.25,"KNZ",1968,3,1968-03-01
0.222163960337639,-106.75,34.25,"SEV_BLACK",1968,3,1968-03-01
0.222163960337639,-106.75,34.25,"SEV_BLUE",1968,3,1968-03-01
-0.964890122413635,-104.75,40.75,"SGS",1968,3,1968-03-01
-0.105438947677612,-104.75,41.25,"CHY",1968,4,1968-04-01
-1.64848124980927,-99.25,38.75,"HAYS",1968,4,1968-04-01
-1.29278755187988,-96.75,39.25,"KNZ",1968,4,1968-04-01
0.871927678585052,-106.75,34.25,"SEV_BLACK",1968,4,1968-04-01
0.871927678585052,-106.75,34.25,"SEV_BLUE",1968,4,1968-04-01
-0.0363126061856747,-104.75,40.75,"SGS",1968,4,1968-04-01
0.329343974590302,-104.75,41.25,"CHY",1968,5,1968-05-01
-1.19271004199982,-99.25,38.75,"HAYS",1968,5,1968-05-01
-0.925096094608307,-96.75,39.25,"KNZ",1968,5,1968-05-01
1.04102194309235,-106.75,34.25,"SEV_BLACK",1968,5,1968-05-01
1.04102194309235,-106.75,34.25,"SEV_BLUE",1968,5,1968-05-01
0.235941931605339,-104.75,40.75,"SGS",1968,5,1968-05-01
-0.324365735054016,-104.75,41.25,"CHY",1968,6,1968-06-01
-1.16079032421112,-99.25,38.75,"HAYS",1968,6,1968-06-01
-1.19887673854828,-96.75,39.25,"KNZ",1968,6,1968-06-01
0.500134706497192,-106.75,34.25,"SEV_BLACK",1968,6,1968-06-01
0.500134706497192,-106.75,34.25,"SEV_BLUE",1968,6,1968-06-01
-0.367339104413986,-104.75,40.75,"SGS",1968,6,1968-06-01
-0.221018463373184,-104.75,41.25,"CHY",1968,7,1968-07-01
-0.827226221561432,-99.25,38.75,"HAYS",1968,7,1968-07-01
-0.43571937084198,-96.75,39.25,"KNZ",1968,7,1968-07-01
0.926246643066406,-106.75,34.25,"SEV_BLACK",1968,7,1968-07-01
0.926246643066406,-106.75,34.25,"SEV_BLUE",1968,7,1968-07-01
-0.284379422664642,-104.75,40.75,"SGS",1968,7,1968-07-01
0.0186396110802889,-104.75,41.25,"CHY",1968,8,1968-08-01
-0.280805885791779,-99.25,38.75,"HAYS",1968,8,1968-08-01
0.255150347948074,-96.75,39.25,"KNZ",1968,8,1968-08-01
1.17809128761292,-106.75,34.25,"SEV_BLACK",1968,8,1968-08-01
1.17809128761292,-106.75,34.25,"SEV_BLUE",1968,8,1968-08-01
0.0770018398761749,-104.75,40.75,"SGS",1968,8,1968-08-01
0.0371454954147339,-104.75,41.25,"CHY",1968,9,1968-09-01
-0.062200766056776,-99.25,38.75,"HAYS",1968,9,1968-09-01
0.521559298038483,-96.75,39.25,"KNZ",1968,9,1968-09-01
0.163087710738182,-106.75,34.25,"SEV_BLACK",1968,9,1968-09-01
0.163087710738182,-106.75,34.25,"SEV_BLUE",1968,9,1968-09-01
0.119583487510681,-104.75,40.75,"SGS",1968,9,1968-09-01
-0.452041357755661,-104.75,41.25,"CHY",1968,10,1968-10-01
0.29104819893837,-99.25,38.75,"HAYS",1968,10,1968-10-01
0.699334025382996,-96.75,39.25,"KNZ",1968,10,1968-10-01
-0.293613463640213,-106.75,34.25,"SEV_BLACK",1968,10,1968-10-01
-0.293613463640213,-106.75,34.25,"SEV_BLUE",1968,10,1968-10-01
-0.35222727060318,-104.75,40.75,"SGS",1968,10,1968-10-01
-0.83844792842865,-104.75,41.25,"CHY",1968,11,1968-11-01
0.366667777299881,-99.25,38.75,"HAYS",1968,11,1968-11-01
0.914297878742218,-96.75,39.25,"KNZ",1968,11,1968-11-01
-0.0989817231893539,-106.75,34.25,"SEV_BLACK",1968,11,1968-11-01
-0.0989817231893539,-106.75,34.25,"SEV_BLUE",1968,11,1968-11-01
-0.399771064519882,-104.75,40.75,"SGS",1968,11,1968-11-01
-0.681780934333801,-104.75,41.25,"CHY",1968,12,1968-12-01
0.775834977626801,-99.25,38.75,"HAYS",1968,12,1968-12-01
1.46849656105042,-96.75,39.25,"KNZ",1968,12,1968-12-01
0.119928173720837,-106.75,34.25,"SEV_BLACK",1968,12,1968-12-01
0.119928173720837,-106.75,34.25,"SEV_BLUE",1968,12,1968-12-01
-0.179042145609856,-104.75,40.75,"SGS",1968,12,1968-12-01
-0.783993363380432,-104.75,41.25,"CHY",1969,1,1969-01-01
0.935288548469543,-99.25,38.75,"HAYS",1969,1,1969-01-01
1.36782836914062,-96.75,39.25,"KNZ",1969,1,1969-01-01
-0.598159611225128,-106.75,34.25,"SEV_BLACK",1969,1,1969-01-01
-0.598159611225128,-106.75,34.25,"SEV_BLUE",1969,1,1969-01-01
-0.211987599730492,-104.75,40.75,"SGS",1969,1,1969-01-01
-1.22510766983032,-104.75,41.25,"CHY",1969,2,1969-02-01
0.885359168052673,-99.25,38.75,"HAYS",1969,2,1969-02-01
0.928565919399261,-96.75,39.25,"KNZ",1969,2,1969-02-01
-1.10849761962891,-106.75,34.25,"SEV_BLACK",1969,2,1969-02-01
-1.10849761962891,-106.75,34.25,"SEV_BLUE",1969,2,1969-02-01
-0.969679951667786,-104.75,40.75,"SGS",1969,2,1969-02-01
-0.821265816688538,-104.75,41.25,"CHY",1969,3,1969-03-01
1.40632212162018,-99.25,38.75,"HAYS",1969,3,1969-03-01
1.34933030605316,-96.75,39.25,"KNZ",1969,3,1969-03-01
-0.351694703102112,-106.75,34.25,"SEV_BLACK",1969,3,1969-03-01
-0.351694703102112,-106.75,34.25,"SEV_BLUE",1969,3,1969-03-01
-0.534406065940857,-104.75,40.75,"SGS",1969,3,1969-03-01
-1.07446348667145,-104.75,41.25,"CHY",1969,4,1969-04-01
1.31819450855255,-99.25,38.75,"HAYS",1969,4,1969-04-01
1.18234241008759,-96.75,39.25,"KNZ",1969,4,1969-04-01
0.166515275835991,-106.75,34.25,"SEV_BLACK",1969,4,1969-04-01
0.166515275835991,-106.75,34.25,"SEV_BLUE",1969,4,1969-04-01
-0.791911125183105,-104.75,40.75,"SGS",1969,4,1969-04-01
-1.40994298458099,-104.75,41.25,"CHY",1969,5,1969-05-01
1.29764604568481,-99.25,38.75,"HAYS",1969,5,1969-05-01
1.04921972751617,-96.75,39.25,"KNZ",1969,5,1969-05-01
0.071852944791317,-106.75,34.25,"SEV_BLACK",1969,5,1969-05-01
0.071852944791317,-106.75,34.25,"SEV_BLUE",1969,5,1969-05-01
-0.606659054756165,-104.75,40.75,"SGS",1969,5,1969-05-01
-0.47379270195961,-104.75,41.25,"CHY",1969,6,1969-06-01
1.18757748603821,-99.25,38.75,"HAYS",1969,6,1969-06-01
0.84121036529541,-96.75,39.25,"KNZ",1969,6,1969-06-01
-0.0221002828329802,-106.75,34.25,"SEV_BLACK",1969,6,1969-06-01
-0.0221002828329802,-106.75,34.25,"SEV_BLUE",1969,6,1969-06-01
0.324089586734772,-104.75,40.75,"SGS",1969,6,1969-06-01
-0.693840503692627,-104.75,41.25,"CHY",1969,7,1969-07-01
1.11867761611938,-99.25,38.75,"HAYS",1969,7,1969-07-01
0.980443716049194,-96.75,39.25,"KNZ",1969,7,1969-07-01
0.39847457408905,-106.75,34.25,"SEV_BLACK",1969,7,1969-07-01
0.39847457408905,-106.75,34.25,"SEV_BLUE",1969,7,1969-07-01
0.139389500021935,-104.75,40.75,"SGS",1969,7,1969-07-01
-0.866022288799286,-104.75,41.25,"CHY",1969,8,1969-08-01
1.05923926830292,-99.25,38.75,"HAYS",1969,8,1969-08-01
0.610232055187225,-96.75,39.25,"KNZ",1969,8,1969-08-01
0.340072423219681,-106.75,34.25,"SEV_BLACK",1969,8,1969-08-01
0.340072423219681,-106.75,34.25,"SEV_BLUE",1969,8,1969-08-01
-0.0957688763737679,-104.75,40.75,"SGS",1969,8,1969-08-01
-0.981888115406036,-104.75,41.25,"CHY",1969,9,1969-09-01
0.826382577419281,-99.25,38.75,"HAYS",1969,9,1969-09-01
0.327294290065765,-96.75,39.25,"KNZ",1969,9,1969-09-01
0.209216699004173,-106.75,34.25,"SEV_BLACK",1969,9,1969-09-01
0.209216699004173,-106.75,34.25,"SEV_BLUE",1969,9,1969-09-01
-0.205619037151337,-104.75,40.75,"SGS",1969,9,1969-09-01
0.132074177265167,-104.75,41.25,"CHY",1969,10,1969-10-01
1.1987566947937,-99.25,38.75,"HAYS",1969,10,1969-10-01
0.483081072568893,-96.75,39.25,"KNZ",1969,10,1969-10-01
0.544595718383789,-106.75,34.25,"SEV_BLACK",1969,10,1969-10-01
0.544595718383789,-106.75,34.25,"SEV_BLUE",1969,10,1969-10-01
1.17826783657074,-104.75,40.75,"SGS",1969,10,1969-10-01
0.541730105876923,-104.75,41.25,"CHY",1969,11,1969-11-01
0.948652505874634,-99.25,38.75,"HAYS",1969,11,1969-11-01
0.211724266409874,-96.75,39.25,"KNZ",1969,11,1969-11-01
0.415033966302872,-106.75,34.25,"SEV_BLACK",1969,11,1969-11-01
0.415033966302872,-106.75,34.25,"SEV_BLUE",1969,11,1969-11-01
1.04334163665771,-104.75,40.75,"SGS",1969,11,1969-11-01
-0.313194990158081,-104.75,41.25,"CHY",1969,12,1969-12-01
0.929711997509003,-99.25,38.75,"HAYS",1969,12,1969-12-01
0.177137315273285,-96.75,39.25,"KNZ",1969,12,1969-12-01
0.600734114646912,-106.75,34.25,"SEV_BLACK",1969,12,1969-12-01
0.600734114646912,-106.75,34.25,"SEV_BLUE",1969,12,1969-12-01
0.297441929578781,-104.75,40.75,"SGS",1969,12,1969-12-01
0.0462766923010349,-104.75,41.25,"CHY",1970,1,1970-01-01
0.932304978370667,-99.25,38.75,"HAYS",1970,1,1970-01-01
-0.568415820598602,-96.75,39.25,"KNZ",1970,1,1970-01-01
0.23919403553009,-106.75,34.25,"SEV_BLACK",1970,1,1970-01-01
0.23919403553009,-106.75,34.25,"SEV_BLUE",1970,1,1970-01-01
0.542102038860321,-104.75,40.75,"SGS",1970,1,1970-01-01
-0.0201352406293154,-104.75,41.25,"CHY",1970,2,1970-02-01
0.035829558968544,-99.25,38.75,"HAYS",1970,2,1970-02-01
-0.694652497768402,-96.75,39.25,"KNZ",1970,2,1970-02-01
0.306798130273819,-106.75,34.25,"SEV_BLACK",1970,2,1970-02-01
0.306798130273819,-106.75,34.25,"SEV_BLUE",1970,2,1970-02-01
0.506942451000214,-104.75,40.75,"SGS",1970,2,1970-02-01
0.973662734031677,-104.75,41.25,"CHY",1970,3,1970-03-01
0.524489045143127,-99.25,38.75,"HAYS",1970,3,1970-03-01
-0.407743245363235,-96.75,39.25,"KNZ",1970,3,1970-03-01
0.420291304588318,-106.75,34.25,"SEV_BLACK",1970,3,1970-03-01
0.420291304588318,-106.75,34.25,"SEV_BLUE",1970,3,1970-03-01
1.24556803703308,-104.75,40.75,"SGS",1970,3,1970-03-01
-0.241381198167801,-104.75,41.25,"CHY",1970,4,1970-04-01
-0.711095869541168,-99.25,38.75,"HAYS",1970,4,1970-04-01
-1.32429313659668,-96.75,39.25,"KNZ",1970,4,1970-04-01
-0.164610207080841,-106.75,34.25,"SEV_BLACK",1970,4,1970-04-01
-0.164610207080841,-106.75,34.25,"SEV_BLUE",1970,4,1970-04-01
-0.330814063549042,-104.75,40.75,"SGS",1970,4,1970-04-01
-0.762092173099518,-104.75,41.25,"CHY",1970,5,1970-05-01
-0.820075273513794,-99.25,38.75,"HAYS",1970,5,1970-05-01
-0.474029898643494,-96.75,39.25,"KNZ",1970,5,1970-05-01
-0.386769741773605,-106.75,34.25,"SEV_BLACK",1970,5,1970-05-01
-0.386769741773605,-106.75,34.25,"SEV_BLUE",1970,5,1970-05-01
-0.857498407363892,-104.75,40.75,"SGS",1970,5,1970-05-01
-0.055726632475853,-104.75,41.25,"CHY",1970,6,1970-06-01
-0.447941809892654,-99.25,38.75,"HAYS",1970,6,1970-06-01
-0.281403094530106,-96.75,39.25,"KNZ",1970,6,1970-06-01
-0.328984439373016,-106.75,34.25,"SEV_BLACK",1970,6,1970-06-01
-0.328984439373016,-106.75,34.25,"SEV_BLUE",1970,6,1970-06-01
-0.290246158838272,-104.75,40.75,"SGS",1970,6,1970-06-01
-0.185390710830688,-104.75,41.25,"CHY",1970,7,1970-07-01
-0.704455137252808,-99.25,38.75,"HAYS",1970,7,1970-07-01
-0.647655308246613,-96.75,39.25,"KNZ",1970,7,1970-07-01
-0.208284512162209,-106.75,34.25,"SEV_BLACK",1970,7,1970-07-01
-0.208284512162209,-106.75,34.25,"SEV_BLUE",1970,7,1970-07-01
-0.346514374017715,-104.75,40.75,"SGS",1970,7,1970-07-01
-0.329484790563583,-104.75,41.25,"CHY",1970,8,1970-08-01
-0.699391484260559,-99.25,38.75,"HAYS",1970,8,1970-08-01
-0.693199396133423,-96.75,39.25,"KNZ",1970,8,1970-08-01
-0.235019117593765,-106.75,34.25,"SEV_BLACK",1970,8,1970-08-01
-0.235019117593765,-106.75,34.25,"SEV_BLUE",1970,8,1970-08-01
-0.375554919242859,-104.75,40.75,"SGS",1970,8,1970-08-01
-0.558456718921661,-104.75,41.25,"CHY",1970,9,1970-09-01
-0.397372603416443,-99.25,38.75,"HAYS",1970,9,1970-09-01
0.0457724370062351,-96.75,39.25,"KNZ",1970,9,1970-09-01
-0.873043596744537,-106.75,34.25,"SEV_BLACK",1970,9,1970-09-01
-0.873043596744537,-106.75,34.25,"SEV_BLUE",1970,9,1970-09-01
-0.515485525131226,-104.75,40.75,"SGS",1970,9,1970-09-01
-0.322867631912231,-104.75,41.25,"CHY",1970,10,1970-10-01
-0.215378671884537,-99.25,38.75,"HAYS",1970,10,1970-10-01
0.201672926545143,-96.75,39.25,"KNZ",1970,10,1970-10-01
-0.597879528999329,-106.75,34.25,"SEV_BLACK",1970,10,1970-10-01
-0.597879528999329,-106.75,34.25,"SEV_BLUE",1970,10,1970-10-01
-0.257657468318939,-104.75,40.75,"SGS",1970,10,1970-10-01
0.194498762488365,-104.75,41.25,"CHY",1970,11,1970-11-01
0.0214914884418249,-99.25,38.75,"HAYS",1970,11,1970-11-01
0.070259615778923,-96.75,39.25,"KNZ",1970,11,1970-11-01
-0.543419718742371,-106.75,34.25,"SEV_BLACK",1970,11,1970-11-01
-0.543419718742371,-106.75,34.25,"SEV_BLUE",1970,11,1970-11-01
0.435266464948654,-104.75,40.75,"SGS",1970,11,1970-11-01
-0.45175713300705,-104.75,41.25,"CHY",1970,12,1970-12-01
-0.390321224927902,-99.25,38.75,"HAYS",1970,12,1970-12-01
-0.0334437824785709,-96.75,39.25,"KNZ",1970,12,1970-12-01
-0.8992680311203,-106.75,34.25,"SEV_BLACK",1970,12,1970-12-01
-0.8992680311203,-106.75,34.25,"SEV_BLUE",1970,12,1970-12-01
-0.0326523669064045,-104.75,40.75,"SGS",1970,12,1970-12-01
-0.453432232141495,-104.75,41.25,"CHY",1971,1,1971-01-01
0.0732028409838676,-99.25,38.75,"HAYS",1971,1,1971-01-01
0.676450669765472,-96.75,39.25,"KNZ",1971,1,1971-01-01
-1.0692822933197,-106.75,34.25,"SEV_BLACK",1971,1,1971-01-01
-1.0692822933197,-106.75,34.25,"SEV_BLUE",1971,1,1971-01-01
0.135035693645477,-104.75,40.75,"SGS",1971,1,1971-01-01
0.564090728759766,-104.75,41.25,"CHY",1971,2,1971-02-01
1.26279604434967,-99.25,38.75,"HAYS",1971,2,1971-02-01
1.58910775184631,-96.75,39.25,"KNZ",1971,2,1971-02-01
-1.09526693820953,-106.75,34.25,"SEV_BLACK",1971,2,1971-02-01
-1.09526693820953,-106.75,34.25,"SEV_BLUE",1971,2,1971-02-01
0.961969256401062,-104.75,40.75,"SGS",1971,2,1971-02-01
0.580590546131134,-104.75,41.25,"CHY",1971,3,1971-03-01
0.206330016255379,-99.25,38.75,"HAYS",1971,3,1971-03-01
0.582057952880859,-96.75,39.25,"KNZ",1971,3,1971-03-01
-1.03220415115356,-106.75,34.25,"SEV_BLACK",1971,3,1971-03-01
-1.03220415115356,-106.75,34.25,"SEV_BLUE",1971,3,1971-03-01
0.641286849975586,-104.75,40.75,"SGS",1971,3,1971-03-01
0.683566272258759,-104.75,41.25,"CHY",1971,4,1971-04-01
-0.18877224624157,-99.25,38.75,"HAYS",1971,4,1971-04-01
-0.522390961647034,-96.75,39.25,"KNZ",1971,4,1971-04-01
-1.07884323596954,-106.75,34.25,"SEV_BLACK",1971,4,1971-04-01
-1.07884323596954,-106.75,34.25,"SEV_BLUE",1971,4,1971-04-01
0.804039120674133,-104.75,40.75,"SGS",1971,4,1971-04-01
1.12973988056183,-104.75,41.25,"CHY",1971,5,1971-05-01
0.241424396634102,-99.25,38.75,"HAYS",1971,5,1971-05-01
0.062766045331955,-96.75,39.25,"KNZ",1971,5,1971-05-01
-1.02500283718109,-106.75,34.25,"SEV_BLACK",1971,5,1971-05-01
-1.02500283718109,-106.75,34.25,"SEV_BLUE",1971,5,1971-05-01
0.605112552642822,-104.75,40.75,"SGS",1971,5,1971-05-01
0.719864964485168,-104.75,41.25,"CHY",1971,6,1971-06-01
0.0250354576855898,-99.25,38.75,"HAYS",1971,6,1971-06-01
-0.156260952353477,-96.75,39.25,"KNZ",1971,6,1971-06-01
-0.971339464187622,-106.75,34.25,"SEV_BLACK",1971,6,1971-06-01
-0.971339464187622,-106.75,34.25,"SEV_BLUE",1971,6,1971-06-01
0.148624181747437,-104.75,40.75,"SGS",1971,6,1971-06-01
0.546663582324982,-104.75,41.25,"CHY",1971,7,1971-07-01
0.137071266770363,-99.25,38.75,"HAYS",1971,7,1971-07-01
0.428557366132736,-96.75,39.25,"KNZ",1971,7,1971-07-01
-0.683245539665222,-106.75,34.25,"SEV_BLACK",1971,7,1971-07-01
-0.683245539665222,-106.75,34.25,"SEV_BLUE",1971,7,1971-07-01
-0.00773881701752543,-104.75,40.75,"SGS",1971,7,1971-07-01
0.0896839648485184,-104.75,41.25,"CHY",1971,8,1971-08-01
-0.468819469213486,-99.25,38.75,"HAYS",1971,8,1971-08-01
-0.41557714343071,-96.75,39.25,"KNZ",1971,8,1971-08-01
-0.588641166687012,-106.75,34.25,"SEV_BLACK",1971,8,1971-08-01
-0.588641166687012,-106.75,34.25,"SEV_BLUE",1971,8,1971-08-01
-0.501569509506226,-104.75,40.75,"SGS",1971,8,1971-08-01
0.550401926040649,-104.75,41.25,"CHY",1971,9,1971-09-01
-0.326046347618103,-99.25,38.75,"HAYS",1971,9,1971-09-01
-0.649866759777069,-96.75,39.25,"KNZ",1971,9,1971-09-01
-0.102401688694954,-106.75,34.25,"SEV_BLACK",1971,9,1971-09-01
-0.102401688694954,-106.75,34.25,"SEV_BLUE",1971,9,1971-09-01
0.075066938996315,-104.75,40.75,"SGS",1971,9,1971-09-01
0.361856400966644,-104.75,41.25,"CHY",1971,10,1971-10-01
-0.0801064968109131,-99.25,38.75,"HAYS",1971,10,1971-10-01
-0.132648840546608,-96.75,39.25,"KNZ",1971,10,1971-10-01
0.322227150201797,-106.75,34.25,"SEV_BLACK",1971,10,1971-10-01
0.322227150201797,-106.75,34.25,"SEV_BLUE",1971,10,1971-10-01
-0.253133863210678,-104.75,40.75,"SGS",1971,10,1971-10-01
-0.237561970949173,-104.75,41.25,"CHY",1971,11,1971-11-01
0.100775249302387,-99.25,38.75,"HAYS",1971,11,1971-11-01
0.0192749034613371,-96.75,39.25,"KNZ",1971,11,1971-11-01
0.646771967411041,-106.75,34.25,"SEV_BLACK",1971,11,1971-11-01
0.646771967411041,-106.75,34.25,"SEV_BLUE",1971,11,1971-11-01
-0.431014835834503,-104.75,40.75,"SGS",1971,11,1971-11-01
0.0140613736584783,-104.75,41.25,"CHY",1971,12,1971-12-01
0.385265171527863,-99.25,38.75,"HAYS",1971,12,1971-12-01
0.251037180423737,-96.75,39.25,"KNZ",1971,12,1971-12-01
1.16479814052582,-106.75,34.25,"SEV_BLACK",1971,12,1971-12-01
1.16479814052582,-106.75,34.25,"SEV_BLUE",1971,12,1971-12-01
-0.0722274482250214,-104.75,40.75,"SGS",1971,12,1971-12-01
0.300611615180969,-104.75,41.25,"CHY",1972,1,1972-01-01
0.190773382782936,-99.25,38.75,"HAYS",1972,1,1972-01-01
-0.695868968963623,-96.75,39.25,"KNZ",1972,1,1972-01-01
0.991589605808258,-106.75,34.25,"SEV_BLACK",1972,1,1972-01-01
0.991589605808258,-106.75,34.25,"SEV_BLUE",1972,1,1972-01-01
0.217096105217934,-104.75,40.75,"SGS",1972,1,1972-01-01
0.189697861671448,-104.75,41.25,"CHY",1972,2,1972-02-01
0.356173545122147,-99.25,38.75,"HAYS",1972,2,1972-02-01
-0.173063993453979,-96.75,39.25,"KNZ",1972,2,1972-02-01
0.779597520828247,-106.75,34.25,"SEV_BLACK",1972,2,1972-02-01
0.779597520828247,-106.75,34.25,"SEV_BLUE",1972,2,1972-02-01
0.29585325717926,-104.75,40.75,"SGS",1972,2,1972-02-01
-1.37750458717346,-104.75,41.25,"CHY",1972,3,1972-03-01
-0.333097875118256,-99.25,38.75,"HAYS",1972,3,1972-03-01
0.181108459830284,-96.75,39.25,"KNZ",1972,3,1972-03-01
0.100045524537563,-106.75,34.25,"SEV_BLACK",1972,3,1972-03-01
0.100045524537563,-106.75,34.25,"SEV_BLUE",1972,3,1972-03-01
-1.45244979858398,-104.75,40.75,"SGS",1972,3,1972-03-01
-1.5926696062088,-104.75,41.25,"CHY",1972,4,1972-04-01
-0.998260915279388,-99.25,38.75,"HAYS",1972,4,1972-04-01
-0.202356830239296,-96.75,39.25,"KNZ",1972,4,1972-04-01
-0.949711620807648,-106.75,34.25,"SEV_BLACK",1972,4,1972-04-01
-0.949711620807648,-106.75,34.25,"SEV_BLUE",1972,4,1972-04-01
-1.49972009658813,-104.75,40.75,"SGS",1972,4,1972-04-01
-1.37646770477295,-104.75,41.25,"CHY",1972,5,1972-05-01
-0.590927958488464,-99.25,38.75,"HAYS",1972,5,1972-05-01
-0.684073209762573,-96.75,39.25,"KNZ",1972,5,1972-05-01
-1.25146806240082,-106.75,34.25,"SEV_BLACK",1972,5,1972-05-01
-1.25146806240082,-106.75,34.25,"SEV_BLUE",1972,5,1972-05-01
-1.37610769271851,-104.75,40.75,"SGS",1972,5,1972-05-01
-1.21451485157013,-104.75,41.25,"CHY",1972,6,1972-06-01
-0.570636928081512,-99.25,38.75,"HAYS",1972,6,1972-06-01
-1.28307616710663,-96.75,39.25,"KNZ",1972,6,1972-06-01
-1.36953353881836,-106.75,34.25,"SEV_BLACK",1972,6,1972-06-01
-1.36953353881836,-106.75,34.25,"SEV_BLUE",1972,6,1972-06-01
-1.04650580883026,-104.75,40.75,"SGS",1972,6,1972-06-01
-1.08953166007996,-104.75,41.25,"CHY",1972,7,1972-07-01
-0.170669585466385,-99.25,38.75,"HAYS",1972,7,1972-07-01
-0.628582537174225,-96.75,39.25,"KNZ",1972,7,1972-07-01
-1.19835674762726,-106.75,34.25,"SEV_BLACK",1972,7,1972-07-01
-1.19835674762726,-106.75,34.25,"SEV_BLUE",1972,7,1972-07-01
-0.874722838401794,-104.75,40.75,"SGS",1972,7,1972-07-01
-0.286428302526474,-104.75,41.25,"CHY",1972,8,1972-08-01
0.515697956085205,-99.25,38.75,"HAYS",1972,8,1972-08-01
-0.15420825779438,-96.75,39.25,"KNZ",1972,8,1972-08-01
0.0212265159934759,-106.75,34.25,"SEV_BLACK",1972,8,1972-08-01
0.0212265159934759,-106.75,34.25,"SEV_BLUE",1972,8,1972-08-01
-0.194696366786957,-104.75,40.75,"SGS",1972,8,1972-08-01
0.078645296394825,-104.75,41.25,"CHY",1972,9,1972-09-01
0.992038667201996,-99.25,38.75,"HAYS",1972,9,1972-09-01
0.0581367388367653,-96.75,39.25,"KNZ",1972,9,1972-09-01
1.00910103321075,-106.75,34.25,"SEV_BLACK",1972,9,1972-09-01
1.00910103321075,-106.75,34.25,"SEV_BLUE",1972,9,1972-09-01
0.34713813662529,-104.75,40.75,"SGS",1972,9,1972-09-01
0.177452147006989,-104.75,41.25,"CHY",1972,10,1972-10-01
1.01248300075531,-99.25,38.75,"HAYS",1972,10,1972-10-01
0.127282246947289,-96.75,39.25,"KNZ",1972,10,1972-10-01
2.32587337493896,-106.75,34.25,"SEV_BLACK",1972,10,1972-10-01
2.32587337493896,-106.75,34.25,"SEV_BLUE",1972,10,1972-10-01
0.456909894943237,-104.75,40.75,"SGS",1972,10,1972-10-01
0.801240146160126,-104.75,41.25,"CHY",1972,11,1972-11-01
1.17053258419037,-99.25,38.75,"HAYS",1972,11,1972-11-01
0.558844685554504,-96.75,39.25,"KNZ",1972,11,1972-11-01
2.47672367095947,-106.75,34.25,"SEV_BLACK",1972,11,1972-11-01
2.47672367095947,-106.75,34.25,"SEV_BLUE",1972,11,1972-11-01
1.17171192169189,-104.75,40.75,"SGS",1972,11,1972-11-01
1.36947655677795,-104.75,41.25,"CHY",1972,12,1972-12-01
1.55293250083923,-99.25,38.75,"HAYS",1972,12,1972-12-01
1.40903687477112,-96.75,39.25,"KNZ",1972,12,1972-12-01
2.2677743434906,-106.75,34.25,"SEV_BLACK",1972,12,1972-12-01
2.2677743434906,-106.75,34.25,"SEV_BLUE",1972,12,1972-12-01
1.50347256660461,-104.75,40.75,"SGS",1972,12,1972-12-01
1.75118339061737,-104.75,41.25,"CHY",1973,1,1973-01-01
1.78830683231354,-99.25,38.75,"HAYS",1973,1,1973-01-01
1.59101164340973,-96.75,39.25,"KNZ",1973,1,1973-01-01
2.59440875053406,-106.75,34.25,"SEV_BLACK",1973,1,1973-01-01
2.59440875053406,-106.75,34.25,"SEV_BLUE",1973,1,1973-01-01
1.85141432285309,-104.75,40.75,"SGS",1973,1,1973-01-01
1.15077757835388,-104.75,41.25,"CHY",1973,2,1973-02-01
1.34368872642517,-99.25,38.75,"HAYS",1973,2,1973-02-01
1.5464141368866,-96.75,39.25,"KNZ",1973,2,1973-02-01
2.37751126289368,-106.75,34.25,"SEV_BLACK",1973,2,1973-02-01
2.37751126289368,-106.75,34.25,"SEV_BLUE",1973,2,1973-02-01
1.50530993938446,-104.75,40.75,"SGS",1973,2,1973-02-01
1.92722165584564,-104.75,41.25,"CHY",1973,3,1973-03-01
2.17798256874084,-99.25,38.75,"HAYS",1973,3,1973-03-01
2.44254040718079,-96.75,39.25,"KNZ",1973,3,1973-03-01
2.345867395401,-106.75,34.25,"SEV_BLACK",1973,3,1973-03-01
2.345867395401,-106.75,34.25,"SEV_BLUE",1973,3,1973-03-01
1.95865249633789,-104.75,40.75,"SGS",1973,3,1973-03-01
2.19488382339478,-104.75,41.25,"CHY",1973,4,1973-04-01
2.40161490440369,-99.25,38.75,"HAYS",1973,4,1973-04-01
2.46034455299377,-96.75,39.25,"KNZ",1973,4,1973-04-01
1.59019291400909,-106.75,34.25,"SEV_BLACK",1973,4,1973-04-01
1.59019291400909,-106.75,34.25,"SEV_BLUE",1973,4,1973-04-01
2.3010790348053,-104.75,40.75,"SGS",1973,4,1973-04-01
0.981722712516785,-104.75,41.25,"CHY",1973,5,1973-05-01
1.70261216163635,-99.25,38.75,"HAYS",1973,5,1973-05-01
1.90506029129028,-96.75,39.25,"KNZ",1973,5,1973-05-01
1.64936470985413,-106.75,34.25,"SEV_BLACK",1973,5,1973-05-01
1.64936470985413,-106.75,34.25,"SEV_BLUE",1973,5,1973-05-01
1.54697978496552,-104.75,40.75,"SGS",1973,5,1973-05-01
0.0891931354999542,-104.75,41.25,"CHY",1973,6,1973-06-01
0.879927575588226,-99.25,38.75,"HAYS",1973,6,1973-06-01
0.933759212493896,-96.75,39.25,"KNZ",1973,6,1973-06-01
1.91732919216156,-106.75,34.25,"SEV_BLACK",1973,6,1973-06-01
1.91732919216156,-106.75,34.25,"SEV_BLUE",1973,6,1973-06-01
0.764063954353333,-104.75,40.75,"SGS",1973,6,1973-06-01
0.688402235507965,-104.75,41.25,"CHY",1973,7,1973-07-01
1.0816890001297,-99.25,38.75,"HAYS",1973,7,1973-07-01
1.17512667179108,-96.75,39.25,"KNZ",1973,7,1973-07-01
1.92431402206421,-106.75,34.25,"SEV_BLACK",1973,7,1973-07-01
1.92431402206421,-106.75,34.25,"SEV_BLUE",1973,7,1973-07-01
0.917780518531799,-104.75,40.75,"SGS",1973,7,1973-07-01
0.332605004310608,-104.75,41.25,"CHY",1973,8,1973-08-01
0.895834743976593,-99.25,38.75,"HAYS",1973,8,1973-08-01
0.900502979755402,-96.75,39.25,"KNZ",1973,8,1973-08-01
1.5756231546402,-106.75,34.25,"SEV_BLACK",1973,8,1973-08-01
1.5756231546402,-106.75,34.25,"SEV_BLUE",1973,8,1973-08-01
0.553375720977783,-104.75,40.75,"SGS",1973,8,1973-08-01
0.883536279201508,-104.75,41.25,"CHY",1973,9,1973-09-01
0.931783974170685,-99.25,38.75,"HAYS",1973,9,1973-09-01
1.19734728336334,-96.75,39.25,"KNZ",1973,9,1973-09-01
0.760612905025482,-106.75,34.25,"SEV_BLACK",1973,9,1973-09-01
0.760612905025482,-106.75,34.25,"SEV_BLUE",1973,9,1973-09-01
1.01327323913574,-104.75,40.75,"SGS",1973,9,1973-09-01
0.310567796230316,-104.75,41.25,"CHY",1973,10,1973-10-01
0.786953508853912,-99.25,38.75,"HAYS",1973,10,1973-10-01
1.46366965770721,-96.75,39.25,"KNZ",1973,10,1973-10-01
0.061948761343956,-106.75,34.25,"SEV_BLACK",1973,10,1973-10-01
0.061948761343956,-106.75,34.25,"SEV_BLUE",1973,10,1973-10-01
0.297904670238495,-104.75,40.75,"SGS",1973,10,1973-10-01
1.28019821643829,-104.75,41.25,"CHY",1973,11,1973-11-01
1.1839052438736,-99.25,38.75,"HAYS",1973,11,1973-11-01
1.6783492565155,-96.75,39.25,"KNZ",1973,11,1973-11-01
-0.597827076911926,-106.75,34.25,"SEV_BLACK",1973,11,1973-11-01
-0.597827076911926,-106.75,34.25,"SEV_BLUE",1973,11,1973-11-01
0.841273903846741,-104.75,40.75,"SGS",1973,11,1973-11-01
1.9743310213089,-104.75,41.25,"CHY",1973,12,1973-12-01
2.07187986373901,-99.25,38.75,"HAYS",1973,12,1973-12-01
2.41561031341553,-96.75,39.25,"KNZ",1973,12,1973-12-01
-1.16955101490021,-106.75,34.25,"SEV_BLACK",1973,12,1973-12-01
-1.16955101490021,-106.75,34.25,"SEV_BLUE",1973,12,1973-12-01
1.59061133861542,-104.75,40.75,"SGS",1973,12,1973-12-01
1.71145510673523,-104.75,41.25,"CHY",1974,1,1974-01-01
2.14660048484802,-99.25,38.75,"HAYS",1974,1,1974-01-01
2.47507476806641,-96.75,39.25,"KNZ",1974,1,1974-01-01
-1.51575863361359,-106.75,34.25,"SEV_BLACK",1974,1,1974-01-01
-1.51575863361359,-106.75,34.25,"SEV_BLUE",1974,1,1974-01-01
1.54102647304535,-104.75,40.75,"SGS",1974,1,1974-01-01
2.06478643417358,-104.75,41.25,"CHY",1974,2,1974-02-01
2.19194006919861,-99.25,38.75,"HAYS",1974,2,1974-02-01
2.51934003829956,-96.75,39.25,"KNZ",1974,2,1974-02-01
-1.64719808101654,-106.75,34.25,"SEV_BLACK",1974,2,1974-02-01
-1.64719808101654,-106.75,34.25,"SEV_BLUE",1974,2,1974-02-01
1.90410923957825,-104.75,40.75,"SGS",1974,2,1974-02-01
0.339762419462204,-104.75,41.25,"CHY",1974,3,1974-03-01
0.411717057228088,-99.25,38.75,"HAYS",1974,3,1974-03-01
1.05042779445648,-96.75,39.25,"KNZ",1974,3,1974-03-01
-1.70100939273834,-106.75,34.25,"SEV_BLACK",1974,3,1974-03-01
-1.70100939273834,-106.75,34.25,"SEV_BLUE",1974,3,1974-03-01
0.575646936893463,-104.75,40.75,"SGS",1974,3,1974-03-01
0.588594377040863,-104.75,41.25,"CHY",1974,4,1974-04-01
0.145042240619659,-99.25,38.75,"HAYS",1974,4,1974-04-01
0.432759612798691,-96.75,39.25,"KNZ",1974,4,1974-04-01
-1.3732088804245,-106.75,34.25,"SEV_BLACK",1974,4,1974-04-01
-1.3732088804245,-106.75,34.25,"SEV_BLUE",1974,4,1974-04-01
0.867780983448029,-104.75,40.75,"SGS",1974,4,1974-04-01
-1.10901021957397,-104.75,41.25,"CHY",1974,5,1974-05-01
-0.578649580478668,-99.25,38.75,"HAYS",1974,5,1974-05-01
-0.159382000565529,-96.75,39.25,"KNZ",1974,5,1974-05-01
-1.4837349653244,-106.75,34.25,"SEV_BLACK",1974,5,1974-05-01
-1.4837349653244,-106.75,34.25,"SEV_BLUE",1974,5,1974-05-01
-0.962607741355896,-104.75,40.75,"SGS",1974,5,1974-05-01
-1.25477874279022,-104.75,41.25,"CHY",1974,6,1974-06-01
-1.11715340614319,-99.25,38.75,"HAYS",1974,6,1974-06-01
-0.932795524597168,-96.75,39.25,"KNZ",1974,6,1974-06-01
-1.57131910324097,-106.75,34.25,"SEV_BLACK",1974,6,1974-06-01
-1.57131910324097,-106.75,34.25,"SEV_BLUE",1974,6,1974-06-01
-1.11273181438446,-104.75,40.75,"SGS",1974,6,1974-06-01
-1.46020841598511,-104.75,41.25,"CHY",1974,7,1974-07-01
-1.67929816246033,-99.25,38.75,"HAYS",1974,7,1974-07-01
-1.50938189029694,-96.75,39.25,"KNZ",1974,7,1974-07-01
-0.750195384025574,-106.75,34.25,"SEV_BLACK",1974,7,1974-07-01
-0.750195384025574,-106.75,34.25,"SEV_BLUE",1974,7,1974-07-01
-1.34746503829956,-104.75,40.75,"SGS",1974,7,1974-07-01
-1.31128180027008,-104.75,41.25,"CHY",1974,8,1974-08-01
-1.21394658088684,-99.25,38.75,"HAYS",1974,8,1974-08-01
-1.26565098762512,-96.75,39.25,"KNZ",1974,8,1974-08-01
-0.337646156549454,-106.75,34.25,"SEV_BLACK",1974,8,1974-08-01
-0.337646156549454,-106.75,34.25,"SEV_BLUE",1974,8,1974-08-01
-1.33433318138123,-104.75,40.75,"SGS",1974,8,1974-08-01
-1.2937695980072,-104.75,41.25,"CHY",1974,9,1974-09-01
-1.22682809829712,-99.25,38.75,"HAYS",1974,9,1974-09-01
-1.2622789144516,-96.75,39.25,"KNZ",1974,9,1974-09-01
0.433276176452637,-106.75,34.25,"SEV_BLACK",1974,9,1974-09-01
0.433276176452637,-106.75,34.25,"SEV_BLUE",1974,9,1974-09-01
-1.34413719177246,-104.75,40.75,"SGS",1974,9,1974-09-01
-1.34385824203491,-104.75,41.25,"CHY",1974,10,1974-10-01
-1.03660440444946,-99.25,38.75,"HAYS",1974,10,1974-10-01
-1.15917348861694,-96.75,39.25,"KNZ",1974,10,1974-10-01
1.46067249774933,-106.75,34.25,"SEV_BLACK",1974,10,1974-10-01
1.46067249774933,-106.75,34.25,"SEV_BLUE",1974,10,1974-10-01
-1.40794372558594,-104.75,40.75,"SGS",1974,10,1974-10-01
-0.741860687732697,-104.75,41.25,"CHY",1974,11,1974-11-01
-0.830638766288757,-99.25,38.75,"HAYS",1974,11,1974-11-01
-1.07827579975128,-96.75,39.25,"KNZ",1974,11,1974-11-01
1.75603485107422,-106.75,34.25,"SEV_BLACK",1974,11,1974-11-01
1.75603485107422,-106.75,34.25,"SEV_BLUE",1974,11,1974-11-01
-0.530418395996094,-104.75,40.75,"SGS",1974,11,1974-11-01
-0.777719914913177,-104.75,41.25,"CHY",1974,12,1974-12-01
-0.785273611545563,-99.25,38.75,"HAYS",1974,12,1974-12-01
-1.05563080310822,-96.75,39.25,"KNZ",1974,12,1974-12-01
2.09245038032532,-106.75,34.25,"SEV_BLACK",1974,12,1974-12-01
2.09245038032532,-106.75,34.25,"SEV_BLUE",1974,12,1974-12-01
-0.605982482433319,-104.75,40.75,"SGS",1974,12,1974-12-01
-0.554520189762115,-104.75,41.25,"CHY",1975,1,1975-01-01
-0.0077610737644136,-99.25,38.75,"HAYS",1975,1,1975-01-01
-0.143397226929665,-96.75,39.25,"KNZ",1975,1,1975-01-01
1.84509325027466,-106.75,34.25,"SEV_BLACK",1975,1,1975-01-01
1.84509325027466,-106.75,34.25,"SEV_BLUE",1975,1,1975-01-01
-0.513728618621826,-104.75,40.75,"SGS",1975,1,1975-01-01
-0.536182522773743,-104.75,41.25,"CHY",1975,2,1975-02-01
-0.0847185850143433,-99.25,38.75,"HAYS",1975,2,1975-02-01
0.107968270778656,-96.75,39.25,"KNZ",1975,2,1975-02-01
1.79102039337158,-106.75,34.25,"SEV_BLACK",1975,2,1975-02-01
1.79102039337158,-106.75,34.25,"SEV_BLUE",1975,2,1975-02-01
-0.289964705705643,-104.75,40.75,"SGS",1975,2,1975-02-01
-0.272360235452652,-104.75,41.25,"CHY",1975,3,1975-03-01
0.505630671977997,-99.25,38.75,"HAYS",1975,3,1975-03-01
0.821278274059296,-96.75,39.25,"KNZ",1975,3,1975-03-01
1.57610058784485,-106.75,34.25,"SEV_BLACK",1975,3,1975-03-01
1.57610058784485,-106.75,34.25,"SEV_BLUE",1975,3,1975-03-01
-0.130707263946533,-104.75,40.75,"SGS",1975,3,1975-03-01
-0.178155049681664,-104.75,41.25,"CHY",1975,4,1975-04-01
0.403479278087616,-99.25,38.75,"HAYS",1975,4,1975-04-01
0.641995489597321,-96.75,39.25,"KNZ",1975,4,1975-04-01
0.697265207767487,-106.75,34.25,"SEV_BLACK",1975,4,1975-04-01
0.697265207767487,-106.75,34.25,"SEV_BLUE",1975,4,1975-04-01
0.0140145402401686,-104.75,40.75,"SGS",1975,4,1975-04-01
0.385843068361282,-104.75,41.25,"CHY",1975,5,1975-05-01
0.566269040107727,-99.25,38.75,"HAYS",1975,5,1975-05-01
0.273151904344559,-96.75,39.25,"KNZ",1975,5,1975-05-01
0.70781147480011,-106.75,34.25,"SEV_BLACK",1975,5,1975-05-01
0.70781147480011,-106.75,34.25,"SEV_BLUE",1975,5,1975-05-01
0.679889380931854,-104.75,40.75,"SGS",1975,5,1975-05-01
0.385950654745102,-104.75,41.25,"CHY",1975,6,1975-06-01
0.969606220722198,-99.25,38.75,"HAYS",1975,6,1975-06-01
0.85587751865387,-96.75,39.25,"KNZ",1975,6,1975-06-01
0.237522304058075,-106.75,34.25,"SEV_BLACK",1975,6,1975-06-01
0.237522304058075,-106.75,34.25,"SEV_BLUE",1975,6,1975-06-01
0.734693706035614,-104.75,40.75,"SGS",1975,6,1975-06-01
0.418715685606003,-104.75,41.25,"CHY",1975,7,1975-07-01
0.447984308004379,-99.25,38.75,"HAYS",1975,7,1975-07-01
0.127764567732811,-96.75,39.25,"KNZ",1975,7,1975-07-01
0.501275777816772,-106.75,34.25,"SEV_BLACK",1975,7,1975-07-01
0.501275777816772,-106.75,34.25,"SEV_BLUE",1975,7,1975-07-01
0.807019412517548,-104.75,40.75,"SGS",1975,7,1975-07-01
0.298489660024643,-104.75,41.25,"CHY",1975,8,1975-08-01
0.324312686920166,-99.25,38.75,"HAYS",1975,8,1975-08-01
-0.290077537298203,-96.75,39.25,"KNZ",1975,8,1975-08-01
0.0581074990332127,-106.75,34.25,"SEV_BLACK",1975,8,1975-08-01
0.0581074990332127,-106.75,34.25,"SEV_BLUE",1975,8,1975-08-01
0.701115906238556,-104.75,40.75,"SGS",1975,8,1975-08-01
0.152082681655884,-104.75,41.25,"CHY",1975,9,1975-09-01
0.221339106559753,-99.25,38.75,"HAYS",1975,9,1975-09-01
-0.320204645395279,-96.75,39.25,"KNZ",1975,9,1975-09-01
0.816182315349579,-106.75,34.25,"SEV_BLACK",1975,9,1975-09-01
0.816182315349579,-106.75,34.25,"SEV_BLUE",1975,9,1975-09-01
0.537808060646057,-104.75,40.75,"SGS",1975,9,1975-09-01
0.0243722014129162,-104.75,41.25,"CHY",1975,10,1975-10-01
-0.275189131498337,-99.25,38.75,"HAYS",1975,10,1975-10-01
-0.785422921180725,-96.75,39.25,"KNZ",1975,10,1975-10-01
0.287229984998703,-106.75,34.25,"SEV_BLACK",1975,10,1975-10-01
0.287229984998703,-106.75,34.25,"SEV_BLUE",1975,10,1975-10-01
0.258127123117447,-104.75,40.75,"SGS",1975,10,1975-10-01
-0.33218315243721,-104.75,41.25,"CHY",1975,11,1975-11-01
-0.0171661581844091,-99.25,38.75,"HAYS",1975,11,1975-11-01
-0.309607177972794,-96.75,39.25,"KNZ",1975,11,1975-11-01
0.0937735587358475,-106.75,34.25,"SEV_BLACK",1975,11,1975-11-01
0.0937735587358475,-106.75,34.25,"SEV_BLUE",1975,11,1975-11-01
-0.18323341012001,-104.75,40.75,"SGS",1975,11,1975-11-01
-0.376200795173645,-104.75,41.25,"CHY",1975,12,1975-12-01
-0.693051338195801,-99.25,38.75,"HAYS",1975,12,1975-12-01
-0.962567031383514,-96.75,39.25,"KNZ",1975,12,1975-12-01
0.190741255879402,-106.75,34.25,"SEV_BLACK",1975,12,1975-12-01
0.190741255879402,-106.75,34.25,"SEV_BLUE",1975,12,1975-12-01
-0.356182664632797,-104.75,40.75,"SGS",1975,12,1975-12-01
-0.625640451908112,-104.75,41.25,"CHY",1976,1,1976-01-01
-0.440985172986984,-99.25,38.75,"HAYS",1976,1,1976-01-01
-0.753936648368835,-96.75,39.25,"KNZ",1976,1,1976-01-01
-0.466413378715515,-106.75,34.25,"SEV_BLACK",1976,1,1976-01-01
-0.466413378715515,-106.75,34.25,"SEV_BLUE",1976,1,1976-01-01
-0.631477534770966,-104.75,40.75,"SGS",1976,1,1976-01-01
-0.680671870708466,-104.75,41.25,"CHY",1976,2,1976-02-01
-1.0561945438385,-99.25,38.75,"HAYS",1976,2,1976-02-01
-0.82813960313797,-96.75,39.25,"KNZ",1976,2,1976-02-01
-0.303313821554184,-106.75,34.25,"SEV_BLACK",1976,2,1976-02-01
-0.303313821554184,-106.75,34.25,"SEV_BLUE",1976,2,1976-02-01
-0.760075032711029,-104.75,40.75,"SGS",1976,2,1976-02-01
-0.679320752620697,-104.75,41.25,"CHY",1976,3,1976-03-01
-1.20995986461639,-99.25,38.75,"HAYS",1976,3,1976-03-01
-0.858016729354858,-96.75,39.25,"KNZ",1976,3,1976-03-01
-1.53823256492615,-106.75,34.25,"SEV_BLACK",1976,3,1976-03-01
-1.53823256492615,-106.75,34.25,"SEV_BLUE",1976,3,1976-03-01
-0.660224616527557,-104.75,40.75,"SGS",1976,3,1976-03-01
-0.18198561668396,-104.75,41.25,"CHY",1976,4,1976-04-01
0.389412313699722,-99.25,38.75,"HAYS",1976,4,1976-04-01
0.836370646953583,-96.75,39.25,"KNZ",1976,4,1976-04-01
-0.967313528060913,-106.75,34.25,"SEV_BLACK",1976,4,1976-04-01
-0.967313528060913,-106.75,34.25,"SEV_BLUE",1976,4,1976-04-01
-0.260305881500244,-104.75,40.75,"SGS",1976,4,1976-04-01
-0.502045631408691,-104.75,41.25,"CHY",1976,5,1976-05-01
-0.642561912536621,-99.25,38.75,"HAYS",1976,5,1976-05-01
-0.173231467604637,-96.75,39.25,"KNZ",1976,5,1976-05-01
-0.229944080114365,-106.75,34.25,"SEV_BLACK",1976,5,1976-05-01
-0.229944080114365,-106.75,34.25,"SEV_BLUE",1976,5,1976-05-01
-0.7345871925354,-104.75,40.75,"SGS",1976,5,1976-05-01
-0.831330716609955,-104.75,41.25,"CHY",1976,6,1976-06-01
-1.18746173381805,-99.25,38.75,"HAYS",1976,6,1976-06-01
-0.525851607322693,-96.75,39.25,"KNZ",1976,6,1976-06-01
-0.0239382274448872,-106.75,34.25,"SEV_BLACK",1976,6,1976-06-01
-0.0239382274448872,-106.75,34.25,"SEV_BLUE",1976,6,1976-06-01
-1.03113412857056,-104.75,40.75,"SGS",1976,6,1976-06-01
-0.923010349273682,-104.75,41.25,"CHY",1976,7,1976-07-01
-0.877043545246124,-99.25,38.75,"HAYS",1976,7,1976-07-01
-0.613161444664001,-96.75,39.25,"KNZ",1976,7,1976-07-01
0.479883521795273,-106.75,34.25,"SEV_BLACK",1976,7,1976-07-01
0.479883521795273,-106.75,34.25,"SEV_BLUE",1976,7,1976-07-01
-1.0323714017868,-104.75,40.75,"SGS",1976,7,1976-07-01
-0.885355055332184,-104.75,41.25,"CHY",1976,8,1976-08-01
-1.12050676345825,-99.25,38.75,"HAYS",1976,8,1976-08-01
-0.919451296329498,-96.75,39.25,"KNZ",1976,8,1976-08-01
0.264869719743729,-106.75,34.25,"SEV_BLACK",1976,8,1976-08-01
0.264869719743729,-106.75,34.25,"SEV_BLUE",1976,8,1976-08-01
-0.855988204479218,-104.75,40.75,"SGS",1976,8,1976-08-01
-0.888512253761292,-104.75,41.25,"CHY",1976,9,1976-09-01
-0.617374360561371,-99.25,38.75,"HAYS",1976,9,1976-09-01
-1.18239998817444,-96.75,39.25,"KNZ",1976,9,1976-09-01
0.682550311088562,-106.75,34.25,"SEV_BLACK",1976,9,1976-09-01
0.682550311088562,-106.75,34.25,"SEV_BLUE",1976,9,1976-09-01
-0.715087056159973,-104.75,40.75,"SGS",1976,9,1976-09-01
-1.15746176242828,-104.75,41.25,"CHY",1976,10,1976-10-01
-0.905715703964233,-99.25,38.75,"HAYS",1976,10,1976-10-01
-1.4194141626358,-96.75,39.25,"KNZ",1976,10,1976-10-01
0.567968487739563,-106.75,34.25,"SEV_BLACK",1976,10,1976-10-01
0.567968487739563,-106.75,34.25,"SEV_BLUE",1976,10,1976-10-01
-0.881782114505768,-104.75,40.75,"SGS",1976,10,1976-10-01
-1.24891674518585,-104.75,41.25,"CHY",1976,11,1976-11-01
-0.993182301521301,-99.25,38.75,"HAYS",1976,11,1976-11-01
-1.66082143783569,-96.75,39.25,"KNZ",1976,11,1976-11-01
0.297975361347198,-106.75,34.25,"SEV_BLACK",1976,11,1976-11-01
0.297975361347198,-106.75,34.25,"SEV_BLUE",1976,11,1976-11-01
-0.818053901195526,-104.75,40.75,"SGS",1976,11,1976-11-01
-1.44663465023041,-104.75,41.25,"CHY",1976,12,1976-12-01
-0.79588794708252,-99.25,38.75,"HAYS",1976,12,1976-12-01
-1.86168122291565,-96.75,39.25,"KNZ",1976,12,1976-12-01
0.10910652577877,-106.75,34.25,"SEV_BLACK",1976,12,1976-12-01
0.10910652577877,-106.75,34.25,"SEV_BLUE",1976,12,1976-12-01
-0.806258916854858,-104.75,40.75,"SGS",1976,12,1976-12-01
-1.55295133590698,-104.75,41.25,"CHY",1977,1,1977-01-01
-0.944239974021912,-99.25,38.75,"HAYS",1977,1,1977-01-01
-1.87441182136536,-96.75,39.25,"KNZ",1977,1,1977-01-01
0.0453156642615795,-106.75,34.25,"SEV_BLACK",1977,1,1977-01-01
0.0453156642615795,-106.75,34.25,"SEV_BLUE",1977,1,1977-01-01
-0.841997623443604,-104.75,40.75,"SGS",1977,1,1977-01-01
-1.87558341026306,-104.75,41.25,"CHY",1977,2,1977-02-01
-0.498789012432098,-99.25,38.75,"HAYS",1977,2,1977-02-01
-1.67510831356049,-96.75,39.25,"KNZ",1977,2,1977-02-01
0.512599289417267,-106.75,34.25,"SEV_BLACK",1977,2,1977-02-01
0.512599289417267,-106.75,34.25,"SEV_BLUE",1977,2,1977-02-01
-1.36389589309692,-104.75,40.75,"SGS",1977,2,1977-02-01
-1.40923738479614,-104.75,41.25,"CHY",1977,3,1977-03-01
-1.40464317798615,-99.25,38.75,"HAYS",1977,3,1977-03-01
-1.40304803848267,-96.75,39.25,"KNZ",1977,3,1977-03-01
0.532225072383881,-106.75,34.25,"SEV_BLACK",1977,3,1977-03-01
0.532225072383881,-106.75,34.25,"SEV_BLUE",1977,3,1977-03-01
-1.27393281459808,-104.75,40.75,"SGS",1977,3,1977-03-01
-0.943847835063934,-104.75,41.25,"CHY",1977,4,1977-04-01
-1.08083891868591,-99.25,38.75,"HAYS",1977,4,1977-04-01
-1.70227265357971,-96.75,39.25,"KNZ",1977,4,1977-04-01
0.973557412624359,-106.75,34.25,"SEV_BLACK",1977,4,1977-04-01
0.973557412624359,-106.75,34.25,"SEV_BLUE",1977,4,1977-04-01
-0.776230990886688,-104.75,40.75,"SGS",1977,4,1977-04-01
-0.876441299915314,-104.75,41.25,"CHY",1977,5,1977-05-01
-0.395491719245911,-99.25,38.75,"HAYS",1977,5,1977-05-01
-0.307063221931458,-96.75,39.25,"KNZ",1977,5,1977-05-01
0.85623961687088,-106.75,34.25,"SEV_BLACK",1977,5,1977-05-01
0.85623961687088,-106.75,34.25,"SEV_BLUE",1977,5,1977-05-01
-0.858930885791779,-104.75,40.75,"SGS",1977,5,1977-05-01
-0.893445074558258,-104.75,41.25,"CHY",1977,6,1977-06-01
-0.480093657970428,-99.25,38.75,"HAYS",1977,6,1977-06-01
0.350572854280472,-96.75,39.25,"KNZ",1977,6,1977-06-01
0.886597275733948,-106.75,34.25,"SEV_BLACK",1977,6,1977-06-01
0.886597275733948,-106.75,34.25,"SEV_BLUE",1977,6,1977-06-01
-0.962288022041321,-104.75,40.75,"SGS",1977,6,1977-06-01
-0.293065041303635,-104.75,41.25,"CHY",1977,7,1977-07-01
-0.86376291513443,-99.25,38.75,"HAYS",1977,7,1977-07-01
-0.0917249768972397,-96.75,39.25,"KNZ",1977,7,1977-07-01
0.854577243328094,-106.75,34.25,"SEV_BLACK",1977,7,1977-07-01
0.854577243328094,-106.75,34.25,"SEV_BLUE",1977,7,1977-07-01
-0.400412738323212,-104.75,40.75,"SGS",1977,7,1977-07-01
0.0459272973239422,-104.75,41.25,"CHY",1977,8,1977-08-01
0.119577690958977,-99.25,38.75,"HAYS",1977,8,1977-08-01
0.99619448184967,-96.75,39.25,"KNZ",1977,8,1977-08-01
0.988823592662811,-106.75,34.25,"SEV_BLACK",1977,8,1977-08-01
0.988823592662811,-106.75,34.25,"SEV_BLUE",1977,8,1977-08-01
-0.0795542374253273,-104.75,40.75,"SGS",1977,8,1977-08-01
-0.491842776536942,-104.75,41.25,"CHY",1977,9,1977-09-01
0.0435332469642162,-99.25,38.75,"HAYS",1977,9,1977-09-01
1.2288590669632,-96.75,39.25,"KNZ",1977,9,1977-09-01
0.544495463371277,-106.75,34.25,"SEV_BLACK",1977,9,1977-09-01
0.544495463371277,-106.75,34.25,"SEV_BLUE",1977,9,1977-09-01
-0.544174611568451,-104.75,40.75,"SGS",1977,9,1977-09-01
-0.866126894950867,-104.75,41.25,"CHY",1977,10,1977-10-01
-0.328893154859543,-99.25,38.75,"HAYS",1977,10,1977-10-01
1.36188554763794,-96.75,39.25,"KNZ",1977,10,1977-10-01
-0.0787446945905685,-106.75,34.25,"SEV_BLACK",1977,10,1977-10-01
-0.0787446945905685,-106.75,34.25,"SEV_BLUE",1977,10,1977-10-01
-0.93163675069809,-104.75,40.75,"SGS",1977,10,1977-10-01
-0.718730747699738,-104.75,41.25,"CHY",1977,11,1977-11-01
-0.479438602924347,-99.25,38.75,"HAYS",1977,11,1977-11-01
1.29618310928345,-96.75,39.25,"KNZ",1977,11,1977-11-01
-0.271238446235657,-106.75,34.25,"SEV_BLACK",1977,11,1977-11-01
-0.271238446235657,-106.75,34.25,"SEV_BLUE",1977,11,1977-11-01
-0.66778302192688,-104.75,40.75,"SGS",1977,11,1977-11-01
-0.602312386035919,-104.75,41.25,"CHY",1977,12,1977-12-01
-0.285986632108688,-99.25,38.75,"HAYS",1977,12,1977-12-01
1.12861120700836,-96.75,39.25,"KNZ",1977,12,1977-12-01
-0.45621183514595,-106.75,34.25,"SEV_BLACK",1977,12,1977-12-01
-0.45621183514595,-106.75,34.25,"SEV_BLUE",1977,12,1977-12-01
-0.512614071369171,-104.75,40.75,"SGS",1977,12,1977-12-01
-1.33048558235168,-104.75,41.25,"CHY",1978,1,1978-01-01
0.313696533441544,-99.25,38.75,"HAYS",1978,1,1978-01-01
1.68383276462555,-96.75,39.25,"KNZ",1978,1,1978-01-01
-0.398315787315369,-106.75,34.25,"SEV_BLACK",1978,1,1978-01-01
-0.398315787315369,-106.75,34.25,"SEV_BLUE",1978,1,1978-01-01
-1.23221349716187,-104.75,40.75,"SGS",1978,1,1978-01-01
-1.41640841960907,-104.75,41.25,"CHY",1978,2,1978-02-01
-0.228247031569481,-99.25,38.75,"HAYS",1978,2,1978-02-01
0.935431182384491,-96.75,39.25,"KNZ",1978,2,1978-02-01
-0.249782204627991,-106.75,34.25,"SEV_BLACK",1978,2,1978-02-01
-0.249782204627991,-106.75,34.25,"SEV_BLUE",1978,2,1978-02-01
-1.37789666652679,-104.75,40.75,"SGS",1978,2,1978-02-01
-1.1974333524704,-104.75,41.25,"CHY",1978,3,1978-03-01
0.0361981652677059,-99.25,38.75,"HAYS",1978,3,1978-03-01
0.572821497917175,-96.75,39.25,"KNZ",1978,3,1978-03-01
-0.100553616881371,-106.75,34.25,"SEV_BLACK",1978,3,1978-03-01
-0.100553616881371,-106.75,34.25,"SEV_BLUE",1978,3,1978-03-01
-1.16567933559418,-104.75,40.75,"SGS",1978,3,1978-03-01
-0.970913767814636,-104.75,41.25,"CHY",1978,4,1978-04-01
-0.251930266618729,-99.25,38.75,"HAYS",1978,4,1978-04-01
0.311612486839294,-96.75,39.25,"KNZ",1978,4,1978-04-01
-0.211068451404572,-106.75,34.25,"SEV_BLACK",1978,4,1978-04-01
-0.211068451404572,-106.75,34.25,"SEV_BLUE",1978,4,1978-04-01
-0.928105533123016,-104.75,40.75,"SGS",1978,4,1978-04-01
0.184581249952316,-104.75,41.25,"CHY",1978,5,1978-05-01
0.417153418064117,-99.25,38.75,"HAYS",1978,5,1978-05-01
0.204551786184311,-96.75,39.25,"KNZ",1978,5,1978-05-01
0.440157055854797,-106.75,34.25,"SEV_BLACK",1978,5,1978-05-01
0.440157055854797,-106.75,34.25,"SEV_BLUE",1978,5,1978-05-01
0.430498898029327,-104.75,40.75,"SGS",1978,5,1978-05-01
-0.0491504371166229,-104.75,41.25,"CHY",1978,6,1978-06-01
0.341041058301926,-99.25,38.75,"HAYS",1978,6,1978-06-01
-0.0111495861783624,-96.75,39.25,"KNZ",1978,6,1978-06-01
0.903585374355316,-106.75,34.25,"SEV_BLACK",1978,6,1978-06-01
0.903585374355316,-106.75,34.25,"SEV_BLUE",1978,6,1978-06-01
0.362587034702301,-104.75,40.75,"SGS",1978,6,1978-06-01
-0.233634099364281,-104.75,41.25,"CHY",1978,7,1978-07-01
-0.101518414914608,-99.25,38.75,"HAYS",1978,7,1978-07-01
0.115568168461323,-96.75,39.25,"KNZ",1978,7,1978-07-01
-0.240085020661354,-106.75,34.25,"SEV_BLACK",1978,7,1978-07-01
-0.240085020661354,-106.75,34.25,"SEV_BLUE",1978,7,1978-07-01
-0.00543978018686175,-104.75,40.75,"SGS",1978,7,1978-07-01
-0.228221267461777,-104.75,41.25,"CHY",1978,8,1978-08-01
-0.655508399009705,-99.25,38.75,"HAYS",1978,8,1978-08-01
-0.250883787870407,-96.75,39.25,"KNZ",1978,8,1978-08-01
-0.884378254413605,-106.75,34.25,"SEV_BLACK",1978,8,1978-08-01
-0.884378254413605,-106.75,34.25,"SEV_BLUE",1978,8,1978-08-01
-0.0957687050104141,-104.75,40.75,"SGS",1978,8,1978-08-01
-0.204244166612625,-104.75,41.25,"CHY",1978,9,1978-09-01
-0.763611018657684,-99.25,38.75,"HAYS",1978,9,1978-09-01
0.0536412820219994,-96.75,39.25,"KNZ",1978,9,1978-09-01
-0.830206692218781,-106.75,34.25,"SEV_BLACK",1978,9,1978-09-01
-0.830206692218781,-106.75,34.25,"SEV_BLUE",1978,9,1978-09-01
-0.1745525598526,-104.75,40.75,"SGS",1978,9,1978-09-01
-0.1013348326087,-104.75,41.25,"CHY",1978,10,1978-10-01
-0.787176728248596,-99.25,38.75,"HAYS",1978,10,1978-10-01
-0.286845028400421,-96.75,39.25,"KNZ",1978,10,1978-10-01
-0.303008824586868,-106.75,34.25,"SEV_BLACK",1978,10,1978-10-01
-0.303008824586868,-106.75,34.25,"SEV_BLUE",1978,10,1978-10-01
-0.0299282092601061,-104.75,40.75,"SGS",1978,10,1978-10-01
-0.868350446224213,-104.75,41.25,"CHY",1978,11,1978-11-01
-1.00098097324371,-99.25,38.75,"HAYS",1978,11,1978-11-01
-0.223083227872849,-96.75,39.25,"KNZ",1978,11,1978-11-01
-0.180963039398193,-106.75,34.25,"SEV_BLACK",1978,11,1978-11-01
-0.180963039398193,-106.75,34.25,"SEV_BLUE",1978,11,1978-11-01
-1.01293540000916,-104.75,40.75,"SGS",1978,11,1978-11-01
-0.248645454645157,-104.75,41.25,"CHY",1978,12,1978-12-01
-1.18371438980103,-99.25,38.75,"HAYS",1978,12,1978-12-01
-0.0608003921806812,-96.75,39.25,"KNZ",1978,12,1978-12-01
-0.148458406329155,-106.75,34.25,"SEV_BLACK",1978,12,1978-12-01
-0.148458406329155,-106.75,34.25,"SEV_BLUE",1978,12,1978-12-01
-0.691105902194977,-104.75,40.75,"SGS",1978,12,1978-12-01
0.0887611210346222,-104.75,41.25,"CHY",1979,1,1979-01-01
-0.662327587604523,-99.25,38.75,"HAYS",1979,1,1979-01-01
0.127272844314575,-96.75,39.25,"KNZ",1979,1,1979-01-01
0.841685950756073,-106.75,34.25,"SEV_BLACK",1979,1,1979-01-01
0.841685950756073,-106.75,34.25,"SEV_BLUE",1979,1,1979-01-01
-0.118677772581577,-104.75,40.75,"SGS",1979,1,1979-01-01
-0.449183821678162,-104.75,41.25,"CHY",1979,2,1979-02-01
-0.141998246312141,-99.25,38.75,"HAYS",1979,2,1979-02-01
0.572221875190735,-96.75,39.25,"KNZ",1979,2,1979-02-01
1.21866750717163,-106.75,34.25,"SEV_BLACK",1979,2,1979-02-01
1.21866750717163,-106.75,34.25,"SEV_BLUE",1979,2,1979-02-01
-0.385282903909683,-104.75,40.75,"SGS",1979,2,1979-02-01
0.284288227558136,-104.75,41.25,"CHY",1979,3,1979-03-01
1.01844894886017,-99.25,38.75,"HAYS",1979,3,1979-03-01
0.900502741336823,-96.75,39.25,"KNZ",1979,3,1979-03-01
1.12104988098145,-106.75,34.25,"SEV_BLACK",1979,3,1979-03-01
1.12104988098145,-106.75,34.25,"SEV_BLUE",1979,3,1979-03-01
0.568498134613037,-104.75,40.75,"SGS",1979,3,1979-03-01
-0.0214904006570578,-104.75,41.25,"CHY",1979,4,1979-04-01
1.4230809211731,-99.25,38.75,"HAYS",1979,4,1979-04-01
1.39493358135223,-96.75,39.25,"KNZ",1979,4,1979-04-01
1.01272904872894,-106.75,34.25,"SEV_BLACK",1979,4,1979-04-01
1.01272904872894,-106.75,34.25,"SEV_BLUE",1979,4,1979-04-01
0.204522624611855,-104.75,40.75,"SGS",1979,4,1979-04-01
0.0386873409152031,-104.75,41.25,"CHY",1979,5,1979-05-01
0.982934594154358,-99.25,38.75,"HAYS",1979,5,1979-05-01
0.507504999637604,-96.75,39.25,"KNZ",1979,5,1979-05-01
1.03202307224274,-106.75,34.25,"SEV_BLACK",1979,5,1979-05-01
1.03202307224274,-106.75,34.25,"SEV_BLUE",1979,5,1979-05-01
0.714091360569,-104.75,40.75,"SGS",1979,5,1979-05-01
-0.0833278372883797,-104.75,41.25,"CHY",1979,6,1979-06-01
0.553889214992523,-99.25,38.75,"HAYS",1979,6,1979-06-01
0.500768303871155,-96.75,39.25,"KNZ",1979,6,1979-06-01
1.37854647636414,-106.75,34.25,"SEV_BLACK",1979,6,1979-06-01
1.37854647636414,-106.75,34.25,"SEV_BLUE",1979,6,1979-06-01
0.691614627838135,-104.75,40.75,"SGS",1979,6,1979-06-01
-0.40287458896637,-104.75,41.25,"CHY",1979,7,1979-07-01
0.49728062748909,-99.25,38.75,"HAYS",1979,7,1979-07-01
0.548820674419403,-96.75,39.25,"KNZ",1979,7,1979-07-01
0.816666483879089,-106.75,34.25,"SEV_BLACK",1979,7,1979-07-01
0.816666483879089,-106.75,34.25,"SEV_BLUE",1979,7,1979-07-01
0.345154613256454,-104.75,40.75,"SGS",1979,7,1979-07-01
0.25226366519928,-104.75,41.25,"CHY",1979,8,1979-08-01
0.423973500728607,-99.25,38.75,"HAYS",1979,8,1979-08-01
0.398384660482407,-96.75,39.25,"KNZ",1979,8,1979-08-01
0.91023325920105,-106.75,34.25,"SEV_BLACK",1979,8,1979-08-01
0.91023325920105,-106.75,34.25,"SEV_BLUE",1979,8,1979-08-01
1.00687849521637,-104.75,40.75,"SGS",1979,8,1979-08-01
-0.273389458656311,-104.75,41.25,"CHY",1979,9,1979-09-01
-0.463547170162201,-99.25,38.75,"HAYS",1979,9,1979-09-01
-0.454198837280273,-96.75,39.25,"KNZ",1979,9,1979-09-01
0.942135989665985,-106.75,34.25,"SEV_BLACK",1979,9,1979-09-01
0.942135989665985,-106.75,34.25,"SEV_BLUE",1979,9,1979-09-01
0.433200180530548,-104.75,40.75,"SGS",1979,9,1979-09-01
-0.110231183469296,-104.75,41.25,"CHY",1979,10,1979-10-01
-0.363488614559174,-99.25,38.75,"HAYS",1979,10,1979-10-01
-0.162336066365242,-96.75,39.25,"KNZ",1979,10,1979-10-01
0.484227001667023,-106.75,34.25,"SEV_BLACK",1979,10,1979-10-01
0.484227001667023,-106.75,34.25,"SEV_BLUE",1979,10,1979-10-01
0.570307850837708,-104.75,40.75,"SGS",1979,10,1979-10-01
0.50870281457901,-104.75,41.25,"CHY",1979,11,1979-11-01
-0.248604416847229,-99.25,38.75,"HAYS",1979,11,1979-11-01
0.246471047401428,-96.75,39.25,"KNZ",1979,11,1979-11-01
0.170809715986252,-106.75,34.25,"SEV_BLACK",1979,11,1979-11-01
0.170809715986252,-106.75,34.25,"SEV_BLUE",1979,11,1979-11-01
0.830049097537994,-104.75,40.75,"SGS",1979,11,1979-11-01
0.444521695375443,-104.75,41.25,"CHY",1979,12,1979-12-01
-0.0141807030886412,-99.25,38.75,"HAYS",1979,12,1979-12-01
0.206072300672531,-96.75,39.25,"KNZ",1979,12,1979-12-01
-0.46246400475502,-106.75,34.25,"SEV_BLACK",1979,12,1979-12-01
-0.46246400475502,-106.75,34.25,"SEV_BLUE",1979,12,1979-12-01
0.702497839927673,-104.75,40.75,"SGS",1979,12,1979-12-01
1.18159091472626,-104.75,41.25,"CHY",1980,1,1980-01-01
-0.400995790958405,-99.25,38.75,"HAYS",1980,1,1980-01-01
-0.357074558734894,-96.75,39.25,"KNZ",1980,1,1980-01-01
-0.172440990805626,-106.75,34.25,"SEV_BLACK",1980,1,1980-01-01
-0.172440990805626,-106.75,34.25,"SEV_BLUE",1980,1,1980-01-01
1.32009494304657,-104.75,40.75,"SGS",1980,1,1980-01-01
0.635253190994263,-104.75,41.25,"CHY",1980,2,1980-02-01
0.0237001366913319,-99.25,38.75,"HAYS",1980,2,1980-02-01
-0.130058616399765,-96.75,39.25,"KNZ",1980,2,1980-02-01
-0.321156084537506,-106.75,34.25,"SEV_BLACK",1980,2,1980-02-01
-0.321156084537506,-106.75,34.25,"SEV_BLUE",1980,2,1980-02-01
0.654629290103912,-104.75,40.75,"SGS",1980,2,1980-02-01
1.73750269412994,-104.75,41.25,"CHY",1980,3,1980-03-01
1.41286754608154,-99.25,38.75,"HAYS",1980,3,1980-03-01
1.28072965145111,-96.75,39.25,"KNZ",1980,3,1980-03-01
-0.26186391711235,-106.75,34.25,"SEV_BLACK",1980,3,1980-03-01
-0.26186391711235,-106.75,34.25,"SEV_BLUE",1980,3,1980-03-01
1.53239285945892,-104.75,40.75,"SGS",1980,3,1980-03-01
1.60385453701019,-104.75,41.25,"CHY",1980,4,1980-04-01
1.1886305809021,-99.25,38.75,"HAYS",1980,4,1980-04-01
0.470416754484177,-96.75,39.25,"KNZ",1980,4,1980-04-01
0.377379029989243,-106.75,34.25,"SEV_BLACK",1980,4,1980-04-01
0.377379029989243,-106.75,34.25,"SEV_BLUE",1980,4,1980-04-01
1.59316921234131,-104.75,40.75,"SGS",1980,4,1980-04-01
0.732341885566711,-104.75,41.25,"CHY",1980,5,1980-05-01
0.784127354621887,-99.25,38.75,"HAYS",1980,5,1980-05-01
-0.55814927816391,-96.75,39.25,"KNZ",1980,5,1980-05-01
0.412240266799927,-106.75,34.25,"SEV_BLACK",1980,5,1980-05-01
0.412240266799927,-106.75,34.25,"SEV_BLUE",1980,5,1980-05-01
0.941858768463135,-104.75,40.75,"SGS",1980,5,1980-05-01
-0.392413228750229,-104.75,41.25,"CHY",1980,6,1980-06-01
0.0883032828569412,-99.25,38.75,"HAYS",1980,6,1980-06-01
-1.03552734851837,-96.75,39.25,"KNZ",1980,6,1980-06-01
0.0347380302846432,-106.75,34.25,"SEV_BLACK",1980,6,1980-06-01
0.0347380302846432,-106.75,34.25,"SEV_BLUE",1980,6,1980-06-01
-0.212535604834557,-104.75,40.75,"SGS",1980,6,1980-06-01
-0.964342057704926,-104.75,41.25,"CHY",1980,7,1980-07-01
-1.02735376358032,-99.25,38.75,"HAYS",1980,7,1980-07-01
-1.57229053974152,-96.75,39.25,"KNZ",1980,7,1980-07-01
-0.935971260070801,-106.75,34.25,"SEV_BLACK",1980,7,1980-07-01
-0.935971260070801,-106.75,34.25,"SEV_BLUE",1980,7,1980-07-01
-0.651180267333984,-104.75,40.75,"SGS",1980,7,1980-07-01
-0.992794156074524,-104.75,41.25,"CHY",1980,8,1980-08-01
-1.17588067054749,-99.25,38.75,"HAYS",1980,8,1980-08-01
-1.64914572238922,-96.75,39.25,"KNZ",1980,8,1980-08-01
-0.515369772911072,-106.75,34.25,"SEV_BLACK",1980,8,1980-08-01
-0.515369772911072,-106.75,34.25,"SEV_BLUE",1980,8,1980-08-01
-0.767546415328979,-104.75,40.75,"SGS",1980,8,1980-08-01
-1.39149081707001,-104.75,41.25,"CHY",1980,9,1980-09-01
-1.7932243347168,-99.25,38.75,"HAYS",1980,9,1980-09-01
-2.09828090667725,-96.75,39.25,"KNZ",1980,9,1980-09-01
0.045932449400425,-106.75,34.25,"SEV_BLACK",1980,9,1980-09-01
0.045932449400425,-106.75,34.25,"SEV_BLUE",1980,9,1980-09-01
-1.12705910205841,-104.75,40.75,"SGS",1980,9,1980-09-01
-1.34203910827637,-104.75,41.25,"CHY",1980,10,1980-10-01
-1.78402507305145,-99.25,38.75,"HAYS",1980,10,1980-10-01
-1.79650735855103,-96.75,39.25,"KNZ",1980,10,1980-10-01
-0.292047441005707,-106.75,34.25,"SEV_BLACK",1980,10,1980-10-01
-0.292047441005707,-106.75,34.25,"SEV_BLUE",1980,10,1980-10-01
-1.2648206949234,-104.75,40.75,"SGS",1980,10,1980-10-01
-1.60334062576294,-104.75,41.25,"CHY",1980,11,1980-11-01
-1.98228096961975,-99.25,38.75,"HAYS",1980,11,1980-11-01
-1.87982094287872,-96.75,39.25,"KNZ",1980,11,1980-11-01
-0.501698553562164,-106.75,34.25,"SEV_BLACK",1980,11,1980-11-01
-0.501698553562164,-106.75,34.25,"SEV_BLUE",1980,11,1980-11-01
-1.57915782928467,-104.75,40.75,"SGS",1980,11,1980-11-01
-1.4675544500351,-104.75,41.25,"CHY",1980,12,1980-12-01
-1.98071348667145,-99.25,38.75,"HAYS",1980,12,1980-12-01
-1.47837030887604,-96.75,39.25,"KNZ",1980,12,1980-12-01
-0.227048873901367,-106.75,34.25,"SEV_BLACK",1980,12,1980-12-01
-0.227048873901367,-106.75,34.25,"SEV_BLUE",1980,12,1980-12-01
-1.42608118057251,-104.75,40.75,"SGS",1980,12,1980-12-01
-1.62409162521362,-104.75,41.25,"CHY",1981,1,1981-01-01
-1.73708391189575,-99.25,38.75,"HAYS",1981,1,1981-01-01
-1.1472110748291,-96.75,39.25,"KNZ",1981,1,1981-01-01
0.610479116439819,-106.75,34.25,"SEV_BLACK",1981,1,1981-01-01
0.610479116439819,-106.75,34.25,"SEV_BLUE",1981,1,1981-01-01
-1.77197289466858,-104.75,40.75,"SGS",1981,1,1981-01-01
-1.9343763589859,-104.75,41.25,"CHY",1981,2,1981-02-01
-2.27252793312073,-99.25,38.75,"HAYS",1981,2,1981-02-01
-1.28806912899017,-96.75,39.25,"KNZ",1981,2,1981-02-01
0.00262188515625894,-106.75,34.25,"SEV_BLACK",1981,2,1981-02-01
0.00262188515625894,-106.75,34.25,"SEV_BLUE",1981,2,1981-02-01
-2.04159283638,-104.75,40.75,"SGS",1981,2,1981-02-01
-1.58317136764526,-104.75,41.25,"CHY",1981,3,1981-03-01
-1.76688981056213,-99.25,38.75,"HAYS",1981,3,1981-03-01
-1.04856729507446,-96.75,39.25,"KNZ",1981,3,1981-03-01
-0.242514029145241,-106.75,34.25,"SEV_BLACK",1981,3,1981-03-01
-0.242514029145241,-106.75,34.25,"SEV_BLUE",1981,3,1981-03-01
-1.48122465610504,-104.75,40.75,"SGS",1981,3,1981-03-01
-2.16289091110229,-104.75,41.25,"CHY",1981,4,1981-04-01
-2.00335288047791,-99.25,38.75,"HAYS",1981,4,1981-04-01
-2.00966453552246,-96.75,39.25,"KNZ",1981,4,1981-04-01
0.000109128879557829,-106.75,34.25,"SEV_BLACK",1981,4,1981-04-01
0.000109128879557829,-106.75,34.25,"SEV_BLUE",1981,4,1981-04-01
-1.92514073848724,-104.75,40.75,"SGS",1981,4,1981-04-01
-0.75920033454895,-104.75,41.25,"CHY",1981,5,1981-05-01
-0.225866839289665,-99.25,38.75,"HAYS",1981,5,1981-05-01
-0.568928360939026,-96.75,39.25,"KNZ",1981,5,1981-05-01
0.331246256828308,-106.75,34.25,"SEV_BLACK",1981,5,1981-05-01
0.331246256828308,-106.75,34.25,"SEV_BLUE",1981,5,1981-05-01
-0.566578149795532,-104.75,40.75,"SGS",1981,5,1981-05-01
-0.693480670452118,-104.75,41.25,"CHY",1981,6,1981-06-01
-0.514007270336151,-99.25,38.75,"HAYS",1981,6,1981-06-01
-0.712225615978241,-96.75,39.25,"KNZ",1981,6,1981-06-01
0.380831599235535,-106.75,34.25,"SEV_BLACK",1981,6,1981-06-01
0.380831599235535,-106.75,34.25,"SEV_BLUE",1981,6,1981-06-01
-0.454906284809113,-104.75,40.75,"SGS",1981,6,1981-06-01
0.0614910647273064,-104.75,41.25,"CHY",1981,7,1981-07-01
0.308327198028564,-99.25,38.75,"HAYS",1981,7,1981-07-01
0.294388055801392,-96.75,39.25,"KNZ",1981,7,1981-07-01
0.39177617430687,-106.75,34.25,"SEV_BLACK",1981,7,1981-07-01
0.39177617430687,-106.75,34.25,"SEV_BLUE",1981,7,1981-07-01
0.00605489360168576,-104.75,40.75,"SGS",1981,7,1981-07-01
0.539923429489136,-104.75,41.25,"CHY",1981,8,1981-08-01
0.459435760974884,-99.25,38.75,"HAYS",1981,8,1981-08-01
0.595251739025116,-96.75,39.25,"KNZ",1981,8,1981-08-01
0.839036822319031,-106.75,34.25,"SEV_BLACK",1981,8,1981-08-01
0.839036822319031,-106.75,34.25,"SEV_BLUE",1981,8,1981-08-01
0.432063043117523,-104.75,40.75,"SGS",1981,8,1981-08-01
0.24880588054657,-104.75,41.25,"CHY",1981,9,1981-09-01
0.344048142433167,-99.25,38.75,"HAYS",1981,9,1981-09-01
0.661559343338013,-96.75,39.25,"KNZ",1981,9,1981-09-01
0.563692331314087,-106.75,34.25,"SEV_BLACK",1981,9,1981-09-01
0.563692331314087,-106.75,34.25,"SEV_BLUE",1981,9,1981-09-01
0.0219019781798124,-104.75,40.75,"SGS",1981,9,1981-09-01
0.870741367340088,-104.75,41.25,"CHY",1981,10,1981-10-01
0.678260445594788,-99.25,38.75,"HAYS",1981,10,1981-10-01
0.954721987247467,-96.75,39.25,"KNZ",1981,10,1981-10-01
0.828621983528137,-106.75,34.25,"SEV_BLACK",1981,10,1981-10-01
0.828621983528137,-106.75,34.25,"SEV_BLUE",1981,10,1981-10-01
0.690665245056152,-104.75,40.75,"SGS",1981,10,1981-10-01
-0.155452832579613,-104.75,41.25,"CHY",1981,11,1981-11-01
0.346469461917877,-99.25,38.75,"HAYS",1981,11,1981-11-01
0.974872231483459,-96.75,39.25,"KNZ",1981,11,1981-11-01
0.48670107126236,-106.75,34.25,"SEV_BLACK",1981,11,1981-11-01
0.48670107126236,-106.75,34.25,"SEV_BLUE",1981,11,1981-11-01
-0.402273565530777,-104.75,40.75,"SGS",1981,11,1981-11-01
0.282411009073257,-104.75,41.25,"CHY",1981,12,1981-12-01
0.691631138324738,-99.25,38.75,"HAYS",1981,12,1981-12-01
1.12406778335571,-96.75,39.25,"KNZ",1981,12,1981-12-01
0.20146843791008,-106.75,34.25,"SEV_BLACK",1981,12,1981-12-01
0.20146843791008,-106.75,34.25,"SEV_BLUE",1981,12,1981-12-01
-0.117968380451202,-104.75,40.75,"SGS",1981,12,1981-12-01
-0.609274387359619,-104.75,41.25,"CHY",1982,1,1982-01-01
-0.00540865957736969,-99.25,38.75,"HAYS",1982,1,1982-01-01
0.661170899868011,-96.75,39.25,"KNZ",1982,1,1982-01-01
0.121896907687187,-106.75,34.25,"SEV_BLACK",1982,1,1982-01-01
0.121896907687187,-106.75,34.25,"SEV_BLUE",1982,1,1982-01-01
-0.640490174293518,-104.75,40.75,"SGS",1982,1,1982-01-01
-1.40972673892975,-104.75,41.25,"CHY",1982,2,1982-02-01
0.469196826219559,-99.25,38.75,"HAYS",1982,2,1982-02-01
0.536989867687225,-96.75,39.25,"KNZ",1982,2,1982-02-01
-0.068180076777935,-106.75,34.25,"SEV_BLACK",1982,2,1982-02-01
-0.068180076777935,-106.75,34.25,"SEV_BLUE",1982,2,1982-02-01
-1.32519435882568,-104.75,40.75,"SGS",1982,2,1982-02-01
-1.26697587966919,-104.75,41.25,"CHY",1982,3,1982-03-01
0.801945209503174,-99.25,38.75,"HAYS",1982,3,1982-03-01
0.835284829139709,-96.75,39.25,"KNZ",1982,3,1982-03-01
-0.217906042933464,-106.75,34.25,"SEV_BLACK",1982,3,1982-03-01
-0.217906042933464,-106.75,34.25,"SEV_BLUE",1982,3,1982-03-01
-1.20487487316132,-104.75,40.75,"SGS",1982,3,1982-03-01
-1.82730627059937,-104.75,41.25,"CHY",1982,4,1982-04-01
0.538532018661499,-99.25,38.75,"HAYS",1982,4,1982-04-01
0.617910265922546,-96.75,39.25,"KNZ",1982,4,1982-04-01
-0.620325684547424,-106.75,34.25,"SEV_BLACK",1982,4,1982-04-01
-0.620325684547424,-106.75,34.25,"SEV_BLUE",1982,4,1982-04-01
-1.84383308887482,-104.75,40.75,"SGS",1982,4,1982-04-01
-0.603783249855042,-104.75,41.25,"CHY",1982,5,1982-05-01
0.64534455537796,-99.25,38.75,"HAYS",1982,5,1982-05-01
1.13361477851868,-96.75,39.25,"KNZ",1982,5,1982-05-01
-0.0675537809729576,-106.75,34.25,"SEV_BLACK",1982,5,1982-05-01
-0.0675537809729576,-106.75,34.25,"SEV_BLUE",1982,5,1982-05-01
-0.656887054443359,-104.75,40.75,"SGS",1982,5,1982-05-01
0.37422189116478,-104.75,41.25,"CHY",1982,6,1982-06-01
0.893330454826355,-99.25,38.75,"HAYS",1982,6,1982-06-01
1.19525575637817,-96.75,39.25,"KNZ",1982,6,1982-06-01
0.176460713148117,-106.75,34.25,"SEV_BLACK",1982,6,1982-06-01
0.176460713148117,-106.75,34.25,"SEV_BLUE",1982,6,1982-06-01
0.271329820156097,-104.75,40.75,"SGS",1982,6,1982-06-01
0.901975691318512,-104.75,41.25,"CHY",1982,7,1982-07-01
0.878357648849487,-99.25,38.75,"HAYS",1982,7,1982-07-01
1.12401235103607,-96.75,39.25,"KNZ",1982,7,1982-07-01
-0.26481831073761,-106.75,34.25,"SEV_BLACK",1982,7,1982-07-01
-0.26481831073761,-106.75,34.25,"SEV_BLUE",1982,7,1982-07-01
0.697166562080383,-104.75,40.75,"SGS",1982,7,1982-07-01
1.02604568004608,-104.75,41.25,"CHY",1982,8,1982-08-01
0.426706820726395,-99.25,38.75,"HAYS",1982,8,1982-08-01
1.25142109394073,-96.75,39.25,"KNZ",1982,8,1982-08-01
-0.165953814983368,-106.75,34.25,"SEV_BLACK",1982,8,1982-08-01
-0.165953814983368,-106.75,34.25,"SEV_BLUE",1982,8,1982-08-01
0.705363690853119,-104.75,40.75,"SGS",1982,8,1982-08-01
1.70972633361816,-104.75,41.25,"CHY",1982,9,1982-09-01
0.22679440677166,-99.25,38.75,"HAYS",1982,9,1982-09-01
1.09868907928467,-96.75,39.25,"KNZ",1982,9,1982-09-01
0.196043908596039,-106.75,34.25,"SEV_BLACK",1982,9,1982-09-01
0.196043908596039,-106.75,34.25,"SEV_BLUE",1982,9,1982-09-01
1.41412675380707,-104.75,40.75,"SGS",1982,9,1982-09-01
2.0876522064209,-104.75,41.25,"CHY",1982,10,1982-10-01
0.333941906690598,-99.25,38.75,"HAYS",1982,10,1982-10-01
1.08855593204498,-96.75,39.25,"KNZ",1982,10,1982-10-01
-0.00828847847878933,-106.75,34.25,"SEV_BLACK",1982,10,1982-10-01
-0.00828847847878933,-106.75,34.25,"SEV_BLUE",1982,10,1982-10-01
1.92784214019775,-104.75,40.75,"SGS",1982,10,1982-10-01
2.01997900009155,-104.75,41.25,"CHY",1982,11,1982-11-01
0.0600975379347801,-99.25,38.75,"HAYS",1982,11,1982-11-01
0.587008655071259,-96.75,39.25,"KNZ",1982,11,1982-11-01
-0.208348006010056,-106.75,34.25,"SEV_BLACK",1982,11,1982-11-01
-0.208348006010056,-106.75,34.25,"SEV_BLUE",1982,11,1982-11-01
1.76329529285431,-104.75,40.75,"SGS",1982,11,1982-11-01
1.94243681430817,-104.75,41.25,"CHY",1982,12,1982-12-01
-0.132415294647217,-99.25,38.75,"HAYS",1982,12,1982-12-01
0.661082983016968,-96.75,39.25,"KNZ",1982,12,1982-12-01
0.445288062095642,-106.75,34.25,"SEV_BLACK",1982,12,1982-12-01
0.445288062095642,-106.75,34.25,"SEV_BLUE",1982,12,1982-12-01
1.6180112361908,-104.75,40.75,"SGS",1982,12,1982-12-01
1.5999584197998,-104.75,41.25,"CHY",1983,1,1983-01-01
-0.199016407132149,-99.25,38.75,"HAYS",1983,1,1983-01-01
0.672211170196533,-96.75,39.25,"KNZ",1983,1,1983-01-01
1.16502034664154,-106.75,34.25,"SEV_BLACK",1983,1,1983-01-01
1.16502034664154,-106.75,34.25,"SEV_BLUE",1983,1,1983-01-01
1.27332317829132,-104.75,40.75,"SGS",1983,1,1983-01-01
1.36664640903473,-104.75,41.25,"CHY",1983,2,1983-02-01
0.515385150909424,-99.25,38.75,"HAYS",1983,2,1983-02-01
0.467624723911285,-96.75,39.25,"KNZ",1983,2,1983-02-01
1.32337713241577,-106.75,34.25,"SEV_BLACK",1983,2,1983-02-01
1.32337713241577,-106.75,34.25,"SEV_BLUE",1983,2,1983-02-01
1.22025728225708,-104.75,40.75,"SGS",1983,2,1983-02-01
1.52693021297455,-104.75,41.25,"CHY",1983,3,1983-03-01
1.1799601316452,-99.25,38.75,"HAYS",1983,3,1983-03-01
1.16596901416779,-96.75,39.25,"KNZ",1983,3,1983-03-01
1.21899271011353,-106.75,34.25,"SEV_BLACK",1983,3,1983-03-01
1.21899271011353,-106.75,34.25,"SEV_BLUE",1983,3,1983-03-01
1.61356985569,-104.75,40.75,"SGS",1983,3,1983-03-01
2.05467057228088,-104.75,41.25,"CHY",1983,4,1983-04-01
1.427574634552,-99.25,38.75,"HAYS",1983,4,1983-04-01
1.72510075569153,-96.75,39.25,"KNZ",1983,4,1983-04-01
1.86907994747162,-106.75,34.25,"SEV_BLACK",1983,4,1983-04-01
1.86907994747162,-106.75,34.25,"SEV_BLUE",1983,4,1983-04-01
2.23815107345581,-104.75,40.75,"SGS",1983,4,1983-04-01
2.01813960075378,-104.75,41.25,"CHY",1983,5,1983-05-01
1.40506792068481,-99.25,38.75,"HAYS",1983,5,1983-05-01
1.5645340681076,-96.75,39.25,"KNZ",1983,5,1983-05-01
1.80132508277893,-106.75,34.25,"SEV_BLACK",1983,5,1983-05-01
1.80132508277893,-106.75,34.25,"SEV_BLUE",1983,5,1983-05-01
2.21176862716675,-104.75,40.75,"SGS",1983,5,1983-05-01
2.16094446182251,-104.75,41.25,"CHY",1983,6,1983-06-01
1.36520767211914,-99.25,38.75,"HAYS",1983,6,1983-06-01
1.288902759552,-96.75,39.25,"KNZ",1983,6,1983-06-01
1.53331077098846,-106.75,34.25,"SEV_BLACK",1983,6,1983-06-01
1.53331077098846,-106.75,34.25,"SEV_BLUE",1983,6,1983-06-01
2.43677687644958,-104.75,40.75,"SGS",1983,6,1983-06-01
2.14343762397766,-104.75,41.25,"CHY",1983,7,1983-07-01
0.482374876737595,-99.25,38.75,"HAYS",1983,7,1983-07-01
0.301997154951096,-96.75,39.25,"KNZ",1983,7,1983-07-01
0.977570652961731,-106.75,34.25,"SEV_BLACK",1983,7,1983-07-01
0.977570652961731,-106.75,34.25,"SEV_BLUE",1983,7,1983-07-01
2.32776832580566,-104.75,40.75,"SGS",1983,7,1983-07-01
2.30819773674011,-104.75,41.25,"CHY",1983,8,1983-08-01
-0.382132947444916,-99.25,38.75,"HAYS",1983,8,1983-08-01
-0.279994338750839,-96.75,39.25,"KNZ",1983,8,1983-08-01
0.412761002779007,-106.75,34.25,"SEV_BLACK",1983,8,1983-08-01
0.412761002779007,-106.75,34.25,"SEV_BLUE",1983,8,1983-08-01
2.37988781929016,-104.75,40.75,"SGS",1983,8,1983-08-01
1.40253126621246,-104.75,41.25,"CHY",1983,9,1983-09-01
-0.974316537380219,-99.25,38.75,"HAYS",1983,9,1983-09-01
-0.894787013530731,-96.75,39.25,"KNZ",1983,9,1983-09-01
0.151545628905296,-106.75,34.25,"SEV_BLACK",1983,9,1983-09-01
0.151545628905296,-106.75,34.25,"SEV_BLUE",1983,9,1983-09-01
1.43477272987366,-104.75,40.75,"SGS",1983,9,1983-09-01
0.712378323078156,-104.75,41.25,"CHY",1983,10,1983-10-01
-1.03076386451721,-99.25,38.75,"HAYS",1983,10,1983-10-01
-0.891939282417297,-96.75,39.25,"KNZ",1983,10,1983-10-01
0.134973451495171,-106.75,34.25,"SEV_BLACK",1983,10,1983-10-01
0.134973451495171,-106.75,34.25,"SEV_BLUE",1983,10,1983-10-01
0.52380633354187,-104.75,40.75,"SGS",1983,10,1983-10-01
1.11339902877808,-104.75,41.25,"CHY",1983,11,1983-11-01
-0.882051944732666,-99.25,38.75,"HAYS",1983,11,1983-11-01
-0.713291168212891,-96.75,39.25,"KNZ",1983,11,1983-11-01
0.387892305850983,-106.75,34.25,"SEV_BLACK",1983,11,1983-11-01
0.387892305850983,-106.75,34.25,"SEV_BLUE",1983,11,1983-11-01
0.772334218025208,-104.75,40.75,"SGS",1983,11,1983-11-01
0.756139755249023,-104.75,41.25,"CHY",1983,12,1983-12-01
-1.20549023151398,-99.25,38.75,"HAYS",1983,12,1983-12-01
-0.894248962402344,-96.75,39.25,"KNZ",1983,12,1983-12-01
0.141536325216293,-106.75,34.25,"SEV_BLACK",1983,12,1983-12-01
0.141536325216293,-106.75,34.25,"SEV_BLUE",1983,12,1983-12-01
0.303331911563873,-104.75,40.75,"SGS",1983,12,1983-12-01
0.991359770298004,-104.75,41.25,"CHY",1984,1,1984-01-01
-0.466811716556549,-99.25,38.75,"HAYS",1984,1,1984-01-01
-0.240149945020676,-96.75,39.25,"KNZ",1984,1,1984-01-01
0.337198197841644,-106.75,34.25,"SEV_BLACK",1984,1,1984-01-01
0.337198197841644,-106.75,34.25,"SEV_BLUE",1984,1,1984-01-01
0.565512657165527,-104.75,40.75,"SGS",1984,1,1984-01-01
1.19128119945526,-104.75,41.25,"CHY",1984,2,1984-02-01
0.509172022342682,-99.25,38.75,"HAYS",1984,2,1984-02-01
0.421791911125183,-96.75,39.25,"KNZ",1984,2,1984-02-01
0.429896056652069,-106.75,34.25,"SEV_BLACK",1984,2,1984-02-01
0.429896056652069,-106.75,34.25,"SEV_BLUE",1984,2,1984-02-01
0.957093417644501,-104.75,40.75,"SGS",1984,2,1984-02-01
1.85575449466705,-104.75,41.25,"CHY",1984,3,1984-03-01
1.6160135269165,-99.25,38.75,"HAYS",1984,3,1984-03-01
1.61027956008911,-96.75,39.25,"KNZ",1984,3,1984-03-01
0.275707393884659,-106.75,34.25,"SEV_BLACK",1984,3,1984-03-01
0.275707393884659,-106.75,34.25,"SEV_BLUE",1984,3,1984-03-01
1.71395146846771,-104.75,40.75,"SGS",1984,3,1984-03-01
2.54889488220215,-104.75,41.25,"CHY",1984,4,1984-04-01
2.23667454719543,-99.25,38.75,"HAYS",1984,4,1984-04-01
1.94415366649628,-96.75,39.25,"KNZ",1984,4,1984-04-01
-0.0941178426146507,-106.75,34.25,"SEV_BLACK",1984,4,1984-04-01
-0.0941178426146507,-106.75,34.25,"SEV_BLUE",1984,4,1984-04-01
2.36765909194946,-104.75,40.75,"SGS",1984,4,1984-04-01
0.879094064235687,-104.75,41.25,"CHY",1984,5,1984-05-01
1.66748535633087,-99.25,38.75,"HAYS",1984,5,1984-05-01
1.39806163311005,-96.75,39.25,"KNZ",1984,5,1984-05-01
-0.739482164382935,-106.75,34.25,"SEV_BLACK",1984,5,1984-05-01
-0.739482164382935,-106.75,34.25,"SEV_BLUE",1984,5,1984-05-01
0.874419093132019,-104.75,40.75,"SGS",1984,5,1984-05-01
0.654471755027771,-104.75,41.25,"CHY",1984,6,1984-06-01
1.26834809780121,-99.25,38.75,"HAYS",1984,6,1984-06-01
1.63784098625183,-96.75,39.25,"KNZ",1984,6,1984-06-01
-0.058889988809824,-106.75,34.25,"SEV_BLACK",1984,6,1984-06-01
-0.058889988809824,-106.75,34.25,"SEV_BLUE",1984,6,1984-06-01
0.680491328239441,-104.75,40.75,"SGS",1984,6,1984-06-01
0.821834146976471,-104.75,41.25,"CHY",1984,7,1984-07-01
0.420218050479889,-99.25,38.75,"HAYS",1984,7,1984-07-01
1.06337690353394,-96.75,39.25,"KNZ",1984,7,1984-07-01
-0.21005055308342,-106.75,34.25,"SEV_BLACK",1984,7,1984-07-01
-0.21005055308342,-106.75,34.25,"SEV_BLUE",1984,7,1984-07-01
0.477240592241287,-104.75,40.75,"SGS",1984,7,1984-07-01
0.726347208023071,-104.75,41.25,"CHY",1984,8,1984-08-01
0.262652367353439,-99.25,38.75,"HAYS",1984,8,1984-08-01
0.622881829738617,-96.75,39.25,"KNZ",1984,8,1984-08-01
0.49948725104332,-106.75,34.25,"SEV_BLACK",1984,8,1984-08-01
0.49948725104332,-106.75,34.25,"SEV_BLUE",1984,8,1984-08-01
0.524229109287262,-104.75,40.75,"SGS",1984,8,1984-08-01
0.614423811435699,-104.75,41.25,"CHY",1984,9,1984-09-01
-0.515113532543182,-99.25,38.75,"HAYS",1984,9,1984-09-01
0.150095164775848,-96.75,39.25,"KNZ",1984,9,1984-09-01
0.378009855747223,-106.75,34.25,"SEV_BLACK",1984,9,1984-09-01
0.378009855747223,-106.75,34.25,"SEV_BLUE",1984,9,1984-09-01
0.327708512544632,-104.75,40.75,"SGS",1984,9,1984-09-01
0.381425112485886,-104.75,41.25,"CHY",1984,10,1984-10-01
-0.656556904315948,-99.25,38.75,"HAYS",1984,10,1984-10-01
-0.214547872543335,-96.75,39.25,"KNZ",1984,10,1984-10-01
1.21233856678009,-106.75,34.25,"SEV_BLACK",1984,10,1984-10-01
1.21233856678009,-106.75,34.25,"SEV_BLUE",1984,10,1984-10-01
0.43225508928299,-104.75,40.75,"SGS",1984,10,1984-10-01
1.03435015678406,-104.75,41.25,"CHY",1984,11,1984-11-01
-0.61777138710022,-99.25,38.75,"HAYS",1984,11,1984-11-01
-0.325390666723251,-96.75,39.25,"KNZ",1984,11,1984-11-01
1.60757696628571,-106.75,34.25,"SEV_BLACK",1984,11,1984-11-01
1.60757696628571,-106.75,34.25,"SEV_BLUE",1984,11,1984-11-01
1.05819463729858,-104.75,40.75,"SGS",1984,11,1984-11-01
1.09562468528748,-104.75,41.25,"CHY",1984,12,1984-12-01
-0.355911880731583,-99.25,38.75,"HAYS",1984,12,1984-12-01
-0.82939338684082,-96.75,39.25,"KNZ",1984,12,1984-12-01
1.73745894432068,-106.75,34.25,"SEV_BLACK",1984,12,1984-12-01
1.73745894432068,-106.75,34.25,"SEV_BLUE",1984,12,1984-12-01
0.994704186916351,-104.75,40.75,"SGS",1984,12,1984-12-01
1.06970596313477,-104.75,41.25,"CHY",1985,1,1985-01-01
0.846704125404358,-99.25,38.75,"HAYS",1985,1,1985-01-01
-0.337625503540039,-96.75,39.25,"KNZ",1985,1,1985-01-01
2.12514424324036,-106.75,34.25,"SEV_BLACK",1985,1,1985-01-01
2.12514424324036,-106.75,34.25,"SEV_BLUE",1985,1,1985-01-01
1.4074079990387,-104.75,40.75,"SGS",1985,1,1985-01-01
1.06157159805298,-104.75,41.25,"CHY",1985,2,1985-02-01
1.44304728507996,-99.25,38.75,"HAYS",1985,2,1985-02-01
0.724825978279114,-96.75,39.25,"KNZ",1985,2,1985-02-01
1.92442965507507,-106.75,34.25,"SEV_BLACK",1985,2,1985-02-01
1.92442965507507,-106.75,34.25,"SEV_BLUE",1985,2,1985-02-01
1.32684051990509,-104.75,40.75,"SGS",1985,2,1985-02-01
0.671280682086945,-104.75,41.25,"CHY",1985,3,1985-03-01
1.47980427742004,-99.25,38.75,"HAYS",1985,3,1985-03-01
0.775917410850525,-96.75,39.25,"KNZ",1985,3,1985-03-01
2.0900673866272,-106.75,34.25,"SEV_BLACK",1985,3,1985-03-01
2.0900673866272,-106.75,34.25,"SEV_BLUE",1985,3,1985-03-01
1.01669383049011,-104.75,40.75,"SGS",1985,3,1985-03-01
-0.603494584560394,-104.75,41.25,"CHY",1985,4,1985-04-01
0.767067670822144,-99.25,38.75,"HAYS",1985,4,1985-04-01
0.384549647569656,-96.75,39.25,"KNZ",1985,4,1985-04-01
1.78786051273346,-106.75,34.25,"SEV_BLACK",1985,4,1985-04-01
1.78786051273346,-106.75,34.25,"SEV_BLUE",1985,4,1985-04-01
-0.388574451208115,-104.75,40.75,"SGS",1985,4,1985-04-01
-0.996359705924988,-104.75,41.25,"CHY",1985,5,1985-05-01
0.72781628370285,-99.25,38.75,"HAYS",1985,5,1985-05-01
0.421122163534164,-96.75,39.25,"KNZ",1985,5,1985-05-01
1.72415196895599,-106.75,34.25,"SEV_BLACK",1985,5,1985-05-01
1.72415196895599,-106.75,34.25,"SEV_BLUE",1985,5,1985-05-01
-0.79414975643158,-104.75,40.75,"SGS",1985,5,1985-05-01
-1.11391150951385,-104.75,41.25,"CHY",1985,6,1985-06-01
-0.0136068249121308,-99.25,38.75,"HAYS",1985,6,1985-06-01
0.0561225451529026,-96.75,39.25,"KNZ",1985,6,1985-06-01
1.10788691043854,-106.75,34.25,"SEV_BLACK",1985,6,1985-06-01
1.10788691043854,-106.75,34.25,"SEV_BLUE",1985,6,1985-06-01
-0.827832639217377,-104.75,40.75,"SGS",1985,6,1985-06-01
-0.944235682487488,-104.75,41.25,"CHY",1985,7,1985-07-01
-0.242662876844406,-99.25,38.75,"HAYS",1985,7,1985-07-01
-0.348225355148315,-96.75,39.25,"KNZ",1985,7,1985-07-01
0.662703454494476,-106.75,34.25,"SEV_BLACK",1985,7,1985-07-01
0.662703454494476,-106.75,34.25,"SEV_BLUE",1985,7,1985-07-01
-0.554433882236481,-104.75,40.75,"SGS",1985,7,1985-07-01
-1.18698132038116,-104.75,41.25,"CHY",1985,8,1985-08-01
-0.138114109635353,-99.25,38.75,"HAYS",1985,8,1985-08-01
0.0565781705081463,-96.75,39.25,"KNZ",1985,8,1985-08-01
0.319640636444092,-106.75,34.25,"SEV_BLACK",1985,8,1985-08-01
0.319640636444092,-106.75,34.25,"SEV_BLUE",1985,8,1985-08-01
-0.96336418390274,-104.75,40.75,"SGS",1985,8,1985-08-01
-0.544388711452484,-104.75,41.25,"CHY",1985,9,1985-09-01
0.385019689798355,-99.25,38.75,"HAYS",1985,9,1985-09-01
0.742074489593506,-96.75,39.25,"KNZ",1985,9,1985-09-01
0.465651512145996,-106.75,34.25,"SEV_BLACK",1985,9,1985-09-01
0.465651512145996,-106.75,34.25,"SEV_BLUE",1985,9,1985-09-01
-0.332109838724136,-104.75,40.75,"SGS",1985,9,1985-09-01
-0.241178691387177,-104.75,41.25,"CHY",1985,10,1985-10-01
0.414015173912048,-99.25,38.75,"HAYS",1985,10,1985-10-01
0.934439778327942,-96.75,39.25,"KNZ",1985,10,1985-10-01
1.07559907436371,-106.75,34.25,"SEV_BLACK",1985,10,1985-10-01
1.07559907436371,-106.75,34.25,"SEV_BLUE",1985,10,1985-10-01
-0.160070553421974,-104.75,40.75,"SGS",1985,10,1985-10-01
0.697907209396362,-104.75,41.25,"CHY",1985,11,1985-11-01
0.679001867771149,-99.25,38.75,"HAYS",1985,11,1985-11-01
1.18595123291016,-96.75,39.25,"KNZ",1985,11,1985-11-01
0.963550209999084,-106.75,34.25,"SEV_BLACK",1985,11,1985-11-01
0.963550209999084,-106.75,34.25,"SEV_BLUE",1985,11,1985-11-01
0.810897707939148,-104.75,40.75,"SGS",1985,11,1985-11-01
1.35100638866425,-104.75,41.25,"CHY",1985,12,1985-12-01
1.0227038860321,-99.25,38.75,"HAYS",1985,12,1985-12-01
1.32288682460785,-96.75,39.25,"KNZ",1985,12,1985-12-01
0.753709614276886,-106.75,34.25,"SEV_BLACK",1985,12,1985-12-01
0.753709614276886,-106.75,34.25,"SEV_BLUE",1985,12,1985-12-01
1.25972020626068,-104.75,40.75,"SGS",1985,12,1985-12-01
0.807993352413177,-104.75,41.25,"CHY",1986,1,1986-01-01
0.817030906677246,-99.25,38.75,"HAYS",1986,1,1986-01-01
1.62801337242126,-96.75,39.25,"KNZ",1986,1,1986-01-01
0.644468128681183,-106.75,34.25,"SEV_BLACK",1986,1,1986-01-01
0.644468128681183,-106.75,34.25,"SEV_BLUE",1986,1,1986-01-01
0.450698524713516,-104.75,40.75,"SGS",1986,1,1986-01-01
1.25662517547607,-104.75,41.25,"CHY",1986,2,1986-02-01
0.440243571996689,-99.25,38.75,"HAYS",1986,2,1986-02-01
1.17740941047668,-96.75,39.25,"KNZ",1986,2,1986-02-01
1.06234037876129,-106.75,34.25,"SEV_BLACK",1986,2,1986-02-01
1.06234037876129,-106.75,34.25,"SEV_BLUE",1986,2,1986-02-01
0.963592827320099,-104.75,40.75,"SGS",1986,2,1986-02-01
-0.221843719482422,-104.75,41.25,"CHY",1986,3,1986-03-01
-0.919680297374725,-99.25,38.75,"HAYS",1986,3,1986-03-01
-0.0538026914000511,-96.75,39.25,"KNZ",1986,3,1986-03-01
0.562102735042572,-106.75,34.25,"SEV_BLACK",1986,3,1986-03-01
0.562102735042572,-106.75,34.25,"SEV_BLUE",1986,3,1986-03-01
-0.58343231678009,-104.75,40.75,"SGS",1986,3,1986-03-01
-0.0557914823293686,-104.75,41.25,"CHY",1986,4,1986-04-01
-1.43818330764771,-99.25,38.75,"HAYS",1986,4,1986-04-01
-0.500429153442383,-96.75,39.25,"KNZ",1986,4,1986-04-01
-0.745995044708252,-106.75,34.25,"SEV_BLACK",1986,4,1986-04-01
-0.745995044708252,-106.75,34.25,"SEV_BLUE",1986,4,1986-04-01
-0.202419623732567,-104.75,40.75,"SGS",1986,4,1986-04-01
-0.83101624250412,-104.75,41.25,"CHY",1986,5,1986-05-01
-1.7397792339325,-99.25,38.75,"HAYS",1986,5,1986-05-01
-0.342549324035645,-96.75,39.25,"KNZ",1986,5,1986-05-01
-0.399652123451233,-106.75,34.25,"SEV_BLACK",1986,5,1986-05-01
-0.399652123451233,-106.75,34.25,"SEV_BLUE",1986,5,1986-05-01
-0.961199998855591,-104.75,40.75,"SGS",1986,5,1986-05-01
-0.529182612895966,-104.75,41.25,"CHY",1986,6,1986-06-01
-1.12725579738617,-99.25,38.75,"HAYS",1986,6,1986-06-01
-0.406382620334625,-96.75,39.25,"KNZ",1986,6,1986-06-01
0.917420387268066,-106.75,34.25,"SEV_BLACK",1986,6,1986-06-01
0.917420387268066,-106.75,34.25,"SEV_BLUE",1986,6,1986-06-01
-0.881918251514435,-104.75,40.75,"SGS",1986,6,1986-06-01
-0.374717116355896,-104.75,41.25,"CHY",1986,7,1986-07-01
-0.442032903432846,-99.25,38.75,"HAYS",1986,7,1986-07-01
0.139953851699829,-96.75,39.25,"KNZ",1986,7,1986-07-01
1.64123463630676,-106.75,34.25,"SEV_BLACK",1986,7,1986-07-01
1.64123463630676,-106.75,34.25,"SEV_BLUE",1986,7,1986-07-01
-0.588310718536377,-104.75,40.75,"SGS",1986,7,1986-07-01
-0.476152628660202,-104.75,41.25,"CHY",1986,8,1986-08-01
-0.201886937022209,-99.25,38.75,"HAYS",1986,8,1986-08-01
0.474877953529358,-96.75,39.25,"KNZ",1986,8,1986-08-01
1.56121897697449,-106.75,34.25,"SEV_BLACK",1986,8,1986-08-01
1.56121897697449,-106.75,34.25,"SEV_BLUE",1986,8,1986-08-01
-0.66129595041275,-104.75,40.75,"SGS",1986,8,1986-08-01
0.263659447431564,-104.75,41.25,"CHY",1986,9,1986-09-01
0.561573207378387,-99.25,38.75,"HAYS",1986,9,1986-09-01
1.12689340114594,-96.75,39.25,"KNZ",1986,9,1986-09-01
1.5714625120163,-106.75,34.25,"SEV_BLACK",1986,9,1986-09-01
1.5714625120163,-106.75,34.25,"SEV_BLUE",1986,9,1986-09-01
-0.0127773899585009,-104.75,40.75,"SGS",1986,9,1986-09-01
0.549025356769562,-104.75,41.25,"CHY",1986,10,1986-10-01
0.932585000991821,-99.25,38.75,"HAYS",1986,10,1986-10-01
1.25502908229828,-96.75,39.25,"KNZ",1986,10,1986-10-01
2.17564654350281,-106.75,34.25,"SEV_BLACK",1986,10,1986-10-01
2.17564654350281,-106.75,34.25,"SEV_BLUE",1986,10,1986-10-01
0.277460187673569,-104.75,40.75,"SGS",1986,10,1986-10-01
1.00827014446259,-104.75,41.25,"CHY",1986,11,1986-11-01
1.15944516658783,-99.25,38.75,"HAYS",1986,11,1986-11-01
1.29568517208099,-96.75,39.25,"KNZ",1986,11,1986-11-01
2.3121280670166,-106.75,34.25,"SEV_BLACK",1986,11,1986-11-01
2.3121280670166,-106.75,34.25,"SEV_BLUE",1986,11,1986-11-01
0.725377976894379,-104.75,40.75,"SGS",1986,11,1986-11-01
0.786857903003693,-104.75,41.25,"CHY",1986,12,1986-12-01
1.24940323829651,-99.25,38.75,"HAYS",1986,12,1986-12-01
1.56324756145477,-96.75,39.25,"KNZ",1986,12,1986-12-01
2.00453448295593,-106.75,34.25,"SEV_BLACK",1986,12,1986-12-01
2.00453448295593,-106.75,34.25,"SEV_BLUE",1986,12,1986-12-01
0.790085852146149,-104.75,40.75,"SGS",1986,12,1986-12-01
1.09239912033081,-104.75,41.25,"CHY",1987,1,1987-01-01
1.3641562461853,-99.25,38.75,"HAYS",1987,1,1987-01-01
1.722048163414,-96.75,39.25,"KNZ",1987,1,1987-01-01
1.78855907917023,-106.75,34.25,"SEV_BLACK",1987,1,1987-01-01
1.78855907917023,-106.75,34.25,"SEV_BLUE",1987,1,1987-01-01
1.02702879905701,-104.75,40.75,"SGS",1987,1,1987-01-01
1.57521152496338,-104.75,41.25,"CHY",1987,2,1987-02-01
1.48006391525269,-99.25,38.75,"HAYS",1987,2,1987-02-01
1.22978663444519,-96.75,39.25,"KNZ",1987,2,1987-02-01
2.02862238883972,-106.75,34.25,"SEV_BLACK",1987,2,1987-02-01
2.02862238883972,-106.75,34.25,"SEV_BLUE",1987,2,1987-02-01
1.57906401157379,-104.75,40.75,"SGS",1987,2,1987-02-01
1.39268147945404,-104.75,41.25,"CHY",1987,3,1987-03-01
1.80684626102448,-99.25,38.75,"HAYS",1987,3,1987-03-01
1.40422475337982,-96.75,39.25,"KNZ",1987,3,1987-03-01
2.01291608810425,-106.75,34.25,"SEV_BLACK",1987,3,1987-03-01
2.01291608810425,-106.75,34.25,"SEV_BLUE",1987,3,1987-03-01
1.55525839328766,-104.75,40.75,"SGS",1987,3,1987-03-01
-0.204973936080933,-104.75,41.25,"CHY",1987,4,1987-04-01
1.45430815219879,-99.25,38.75,"HAYS",1987,4,1987-04-01
0.808044075965881,-96.75,39.25,"KNZ",1987,4,1987-04-01
1.52392637729645,-106.75,34.25,"SEV_BLACK",1987,4,1987-04-01
1.52392637729645,-106.75,34.25,"SEV_BLUE",1987,4,1987-04-01
0.0820437520742416,-104.75,40.75,"SGS",1987,4,1987-04-01
0.190770030021667,-104.75,41.25,"CHY",1987,5,1987-05-01
1.31989872455597,-99.25,38.75,"HAYS",1987,5,1987-05-01
0.923916578292847,-96.75,39.25,"KNZ",1987,5,1987-05-01
1.47623860836029,-106.75,34.25,"SEV_BLACK",1987,5,1987-05-01
1.47623860836029,-106.75,34.25,"SEV_BLUE",1987,5,1987-05-01
0.659240186214447,-104.75,40.75,"SGS",1987,5,1987-05-01
0.0522743239998817,-104.75,41.25,"CHY",1987,6,1987-06-01
0.948759973049164,-99.25,38.75,"HAYS",1987,6,1987-06-01
0.324768990278244,-96.75,39.25,"KNZ",1987,6,1987-06-01
1.36675322055817,-106.75,34.25,"SEV_BLACK",1987,6,1987-06-01
1.36675322055817,-106.75,34.25,"SEV_BLUE",1987,6,1987-06-01
0.660670936107635,-104.75,40.75,"SGS",1987,6,1987-06-01
-0.0152776120230556,-104.75,41.25,"CHY",1987,7,1987-07-01
1.02555274963379,-99.25,38.75,"HAYS",1987,7,1987-07-01
0.0557848624885082,-96.75,39.25,"KNZ",1987,7,1987-07-01
0.872633218765259,-106.75,34.25,"SEV_BLACK",1987,7,1987-07-01
0.872633218765259,-106.75,34.25,"SEV_BLUE",1987,7,1987-07-01
0.478361696004868,-104.75,40.75,"SGS",1987,7,1987-07-01
-0.00968388561159372,-104.75,41.25,"CHY",1987,8,1987-08-01
1.12039220333099,-99.25,38.75,"HAYS",1987,8,1987-08-01
0.539662539958954,-96.75,39.25,"KNZ",1987,8,1987-08-01
1.23416447639465,-106.75,34.25,"SEV_BLACK",1987,8,1987-08-01
1.23416447639465,-106.75,34.25,"SEV_BLUE",1987,8,1987-08-01
0.408123016357422,-104.75,40.75,"SGS",1987,8,1987-08-01
-0.325454562902451,-104.75,41.25,"CHY",1987,9,1987-09-01
0.0952201932668686,-99.25,38.75,"HAYS",1987,9,1987-09-01
-0.201907336711884,-96.75,39.25,"KNZ",1987,9,1987-09-01
0.748190641403198,-106.75,34.25,"SEV_BLACK",1987,9,1987-09-01
0.748190641403198,-106.75,34.25,"SEV_BLUE",1987,9,1987-09-01
0.078323669731617,-104.75,40.75,"SGS",1987,9,1987-09-01
-0.102447025477886,-104.75,41.25,"CHY",1987,10,1987-10-01
-0.0860542431473732,-99.25,38.75,"HAYS",1987,10,1987-10-01
-0.184429064393044,-96.75,39.25,"KNZ",1987,10,1987-10-01
0.364611446857452,-106.75,34.25,"SEV_BLACK",1987,10,1987-10-01
0.364611446857452,-106.75,34.25,"SEV_BLUE",1987,10,1987-10-01
0.301309406757355,-104.75,40.75,"SGS",1987,10,1987-10-01
-0.315800189971924,-104.75,41.25,"CHY",1987,11,1987-11-01
-0.0193149726837873,-99.25,38.75,"HAYS",1987,11,1987-11-01
-0.244455322623253,-96.75,39.25,"KNZ",1987,11,1987-11-01
-0.115031525492668,-106.75,34.25,"SEV_BLACK",1987,11,1987-11-01
-0.115031525492668,-106.75,34.25,"SEV_BLUE",1987,11,1987-11-01
0.0127201145514846,-104.75,40.75,"SGS",1987,11,1987-11-01
0.173791393637657,-104.75,41.25,"CHY",1987,12,1987-12-01
0.183167442679405,-99.25,38.75,"HAYS",1987,12,1987-12-01
0.103333353996277,-96.75,39.25,"KNZ",1987,12,1987-12-01
-0.145317181944847,-106.75,34.25,"SEV_BLACK",1987,12,1987-12-01
-0.145317181944847,-106.75,34.25,"SEV_BLUE",1987,12,1987-12-01
0.245696038007736,-104.75,40.75,"SGS",1987,12,1987-12-01
0.565817832946777,-104.75,41.25,"CHY",1988,1,1988-01-01
0.0568116568028927,-99.25,38.75,"HAYS",1988,1,1988-01-01
0.396867513656616,-96.75,39.25,"KNZ",1988,1,1988-01-01
0.186484277248383,-106.75,34.25,"SEV_BLACK",1988,1,1988-01-01
0.186484277248383,-106.75,34.25,"SEV_BLUE",1988,1,1988-01-01
0.709808588027954,-104.75,40.75,"SGS",1988,1,1988-01-01
0.207541733980179,-104.75,41.25,"CHY",1988,2,1988-02-01
-0.595935523509979,-99.25,38.75,"HAYS",1988,2,1988-02-01
-0.361313879489899,-96.75,39.25,"KNZ",1988,2,1988-02-01
-0.615783452987671,-106.75,34.25,"SEV_BLACK",1988,2,1988-02-01
-0.615783452987671,-106.75,34.25,"SEV_BLUE",1988,2,1988-02-01
0.449853539466858,-104.75,40.75,"SGS",1988,2,1988-02-01
0.743781208992004,-104.75,41.25,"CHY",1988,3,1988-03-01
-0.589081048965454,-99.25,38.75,"HAYS",1988,3,1988-03-01
-0.637803494930267,-96.75,39.25,"KNZ",1988,3,1988-03-01
-0.325259566307068,-106.75,34.25,"SEV_BLACK",1988,3,1988-03-01
-0.325259566307068,-106.75,34.25,"SEV_BLUE",1988,3,1988-03-01
0.958548903465271,-104.75,40.75,"SGS",1988,3,1988-03-01
0.773047506809235,-104.75,41.25,"CHY",1988,4,1988-04-01
-0.132821023464203,-99.25,38.75,"HAYS",1988,4,1988-04-01
-0.831918299198151,-96.75,39.25,"KNZ",1988,4,1988-04-01
0.331494778394699,-106.75,34.25,"SEV_BLACK",1988,4,1988-04-01
0.331494778394699,-106.75,34.25,"SEV_BLUE",1988,4,1988-04-01
0.836826920509338,-104.75,40.75,"SGS",1988,4,1988-04-01
0.388887494802475,-104.75,41.25,"CHY",1988,5,1988-05-01
-0.787996768951416,-99.25,38.75,"HAYS",1988,5,1988-05-01
-1.59990882873535,-96.75,39.25,"KNZ",1988,5,1988-05-01
0.200717285275459,-106.75,34.25,"SEV_BLACK",1988,5,1988-05-01
0.200717285275459,-106.75,34.25,"SEV_BLUE",1988,5,1988-05-01
0.628783822059631,-104.75,40.75,"SGS",1988,5,1988-05-01
-0.541703343391418,-104.75,41.25,"CHY",1988,6,1988-06-01
-1.55144762992859,-99.25,38.75,"HAYS",1988,6,1988-06-01
-1.85920703411102,-96.75,39.25,"KNZ",1988,6,1988-06-01
0.484731554985046,-106.75,34.25,"SEV_BLACK",1988,6,1988-06-01
0.484731554985046,-106.75,34.25,"SEV_BLUE",1988,6,1988-06-01
-0.27500393986702,-104.75,40.75,"SGS",1988,6,1988-06-01
-0.824515640735626,-104.75,41.25,"CHY",1988,7,1988-07-01
-1.50815188884735,-99.25,38.75,"HAYS",1988,7,1988-07-01
-1.61409413814545,-96.75,39.25,"KNZ",1988,7,1988-07-01
0.812090754508972,-106.75,34.25,"SEV_BLACK",1988,7,1988-07-01
0.812090754508972,-106.75,34.25,"SEV_BLUE",1988,7,1988-07-01
-0.70267915725708,-104.75,40.75,"SGS",1988,7,1988-07-01
-0.938169717788696,-104.75,41.25,"CHY",1988,8,1988-08-01
-1.63007593154907,-99.25,38.75,"HAYS",1988,8,1988-08-01
-1.77578675746918,-96.75,39.25,"KNZ",1988,8,1988-08-01
1.7548348903656,-106.75,34.25,"SEV_BLACK",1988,8,1988-08-01
1.7548348903656,-106.75,34.25,"SEV_BLUE",1988,8,1988-08-01
-0.807744383811951,-104.75,40.75,"SGS",1988,8,1988-08-01
-0.990099668502808,-104.75,41.25,"CHY",1988,9,1988-09-01
-1.40972435474396,-99.25,38.75,"HAYS",1988,9,1988-09-01
-1.76921629905701,-96.75,39.25,"KNZ",1988,9,1988-09-01
2.13756799697876,-106.75,34.25,"SEV_BLACK",1988,9,1988-09-01
2.13756799697876,-106.75,34.25,"SEV_BLUE",1988,9,1988-09-01
-0.916748940944672,-104.75,40.75,"SGS",1988,9,1988-09-01
-1.12198448181152,-104.75,41.25,"CHY",1988,10,1988-10-01
-1.52406394481659,-99.25,38.75,"HAYS",1988,10,1988-10-01
-1.79796350002289,-96.75,39.25,"KNZ",1988,10,1988-10-01
1.48872232437134,-106.75,34.25,"SEV_BLACK",1988,10,1988-10-01
1.48872232437134,-106.75,34.25,"SEV_BLUE",1988,10,1988-10-01
-1.04927051067352,-104.75,40.75,"SGS",1988,10,1988-10-01
-1.324951171875,-104.75,41.25,"CHY",1988,11,1988-11-01
-1.4448413848877,-99.25,38.75,"HAYS",1988,11,1988-11-01
-1.77392041683197,-96.75,39.25,"KNZ",1988,11,1988-11-01
1.41085684299469,-106.75,34.25,"SEV_BLACK",1988,11,1988-11-01
1.41085684299469,-106.75,34.25,"SEV_BLUE",1988,11,1988-11-01
-1.39059054851532,-104.75,40.75,"SGS",1988,11,1988-11-01
-1.01190555095673,-104.75,41.25,"CHY",1988,12,1988-12-01
-1.1957426071167,-99.25,38.75,"HAYS",1988,12,1988-12-01
-1.72627234458923,-96.75,39.25,"KNZ",1988,12,1988-12-01
1.05582165718079,-106.75,34.25,"SEV_BLACK",1988,12,1988-12-01
1.05582165718079,-106.75,34.25,"SEV_BLUE",1988,12,1988-12-01
-1.08596551418304,-104.75,40.75,"SGS",1988,12,1988-12-01
-1.11669981479645,-104.75,41.25,"CHY",1989,1,1989-01-01
-1.6468745470047,-99.25,38.75,"HAYS",1989,1,1989-01-01
-2.07721734046936,-96.75,39.25,"KNZ",1989,1,1989-01-01
0.876815140247345,-106.75,34.25,"SEV_BLACK",1989,1,1989-01-01
0.876815140247345,-106.75,34.25,"SEV_BLUE",1989,1,1989-01-01
-0.905184745788574,-104.75,40.75,"SGS",1989,1,1989-01-01
-0.056309275329113,-104.75,41.25,"CHY",1989,2,1989-02-01
-1.10037338733673,-99.25,38.75,"HAYS",1989,2,1989-02-01
-1.64675450325012,-96.75,39.25,"KNZ",1989,2,1989-02-01
-0.38178476691246,-106.75,34.25,"SEV_BLACK",1989,2,1989-02-01
-0.38178476691246,-106.75,34.25,"SEV_BLUE",1989,2,1989-02-01
0.0189151633530855,-104.75,40.75,"SGS",1989,2,1989-02-01
-0.63651967048645,-104.75,41.25,"CHY",1989,3,1989-03-01
-1.32796883583069,-99.25,38.75,"HAYS",1989,3,1989-03-01
-1.48315000534058,-96.75,39.25,"KNZ",1989,3,1989-03-01
-1.18057453632355,-106.75,34.25,"SEV_BLACK",1989,3,1989-03-01
-1.18057453632355,-106.75,34.25,"SEV_BLUE",1989,3,1989-03-01
-0.649029016494751,-104.75,40.75,"SGS",1989,3,1989-03-01
-0.34290337562561,-104.75,41.25,"CHY",1989,4,1989-04-01
-1.99929368495941,-99.25,38.75,"HAYS",1989,4,1989-04-01
-1.93556225299835,-96.75,39.25,"KNZ",1989,4,1989-04-01
-1.37157249450684,-106.75,34.25,"SEV_BLACK",1989,4,1989-04-01
-1.37157249450684,-106.75,34.25,"SEV_BLUE",1989,4,1989-04-01
-0.557291209697723,-104.75,40.75,"SGS",1989,4,1989-04-01
-0.839565694332123,-104.75,41.25,"CHY",1989,5,1989-05-01
-1.82979476451874,-99.25,38.75,"HAYS",1989,5,1989-05-01
-1.99059474468231,-96.75,39.25,"KNZ",1989,5,1989-05-01
-1.56885945796967,-106.75,34.25,"SEV_BLACK",1989,5,1989-05-01
-1.56885945796967,-106.75,34.25,"SEV_BLUE",1989,5,1989-05-01
-0.876096546649933,-104.75,40.75,"SGS",1989,5,1989-05-01
-0.661755561828613,-104.75,41.25,"CHY",1989,6,1989-06-01
-0.550572752952576,-99.25,38.75,"HAYS",1989,6,1989-06-01
-1.3758727312088,-96.75,39.25,"KNZ",1989,6,1989-06-01
-1.83089375495911,-106.75,34.25,"SEV_BLACK",1989,6,1989-06-01
-1.83089375495911,-106.75,34.25,"SEV_BLUE",1989,6,1989-06-01
-0.618136823177338,-104.75,40.75,"SGS",1989,6,1989-06-01
-0.875087320804596,-104.75,41.25,"CHY",1989,7,1989-07-01
-0.328000515699387,-99.25,38.75,"HAYS",1989,7,1989-07-01
-1.08705818653107,-96.75,39.25,"KNZ",1989,7,1989-07-01
-1.53808188438416,-106.75,34.25,"SEV_BLACK",1989,7,1989-07-01
-1.53808188438416,-106.75,34.25,"SEV_BLUE",1989,7,1989-07-01
-0.829181134700775,-104.75,40.75,"SGS",1989,7,1989-07-01
-1.10947787761688,-104.75,41.25,"CHY",1989,8,1989-08-01
-0.400773793458939,-99.25,38.75,"HAYS",1989,8,1989-08-01
-0.838534712791443,-96.75,39.25,"KNZ",1989,8,1989-08-01
-1.41747045516968,-106.75,34.25,"SEV_BLACK",1989,8,1989-08-01
-1.41747045516968,-106.75,34.25,"SEV_BLUE",1989,8,1989-08-01
-1.01132535934448,-104.75,40.75,"SGS",1989,8,1989-08-01
-0.567482173442841,-104.75,41.25,"CHY",1989,9,1989-09-01
0.0600865669548512,-99.25,38.75,"HAYS",1989,9,1989-09-01
-0.274875670671463,-96.75,39.25,"KNZ",1989,9,1989-09-01
-1.37855613231659,-106.75,34.25,"SEV_BLACK",1989,9,1989-09-01
-1.37855613231659,-106.75,34.25,"SEV_BLUE",1989,9,1989-09-01
-0.490781903266907,-104.75,40.75,"SGS",1989,9,1989-09-01
-0.421532899141312,-104.75,41.25,"CHY",1989,10,1989-10-01
0.300161421298981,-99.25,38.75,"HAYS",1989,10,1989-10-01
0.0560804605484009,-96.75,39.25,"KNZ",1989,10,1989-10-01
-0.788820803165436,-106.75,34.25,"SEV_BLACK",1989,10,1989-10-01
-0.788820803165436,-106.75,34.25,"SEV_BLUE",1989,10,1989-10-01
-0.202135786414146,-104.75,40.75,"SGS",1989,10,1989-10-01
-0.213563695549965,-104.75,41.25,"CHY",1989,11,1989-11-01
0.18466928601265,-99.25,38.75,"HAYS",1989,11,1989-11-01
0.130376920104027,-96.75,39.25,"KNZ",1989,11,1989-11-01
-0.669520258903503,-106.75,34.25,"SEV_BLACK",1989,11,1989-11-01
-0.669520258903503,-106.75,34.25,"SEV_BLUE",1989,11,1989-11-01
-0.0643522813916206,-104.75,40.75,"SGS",1989,11,1989-11-01
-0.265956729650497,-104.75,41.25,"CHY",1989,12,1989-12-01
-0.37828803062439,-99.25,38.75,"HAYS",1989,12,1989-12-01
0.223666995763779,-96.75,39.25,"KNZ",1989,12,1989-12-01
-0.526412010192871,-106.75,34.25,"SEV_BLACK",1989,12,1989-12-01
-0.526412010192871,-106.75,34.25,"SEV_BLUE",1989,12,1989-12-01
-0.256965219974518,-104.75,40.75,"SGS",1989,12,1989-12-01
0.173312202095985,-104.75,41.25,"CHY",1990,1,1990-01-01
-0.455077588558197,-99.25,38.75,"HAYS",1990,1,1990-01-01
0.264470756053925,-96.75,39.25,"KNZ",1990,1,1990-01-01
-0.944843411445618,-106.75,34.25,"SEV_BLACK",1990,1,1990-01-01
-0.944843411445618,-106.75,34.25,"SEV_BLUE",1990,1,1990-01-01
0.131450071930885,-104.75,40.75,"SGS",1990,1,1990-01-01
0.108079753816128,-104.75,41.25,"CHY",1990,2,1990-02-01
-0.468612164258957,-99.25,38.75,"HAYS",1990,2,1990-02-01
-0.236111149191856,-96.75,39.25,"KNZ",1990,2,1990-02-01
-0.896842837333679,-106.75,34.25,"SEV_BLACK",1990,2,1990-02-01
-0.896842837333679,-106.75,34.25,"SEV_BLUE",1990,2,1990-02-01
-0.0994371771812439,-104.75,40.75,"SGS",1990,2,1990-02-01
0.924470186233521,-104.75,41.25,"CHY",1990,3,1990-03-01
-0.544351816177368,-99.25,38.75,"HAYS",1990,3,1990-03-01
-0.510334491729736,-96.75,39.25,"KNZ",1990,3,1990-03-01
-0.145998433232307,-106.75,34.25,"SEV_BLACK",1990,3,1990-03-01
-0.145998433232307,-106.75,34.25,"SEV_BLUE",1990,3,1990-03-01
0.857826352119446,-104.75,40.75,"SGS",1990,3,1990-03-01
1.00559115409851,-104.75,41.25,"CHY",1990,4,1990-04-01
0.4198137819767,-99.25,38.75,"HAYS",1990,4,1990-04-01
-0.570245325565338,-96.75,39.25,"KNZ",1990,4,1990-04-01
0.0589194968342781,-106.75,34.25,"SEV_BLACK",1990,4,1990-04-01
0.0589194968342781,-106.75,34.25,"SEV_BLUE",1990,4,1990-04-01
0.867780983448029,-104.75,40.75,"SGS",1990,4,1990-04-01
1.22749483585358,-104.75,41.25,"CHY",1990,5,1990-05-01
1.35946238040924,-99.25,38.75,"HAYS",1990,5,1990-05-01
0.303126156330109,-96.75,39.25,"KNZ",1990,5,1990-05-01
0.429704010486603,-106.75,34.25,"SEV_BLACK",1990,5,1990-05-01
0.429704010486603,-106.75,34.25,"SEV_BLUE",1990,5,1990-05-01
1.04814291000366,-104.75,40.75,"SGS",1990,5,1990-05-01
0.434048354625702,-104.75,41.25,"CHY",1990,6,1990-06-01
0.700335323810577,-99.25,38.75,"HAYS",1990,6,1990-06-01
0.254677355289459,-96.75,39.25,"KNZ",1990,6,1990-06-01
-0.0110813044011593,-106.75,34.25,"SEV_BLACK",1990,6,1990-06-01
-0.0110813044011593,-106.75,34.25,"SEV_BLUE",1990,6,1990-06-01
0.249411672353745,-104.75,40.75,"SGS",1990,6,1990-06-01
1.21225118637085,-104.75,41.25,"CHY",1990,7,1990-07-01
0.648252069950104,-99.25,38.75,"HAYS",1990,7,1990-07-01
0.399753540754318,-96.75,39.25,"KNZ",1990,7,1990-07-01
0.287025302648544,-106.75,34.25,"SEV_BLACK",1990,7,1990-07-01
0.287025302648544,-106.75,34.25,"SEV_BLUE",1990,7,1990-07-01
1.08170139789581,-104.75,40.75,"SGS",1990,7,1990-07-01
1.36345946788788,-104.75,41.25,"CHY",1990,8,1990-08-01
0.804373562335968,-99.25,38.75,"HAYS",1990,8,1990-08-01
0.547795712947845,-96.75,39.25,"KNZ",1990,8,1990-08-01
0.711503505706787,-106.75,34.25,"SEV_BLACK",1990,8,1990-08-01
0.711503505706787,-106.75,34.25,"SEV_BLUE",1990,8,1990-08-01
1.16702747344971,-104.75,40.75,"SGS",1990,8,1990-08-01
0.490078389644623,-104.75,41.25,"CHY",1990,9,1990-09-01
0.39907431602478,-99.25,38.75,"HAYS",1990,9,1990-09-01
-0.221012815833092,-96.75,39.25,"KNZ",1990,9,1990-09-01
0.769912123680115,-106.75,34.25,"SEV_BLACK",1990,9,1990-09-01
0.769912123680115,-106.75,34.25,"SEV_BLUE",1990,9,1990-09-01
0.274719744920731,-104.75,40.75,"SGS",1990,9,1990-09-01
0.517097115516663,-104.75,41.25,"CHY",1990,10,1990-10-01
-0.10059167444706,-99.25,38.75,"HAYS",1990,10,1990-10-01
-0.271889299154282,-96.75,39.25,"KNZ",1990,10,1990-10-01
0.213710591197014,-106.75,34.25,"SEV_BLACK",1990,10,1990-10-01
0.213710591197014,-106.75,34.25,"SEV_BLUE",1990,10,1990-10-01
0.352279603481293,-104.75,40.75,"SGS",1990,10,1990-10-01
0.534670412540436,-104.75,41.25,"CHY",1990,11,1990-11-01
-0.725071489810944,-99.25,38.75,"HAYS",1990,11,1990-11-01
-0.496246069669724,-96.75,39.25,"KNZ",1990,11,1990-11-01
0.356052130460739,-106.75,34.25,"SEV_BLACK",1990,11,1990-11-01
0.356052130460739,-106.75,34.25,"SEV_BLUE",1990,11,1990-11-01
0.420681297779083,-104.75,40.75,"SGS",1990,11,1990-11-01
1.27349507808685,-104.75,41.25,"CHY",1990,12,1990-12-01
-0.290311545133591,-99.25,38.75,"HAYS",1990,12,1990-12-01
-0.579637110233307,-96.75,39.25,"KNZ",1990,12,1990-12-01
0.895547211170197,-106.75,34.25,"SEV_BLACK",1990,12,1990-12-01
0.895547211170197,-106.75,34.25,"SEV_BLUE",1990,12,1990-12-01
1.20737755298615,-104.75,40.75,"SGS",1990,12,1990-12-01
0.416958063840866,-104.75,41.25,"CHY",1991,1,1991-01-01
-0.582439184188843,-99.25,38.75,"HAYS",1991,1,1991-01-01
-0.88343870639801,-96.75,39.25,"KNZ",1991,1,1991-01-01
0.803271591663361,-106.75,34.25,"SEV_BLACK",1991,1,1991-01-01
0.803271591663361,-106.75,34.25,"SEV_BLUE",1991,1,1991-01-01
0.308795422315598,-104.75,40.75,"SGS",1991,1,1991-01-01
-0.672928333282471,-104.75,41.25,"CHY",1991,2,1991-02-01
-1.67152810096741,-99.25,38.75,"HAYS",1991,2,1991-02-01
-1.64230990409851,-96.75,39.25,"KNZ",1991,2,1991-02-01
0.257193714380264,-106.75,34.25,"SEV_BLACK",1991,2,1991-02-01
0.257193714380264,-106.75,34.25,"SEV_BLUE",1991,2,1991-02-01
-0.535593450069427,-104.75,40.75,"SGS",1991,2,1991-02-01
-0.872219085693359,-104.75,41.25,"CHY",1991,3,1991-03-01
-1.46846604347229,-99.25,38.75,"HAYS",1991,3,1991-03-01
-1.06769824028015,-96.75,39.25,"KNZ",1991,3,1991-03-01
-0.105790019035339,-106.75,34.25,"SEV_BLACK",1991,3,1991-03-01
-0.105790019035339,-106.75,34.25,"SEV_BLUE",1991,3,1991-03-01
-0.780477702617645,-104.75,40.75,"SGS",1991,3,1991-03-01
-0.781009137630463,-104.75,41.25,"CHY",1991,4,1991-04-01
-1.06405413150787,-99.25,38.75,"HAYS",1991,4,1991-04-01
-0.633702397346497,-96.75,39.25,"KNZ",1991,4,1991-04-01
0.00931630283594131,-106.75,34.25,"SEV_BLACK",1991,4,1991-04-01
0.00931630283594131,-106.75,34.25,"SEV_BLUE",1991,4,1991-04-01
-0.736018180847168,-104.75,40.75,"SGS",1991,4,1991-04-01
0.147406816482544,-104.75,41.25,"CHY",1991,5,1991-05-01
-0.614274084568024,-99.25,38.75,"HAYS",1991,5,1991-05-01
-0.381310224533081,-96.75,39.25,"KNZ",1991,5,1991-05-01
-0.377563893795013,-106.75,34.25,"SEV_BLACK",1991,5,1991-05-01
-0.377563893795013,-106.75,34.25,"SEV_BLUE",1991,5,1991-05-01
-0.40482833981514,-104.75,40.75,"SGS",1991,5,1991-05-01
1.01596319675446,-104.75,41.25,"CHY",1991,6,1991-06-01
-1.05187356472015,-99.25,38.75,"HAYS",1991,6,1991-06-01
-0.867551624774933,-96.75,39.25,"KNZ",1991,6,1991-06-01
-0.415969848632812,-106.75,34.25,"SEV_BLACK",1991,6,1991-06-01
-0.415969848632812,-106.75,34.25,"SEV_BLUE",1991,6,1991-06-01
0.133097186684608,-104.75,40.75,"SGS",1991,6,1991-06-01
0.905200123786926,-104.75,41.25,"CHY",1991,7,1991-07-01
-1.29398107528687,-99.25,38.75,"HAYS",1991,7,1991-07-01
-1.24664068222046,-96.75,39.25,"KNZ",1991,7,1991-07-01
0.62288361787796,-106.75,34.25,"SEV_BLACK",1991,7,1991-07-01
0.62288361787796,-106.75,34.25,"SEV_BLUE",1991,7,1991-07-01
0.187585964798927,-104.75,40.75,"SGS",1991,7,1991-07-01
1.23730003833771,-104.75,41.25,"CHY",1991,8,1991-08-01
-1.00807952880859,-99.25,38.75,"HAYS",1991,8,1991-08-01
-1.14400923252106,-96.75,39.25,"KNZ",1991,8,1991-08-01
0.972660958766937,-106.75,34.25,"SEV_BLACK",1991,8,1991-08-01
0.972660958766937,-106.75,34.25,"SEV_BLUE",1991,8,1991-08-01
0.586751520633698,-104.75,40.75,"SGS",1991,8,1991-08-01
1.41478514671326,-104.75,41.25,"CHY",1991,9,1991-09-01
-1.15837228298187,-99.25,38.75,"HAYS",1991,9,1991-09-01
-1.32936584949493,-96.75,39.25,"KNZ",1991,9,1991-09-01
1.3127818107605,-106.75,34.25,"SEV_BLACK",1991,9,1991-09-01
1.3127818107605,-106.75,34.25,"SEV_BLUE",1991,9,1991-09-01
0.85612827539444,-104.75,40.75,"SGS",1991,9,1991-09-01
1.32463276386261,-104.75,41.25,"CHY",1991,10,1991-10-01
-1.27252185344696,-99.25,38.75,"HAYS",1991,10,1991-10-01
-1.39160549640656,-96.75,39.25,"KNZ",1991,10,1991-10-01
1.14031147956848,-106.75,34.25,"SEV_BLACK",1991,10,1991-10-01
1.14031147956848,-106.75,34.25,"SEV_BLUE",1991,10,1991-10-01
0.755355596542358,-104.75,40.75,"SGS",1991,10,1991-10-01
1.09203124046326,-104.75,41.25,"CHY",1991,11,1991-11-01
-1.15869617462158,-99.25,38.75,"HAYS",1991,11,1991-11-01
-1.33369898796082,-96.75,39.25,"KNZ",1991,11,1991-11-01
1.53393924236298,-106.75,34.25,"SEV_BLACK",1991,11,1991-11-01
1.53393924236298,-106.75,34.25,"SEV_BLUE",1991,11,1991-11-01
0.99948513507843,-104.75,40.75,"SGS",1991,11,1991-11-01
0.112712390720844,-104.75,41.25,"CHY",1991,12,1991-12-01
-0.770545363426208,-99.25,38.75,"HAYS",1991,12,1991-12-01
-0.944873809814453,-96.75,39.25,"KNZ",1991,12,1991-12-01
1.92691206932068,-106.75,34.25,"SEV_BLACK",1991,12,1991-12-01
1.92691206932068,-106.75,34.25,"SEV_BLUE",1991,12,1991-12-01
0.408473491668701,-104.75,40.75,"SGS",1991,12,1991-12-01
0.147644802927971,-104.75,41.25,"CHY",1992,1,1992-01-01
-0.221491441130638,-99.25,38.75,"HAYS",1992,1,1992-01-01
-0.500815808773041,-96.75,39.25,"KNZ",1992,1,1992-01-01
1.63436031341553,-106.75,34.25,"SEV_BLACK",1992,1,1992-01-01
1.63436031341553,-106.75,34.25,"SEV_BLUE",1992,1,1992-01-01
0.530351102352142,-104.75,40.75,"SGS",1992,1,1992-01-01
-0.439254820346832,-104.75,41.25,"CHY",1992,2,1992-02-01
-0.158399730920792,-99.25,38.75,"HAYS",1992,2,1992-02-01
-0.240317732095718,-96.75,39.25,"KNZ",1992,2,1992-02-01
1.56352305412292,-106.75,34.25,"SEV_BLACK",1992,2,1992-02-01
1.56352305412292,-106.75,34.25,"SEV_BLUE",1992,2,1992-02-01
-0.0677948743104935,-104.75,40.75,"SGS",1992,2,1992-02-01
-0.150983542203903,-104.75,41.25,"CHY",1992,3,1992-03-01
0.557455778121948,-99.25,38.75,"HAYS",1992,3,1992-03-01
0.769233167171478,-96.75,39.25,"KNZ",1992,3,1992-03-01
1.35080146789551,-106.75,34.25,"SEV_BLACK",1992,3,1992-03-01
1.35080146789551,-106.75,34.25,"SEV_BLUE",1992,3,1992-03-01
0.496472269296646,-104.75,40.75,"SGS",1992,3,1992-03-01
-0.896665394306183,-104.75,41.25,"CHY",1992,4,1992-04-01
0.37056240439415,-99.25,38.75,"HAYS",1992,4,1992-04-01
0.731324970722198,-96.75,39.25,"KNZ",1992,4,1992-04-01
1.65827238559723,-106.75,34.25,"SEV_BLACK",1992,4,1992-04-01
1.65827238559723,-106.75,34.25,"SEV_BLUE",1992,4,1992-04-01
-0.334427237510681,-104.75,40.75,"SGS",1992,4,1992-04-01
-1.59369492530823,-104.75,41.25,"CHY",1992,5,1992-05-01
-0.314512103796005,-99.25,38.75,"HAYS",1992,5,1992-05-01
-0.692663192749023,-96.75,39.25,"KNZ",1992,5,1992-05-01
1.95310175418854,-106.75,34.25,"SEV_BLACK",1992,5,1992-05-01
1.95310175418854,-106.75,34.25,"SEV_BLUE",1992,5,1992-05-01
-1.36315560340881,-104.75,40.75,"SGS",1992,5,1992-05-01
-0.951195180416107,-104.75,41.25,"CHY",1992,6,1992-06-01
0.474592536687851,-99.25,38.75,"HAYS",1992,6,1992-06-01
-0.573541164398193,-96.75,39.25,"KNZ",1992,6,1992-06-01
1.50360000133514,-106.75,34.25,"SEV_BLACK",1992,6,1992-06-01
1.50360000133514,-106.75,34.25,"SEV_BLUE",1992,6,1992-06-01
-0.679494082927704,-104.75,40.75,"SGS",1992,6,1992-06-01
-0.473341643810272,-104.75,41.25,"CHY",1992,7,1992-07-01
0.964544832706451,-99.25,38.75,"HAYS",1992,7,1992-07-01
0.821667730808258,-96.75,39.25,"KNZ",1992,7,1992-07-01
1.13788080215454,-106.75,34.25,"SEV_BLACK",1992,7,1992-07-01
1.13788080215454,-106.75,34.25,"SEV_BLUE",1992,7,1992-07-01
-0.441726714372635,-104.75,40.75,"SGS",1992,7,1992-07-01
0.0437426008284092,-104.75,41.25,"CHY",1992,8,1992-08-01
1.39507067203522,-99.25,38.75,"HAYS",1992,8,1992-08-01
0.752491056919098,-96.75,39.25,"KNZ",1992,8,1992-08-01
1.02671670913696,-106.75,34.25,"SEV_BLACK",1992,8,1992-08-01
1.02671670913696,-106.75,34.25,"SEV_BLUE",1992,8,1992-08-01
0.228989019989967,-104.75,40.75,"SGS",1992,8,1992-08-01
-0.460305243730545,-104.75,41.25,"CHY",1992,9,1992-09-01
1.2045646905899,-99.25,38.75,"HAYS",1992,9,1992-09-01
0.652650117874146,-96.75,39.25,"KNZ",1992,9,1992-09-01
0.417050093412399,-106.75,34.25,"SEV_BLACK",1992,9,1992-09-01
0.417050093412399,-106.75,34.25,"SEV_BLUE",1992,9,1992-09-01
-0.442113727331161,-104.75,40.75,"SGS",1992,9,1992-09-01
-0.0968862771987915,-104.75,41.25,"CHY",1992,10,1992-10-01
1.48127114772797,-99.25,38.75,"HAYS",1992,10,1992-10-01
0.878111004829407,-96.75,39.25,"KNZ",1992,10,1992-10-01
0.267380267381668,-106.75,34.25,"SEV_BLACK",1992,10,1992-10-01
0.267380267381668,-106.75,34.25,"SEV_BLUE",1992,10,1992-10-01
0.0192834883928299,-104.75,40.75,"SGS",1992,10,1992-10-01
0.855199456214905,-104.75,41.25,"CHY",1992,11,1992-11-01
1.92404997348785,-99.25,38.75,"HAYS",1992,11,1992-11-01
1.71537673473358,-96.75,39.25,"KNZ",1992,11,1992-11-01
-0.380950927734375,-106.75,34.25,"SEV_BLACK",1992,11,1992-11-01
-0.380950927734375,-106.75,34.25,"SEV_BLUE",1992,11,1992-11-01
1.04759156703949,-104.75,40.75,"SGS",1992,11,1992-11-01
0.838313519954681,-104.75,41.25,"CHY",1992,12,1992-12-01
1.75541615486145,-99.25,38.75,"HAYS",1992,12,1992-12-01
1.87420654296875,-96.75,39.25,"KNZ",1992,12,1992-12-01
-0.0809887275099754,-106.75,34.25,"SEV_BLACK",1992,12,1992-12-01
-0.0809887275099754,-106.75,34.25,"SEV_BLUE",1992,12,1992-12-01
1.05573034286499,-104.75,40.75,"SGS",1992,12,1992-12-01
0.34918001294136,-104.75,41.25,"CHY",1993,1,1993-01-01
1.79124653339386,-99.25,38.75,"HAYS",1993,1,1993-01-01
1.28108525276184,-96.75,39.25,"KNZ",1993,1,1993-01-01
0.0185974705964327,-106.75,34.25,"SEV_BLACK",1993,1,1993-01-01
0.0185974705964327,-106.75,34.25,"SEV_BLUE",1993,1,1993-01-01
0.921036958694458,-104.75,40.75,"SGS",1993,1,1993-01-01
0.465193152427673,-104.75,41.25,"CHY",1993,2,1993-02-01
1.909459233284,-99.25,38.75,"HAYS",1993,2,1993-02-01
1.64487659931183,-96.75,39.25,"KNZ",1993,2,1993-02-01
0.21932153403759,-106.75,34.25,"SEV_BLACK",1993,2,1993-02-01
0.21932153403759,-106.75,34.25,"SEV_BLUE",1993,2,1993-02-01
0.785195767879486,-104.75,40.75,"SGS",1993,2,1993-02-01
0.971916437149048,-104.75,41.25,"CHY",1993,3,1993-03-01
2.0574517250061,-99.25,38.75,"HAYS",1993,3,1993-03-01
1.85985100269318,-96.75,39.25,"KNZ",1993,3,1993-03-01
0.505306780338287,-106.75,34.25,"SEV_BLACK",1993,3,1993-03-01
0.505306780338287,-106.75,34.25,"SEV_BLUE",1993,3,1993-03-01
1.17769968509674,-104.75,40.75,"SGS",1993,3,1993-03-01
1.56836557388306,-104.75,41.25,"CHY",1993,4,1993-04-01
2.1138744354248,-99.25,38.75,"HAYS",1993,4,1993-04-01
1.93455171585083,-96.75,39.25,"KNZ",1993,4,1993-04-01
0.49389123916626,-106.75,34.25,"SEV_BLACK",1993,4,1993-04-01
0.49389123916626,-106.75,34.25,"SEV_BLUE",1993,4,1993-04-01
1.65490019321442,-104.75,40.75,"SGS",1993,4,1993-04-01
0.499286592006683,-104.75,41.25,"CHY",1993,5,1993-05-01
1.85085356235504,-99.25,38.75,"HAYS",1993,5,1993-05-01
1.84768080711365,-96.75,39.25,"KNZ",1993,5,1993-05-01
0.252840042114258,-106.75,34.25,"SEV_BLACK",1993,5,1993-05-01
0.252840042114258,-106.75,34.25,"SEV_BLUE",1993,5,1993-05-01
0.637109994888306,-104.75,40.75,"SGS",1993,5,1993-05-01
0.97912609577179,-104.75,41.25,"CHY",1993,6,1993-06-01
1.81457662582397,-99.25,38.75,"HAYS",1993,6,1993-06-01
1.76714265346527,-96.75,39.25,"KNZ",1993,6,1993-06-01
-0.406725943088531,-106.75,34.25,"SEV_BLACK",1993,6,1993-06-01
-0.406725943088531,-106.75,34.25,"SEV_BLUE",1993,6,1993-06-01
0.728557348251343,-104.75,40.75,"SGS",1993,6,1993-06-01
0.815285921096802,-104.75,41.25,"CHY",1993,7,1993-07-01
2.41311955451965,-99.25,38.75,"HAYS",1993,7,1993-07-01
2.25413370132446,-96.75,39.25,"KNZ",1993,7,1993-07-01
-1.14396286010742,-106.75,34.25,"SEV_BLACK",1993,7,1993-07-01
-1.14396286010742,-106.75,34.25,"SEV_BLUE",1993,7,1993-07-01
0.567569136619568,-104.75,40.75,"SGS",1993,7,1993-07-01
0.625906825065613,-104.75,41.25,"CHY",1993,8,1993-08-01
2.3217499256134,-99.25,38.75,"HAYS",1993,8,1993-08-01
2.26750874519348,-96.75,39.25,"KNZ",1993,8,1993-08-01
-0.0580734945833683,-106.75,34.25,"SEV_BLACK",1993,8,1993-08-01
-0.0580734945833683,-106.75,34.25,"SEV_BLUE",1993,8,1993-08-01
0.357977688312531,-104.75,40.75,"SGS",1993,8,1993-08-01
1.0397869348526,-104.75,41.25,"CHY",1993,9,1993-09-01
2.23327255249023,-99.25,38.75,"HAYS",1993,9,1993-09-01
2.19126725196838,-96.75,39.25,"KNZ",1993,9,1993-09-01
-0.489214330911636,-106.75,34.25,"SEV_BLACK",1993,9,1993-09-01
-0.489214330911636,-106.75,34.25,"SEV_BLUE",1993,9,1993-09-01
0.830686390399933,-104.75,40.75,"SGS",1993,9,1993-09-01
1.17450964450836,-104.75,41.25,"CHY",1993,10,1993-10-01
2.12852549552917,-99.25,38.75,"HAYS",1993,10,1993-10-01
2.0544216632843,-96.75,39.25,"KNZ",1993,10,1993-10-01
-0.176001235842705,-106.75,34.25,"SEV_BLACK",1993,10,1993-10-01
-0.176001235842705,-106.75,34.25,"SEV_BLUE",1993,10,1993-10-01
1.05410504341125,-104.75,40.75,"SGS",1993,10,1993-10-01
1.83594489097595,-104.75,41.25,"CHY",1993,11,1993-11-01
2.09615015983582,-99.25,38.75,"HAYS",1993,11,1993-11-01
1.84919261932373,-96.75,39.25,"KNZ",1993,11,1993-11-01
-0.0381315164268017,-106.75,34.25,"SEV_BLACK",1993,11,1993-11-01
-0.0381315164268017,-106.75,34.25,"SEV_BLUE",1993,11,1993-11-01
1.73203492164612,-104.75,40.75,"SGS",1993,11,1993-11-01
1.53479588031769,-104.75,41.25,"CHY",1993,12,1993-12-01
2.18864107131958,-99.25,38.75,"HAYS",1993,12,1993-12-01
1.74192309379578,-96.75,39.25,"KNZ",1993,12,1993-12-01
-0.0998010262846947,-106.75,34.25,"SEV_BLACK",1993,12,1993-12-01
-0.0998010262846947,-106.75,34.25,"SEV_BLUE",1993,12,1993-12-01
1.56497979164124,-104.75,40.75,"SGS",1993,12,1993-12-01
1.58854746818542,-104.75,41.25,"CHY",1994,1,1994-01-01
1.26837122440338,-99.25,38.75,"HAYS",1994,1,1994-01-01
0.704330682754517,-96.75,39.25,"KNZ",1994,1,1994-01-01
0.17822402715683,-106.75,34.25,"SEV_BLACK",1994,1,1994-01-01
0.17822402715683,-106.75,34.25,"SEV_BLUE",1994,1,1994-01-01
1.64816832542419,-104.75,40.75,"SGS",1994,1,1994-01-01
1.45954775810242,-104.75,41.25,"CHY",1994,2,1994-02-01
0.63651168346405,-99.25,38.75,"HAYS",1994,2,1994-02-01
0.343824177980423,-96.75,39.25,"KNZ",1994,2,1994-02-01
-1.16603541374207,-106.75,34.25,"SEV_BLACK",1994,2,1994-02-01
-1.16603541374207,-106.75,34.25,"SEV_BLUE",1994,2,1994-02-01
1.64690542221069,-104.75,40.75,"SGS",1994,2,1994-02-01
0.276336073875427,-104.75,41.25,"CHY",1994,3,1994-03-01
-0.523441255092621,-99.25,38.75,"HAYS",1994,3,1994-03-01
-1.06004738807678,-96.75,39.25,"KNZ",1994,3,1994-03-01
-0.59105259180069,-106.75,34.25,"SEV_BLACK",1994,3,1994-03-01
-0.59105259180069,-106.75,34.25,"SEV_BLUE",1994,3,1994-03-01
0.529003739356995,-104.75,40.75,"SGS",1994,3,1994-03-01
-0.582736849784851,-104.75,41.25,"CHY",1994,4,1994-04-01
-0.269494235515594,-99.25,38.75,"HAYS",1994,4,1994-04-01
-0.79308670759201,-96.75,39.25,"KNZ",1994,4,1994-04-01
-0.942658185958862,-106.75,34.25,"SEV_BLACK",1994,4,1994-04-01
-0.942658185958862,-106.75,34.25,"SEV_BLUE",1994,4,1994-04-01
-0.177098825573921,-104.75,40.75,"SGS",1994,4,1994-04-01
-1.73998963832855,-104.75,41.25,"CHY",1994,5,1994-05-01
-1.08734846115112,-99.25,38.75,"HAYS",1994,5,1994-05-01
-1.45919716358185,-96.75,39.25,"KNZ",1994,5,1994-05-01
-0.540750682353973,-106.75,34.25,"SEV_BLACK",1994,5,1994-05-01
-0.540750682353973,-106.75,34.25,"SEV_BLUE",1994,5,1994-05-01
-1.60647284984589,-104.75,40.75,"SGS",1994,5,1994-05-01
-1.83149945735931,-104.75,41.25,"CHY",1994,6,1994-06-01
-1.33970379829407,-99.25,38.75,"HAYS",1994,6,1994-06-01
-1.29250717163086,-96.75,39.25,"KNZ",1994,6,1994-06-01
-0.811870217323303,-106.75,34.25,"SEV_BLACK",1994,6,1994-06-01
-0.811870217323303,-106.75,34.25,"SEV_BLUE",1994,6,1994-06-01
-1.75572514533997,-104.75,40.75,"SGS",1994,6,1994-06-01
-1.53015446662903,-104.75,41.25,"CHY",1994,7,1994-07-01
-0.6186243891716,-99.25,38.75,"HAYS",1994,7,1994-07-01
-0.897778272628784,-96.75,39.25,"KNZ",1994,7,1994-07-01
-1.16322493553162,-106.75,34.25,"SEV_BLACK",1994,7,1994-07-01
-1.16322493553162,-106.75,34.25,"SEV_BLUE",1994,7,1994-07-01
-1.62714219093323,-104.75,40.75,"SGS",1994,7,1994-07-01
-1.66731190681458,-104.75,41.25,"CHY",1994,8,1994-08-01
-0.877324104309082,-99.25,38.75,"HAYS",1994,8,1994-08-01
-0.947154402732849,-96.75,39.25,"KNZ",1994,8,1994-08-01
-1.25429201126099,-106.75,34.25,"SEV_BLACK",1994,8,1994-08-01
-1.25429201126099,-106.75,34.25,"SEV_BLUE",1994,8,1994-08-01
-1.6530396938324,-104.75,40.75,"SGS",1994,8,1994-08-01
-1.67289996147156,-104.75,41.25,"CHY",1994,9,1994-09-01
-0.614699423313141,-99.25,38.75,"HAYS",1994,9,1994-09-01
-0.878199279308319,-96.75,39.25,"KNZ",1994,9,1994-09-01
-1.34903705120087,-106.75,34.25,"SEV_BLACK",1994,9,1994-09-01
-1.34903705120087,-106.75,34.25,"SEV_BLUE",1994,9,1994-09-01
-1.66061747074127,-104.75,40.75,"SGS",1994,9,1994-09-01
-1.33566462993622,-104.75,41.25,"CHY",1994,10,1994-10-01
-0.630092024803162,-99.25,38.75,"HAYS",1994,10,1994-10-01
-0.957691729068756,-96.75,39.25,"KNZ",1994,10,1994-10-01
-0.842465937137604,-106.75,34.25,"SEV_BLACK",1994,10,1994-10-01
-0.842465937137604,-106.75,34.25,"SEV_BLUE",1994,10,1994-10-01
-1.47722887992859,-104.75,40.75,"SGS",1994,10,1994-10-01
-0.749150216579437,-104.75,41.25,"CHY",1994,11,1994-11-01
-0.0744986087083817,-99.25,38.75,"HAYS",1994,11,1994-11-01
-0.563871800899506,-96.75,39.25,"KNZ",1994,11,1994-11-01
-0.778591752052307,-106.75,34.25,"SEV_BLACK",1994,11,1994-11-01
-0.778591752052307,-106.75,34.25,"SEV_BLUE",1994,11,1994-11-01
-0.758366048336029,-104.75,40.75,"SGS",1994,11,1994-11-01
-0.28957211971283,-104.75,41.25,"CHY",1994,12,1994-12-01
0.459106922149658,-99.25,38.75,"HAYS",1994,12,1994-12-01
-0.331778645515442,-96.75,39.25,"KNZ",1994,12,1994-12-01
-0.00746842613443732,-106.75,34.25,"SEV_BLACK",1994,12,1994-12-01
-0.00746842613443732,-106.75,34.25,"SEV_BLUE",1994,12,1994-12-01
-0.331781923770905,-104.75,40.75,"SGS",1994,12,1994-12-01
-0.4847651720047,-104.75,41.25,"CHY",1995,1,1995-01-01
-0.0477983057498932,-99.25,38.75,"HAYS",1995,1,1995-01-01
-0.536497533321381,-96.75,39.25,"KNZ",1995,1,1995-01-01
0.768983542919159,-106.75,34.25,"SEV_BLACK",1995,1,1995-01-01
0.768983542919159,-106.75,34.25,"SEV_BLUE",1995,1,1995-01-01
-0.228474140167236,-104.75,40.75,"SGS",1995,1,1995-01-01
-0.0402280874550343,-104.75,41.25,"CHY",1995,2,1995-02-01
0.0895478650927544,-99.25,38.75,"HAYS",1995,2,1995-02-01
-0.657382011413574,-96.75,39.25,"KNZ",1995,2,1995-02-01
0.754935503005981,-106.75,34.25,"SEV_BLACK",1995,2,1995-02-01
0.754935503005981,-106.75,34.25,"SEV_BLUE",1995,2,1995-02-01
-0.105375565588474,-104.75,40.75,"SGS",1995,2,1995-02-01
0.296203941106796,-104.75,41.25,"CHY",1995,3,1995-03-01
0.768063724040985,-99.25,38.75,"HAYS",1995,3,1995-03-01
0.449019461870193,-96.75,39.25,"KNZ",1995,3,1995-03-01
0.752987504005432,-106.75,34.25,"SEV_BLACK",1995,3,1995-03-01
0.752987504005432,-106.75,34.25,"SEV_BLUE",1995,3,1995-03-01
0.214958697557449,-104.75,40.75,"SGS",1995,3,1995-03-01
-0.0882412791252136,-104.75,41.25,"CHY",1995,4,1995-04-01
0.903790295124054,-99.25,38.75,"HAYS",1995,4,1995-04-01
0.779407501220703,-96.75,39.25,"KNZ",1995,4,1995-04-01
0.523031830787659,-106.75,34.25,"SEV_BLACK",1995,4,1995-04-01
0.523031830787659,-106.75,34.25,"SEV_BLUE",1995,4,1995-04-01
0.295698523521423,-104.75,40.75,"SGS",1995,4,1995-04-01
1.66406404972076,-104.75,41.25,"CHY",1995,5,1995-05-01
1.85244858264923,-99.25,38.75,"HAYS",1995,5,1995-05-01
2.01151490211487,-96.75,39.25,"KNZ",1995,5,1995-05-01
-0.148683413863182,-106.75,34.25,"SEV_BLACK",1995,5,1995-05-01
-0.148683413863182,-106.75,34.25,"SEV_BLUE",1995,5,1995-05-01
1.63804125785828,-104.75,40.75,"SGS",1995,5,1995-05-01
2.23268389701843,-104.75,41.25,"CHY",1995,6,1995-06-01
1.78597915172577,-99.25,38.75,"HAYS",1995,6,1995-06-01
1.72854197025299,-96.75,39.25,"KNZ",1995,6,1995-06-01
-0.511893093585968,-106.75,34.25,"SEV_BLACK",1995,6,1995-06-01
-0.511893093585968,-106.75,34.25,"SEV_BLUE",1995,6,1995-06-01
2.2476499080658,-104.75,40.75,"SGS",1995,6,1995-06-01
1.93150115013123,-104.75,41.25,"CHY",1995,7,1995-07-01
1.35428500175476,-99.25,38.75,"HAYS",1995,7,1995-07-01
1.43337500095367,-96.75,39.25,"KNZ",1995,7,1995-07-01
-1.28045666217804,-106.75,34.25,"SEV_BLACK",1995,7,1995-07-01
-1.28045666217804,-106.75,34.25,"SEV_BLUE",1995,7,1995-07-01
1.99230396747589,-104.75,40.75,"SGS",1995,7,1995-07-01
1.51317381858826,-104.75,41.25,"CHY",1995,8,1995-08-01
1.17763900756836,-99.25,38.75,"HAYS",1995,8,1995-08-01
1.45519185066223,-96.75,39.25,"KNZ",1995,8,1995-08-01
-1.40687024593353,-106.75,34.25,"SEV_BLACK",1995,8,1995-08-01
-1.40687024593353,-106.75,34.25,"SEV_BLUE",1995,8,1995-08-01
1.69705545902252,-104.75,40.75,"SGS",1995,8,1995-08-01
1.9389990568161,-104.75,41.25,"CHY",1995,9,1995-09-01
1.20400762557983,-99.25,38.75,"HAYS",1995,9,1995-09-01
1.24654054641724,-96.75,39.25,"KNZ",1995,9,1995-09-01
-1.0217022895813,-106.75,34.25,"SEV_BLACK",1995,9,1995-09-01
-1.0217022895813,-106.75,34.25,"SEV_BLUE",1995,9,1995-09-01
2.15118098258972,-104.75,40.75,"SGS",1995,9,1995-09-01
1.90382027626038,-104.75,41.25,"CHY",1995,10,1995-10-01
0.817657470703125,-99.25,38.75,"HAYS",1995,10,1995-10-01
0.876105785369873,-96.75,39.25,"KNZ",1995,10,1995-10-01
-1.55628407001495,-106.75,34.25,"SEV_BLACK",1995,10,1995-10-01
-1.55628407001495,-106.75,34.25,"SEV_BLUE",1995,10,1995-10-01
1.94520390033722,-104.75,40.75,"SGS",1995,10,1995-10-01
0.72059154510498,-104.75,41.25,"CHY",1995,11,1995-11-01
-0.427930504083633,-99.25,38.75,"HAYS",1995,11,1995-11-01
-0.300492435693741,-96.75,39.25,"KNZ",1995,11,1995-11-01
-1.74045491218567,-106.75,34.25,"SEV_BLACK",1995,11,1995-11-01
-1.74045491218567,-106.75,34.25,"SEV_BLUE",1995,11,1995-11-01
0.822173774242401,-104.75,40.75,"SGS",1995,11,1995-11-01
-0.436025202274323,-104.75,41.25,"CHY",1995,12,1995-12-01
-0.706308901309967,-99.25,38.75,"HAYS",1995,12,1995-12-01
-0.437794238328934,-96.75,39.25,"KNZ",1995,12,1995-12-01
-1.87349092960358,-106.75,34.25,"SEV_BLACK",1995,12,1995-12-01
-1.87349092960358,-106.75,34.25,"SEV_BLUE",1995,12,1995-12-01
-0.287515014410019,-104.75,40.75,"SGS",1995,12,1995-12-01
-0.0761880129575729,-104.75,41.25,"CHY",1996,1,1996-01-01
-0.577788710594177,-99.25,38.75,"HAYS",1996,1,1996-01-01
-0.59932154417038,-96.75,39.25,"KNZ",1996,1,1996-01-01
-1.69551646709442,-106.75,34.25,"SEV_BLACK",1996,1,1996-01-01
-1.69551646709442,-106.75,34.25,"SEV_BLUE",1996,1,1996-01-01
-0.0730521604418755,-104.75,40.75,"SGS",1996,1,1996-01-01
0.605409264564514,-104.75,41.25,"CHY",1996,2,1996-02-01
-0.446649372577667,-99.25,38.75,"HAYS",1996,2,1996-02-01
-0.803637325763702,-96.75,39.25,"KNZ",1996,2,1996-02-01
-1.70639801025391,-106.75,34.25,"SEV_BLACK",1996,2,1996-02-01
-1.70639801025391,-106.75,34.25,"SEV_BLUE",1996,2,1996-02-01
0.425720274448395,-104.75,40.75,"SGS",1996,2,1996-02-01
-0.146931201219559,-104.75,41.25,"CHY",1996,3,1996-03-01
-0.612905442714691,-99.25,38.75,"HAYS",1996,3,1996-03-01
-1.10974037647247,-96.75,39.25,"KNZ",1996,3,1996-03-01
-2.08482074737549,-106.75,34.25,"SEV_BLACK",1996,3,1996-03-01
-2.08482074737549,-106.75,34.25,"SEV_BLUE",1996,3,1996-03-01
-0.21149480342865,-104.75,40.75,"SGS",1996,3,1996-03-01
-0.546798586845398,-104.75,41.25,"CHY",1996,4,1996-04-01
-0.799270153045654,-99.25,38.75,"HAYS",1996,4,1996-04-01
-1.0291965007782,-96.75,39.25,"KNZ",1996,4,1996-04-01
-1.82297420501709,-106.75,34.25,"SEV_BLACK",1996,4,1996-04-01
-1.82297420501709,-106.75,34.25,"SEV_BLUE",1996,4,1996-04-01
-0.674455106258392,-104.75,40.75,"SGS",1996,4,1996-04-01
0.212414115667343,-104.75,41.25,"CHY",1996,5,1996-05-01
0.410915583372116,-99.25,38.75,"HAYS",1996,5,1996-05-01
0.476049393415451,-96.75,39.25,"KNZ",1996,5,1996-05-01
-2.09416103363037,-106.75,34.25,"SEV_BLACK",1996,5,1996-05-01
-2.09416103363037,-106.75,34.25,"SEV_BLUE",1996,5,1996-05-01
-0.0490503683686256,-104.75,40.75,"SGS",1996,5,1996-05-01
-0.0596717447042465,-104.75,41.25,"CHY",1996,6,1996-06-01
0.540187418460846,-99.25,38.75,"HAYS",1996,6,1996-06-01
0.131067290902138,-96.75,39.25,"KNZ",1996,6,1996-06-01
-1.43287122249603,-106.75,34.25,"SEV_BLACK",1996,6,1996-06-01
-1.43287122249603,-106.75,34.25,"SEV_BLUE",1996,6,1996-06-01
-0.068642869591713,-104.75,40.75,"SGS",1996,6,1996-06-01
-0.400626003742218,-104.75,41.25,"CHY",1996,7,1996-07-01
0.840613603591919,-99.25,38.75,"HAYS",1996,7,1996-07-01
0.139312624931335,-96.75,39.25,"KNZ",1996,7,1996-07-01
-1.3272168636322,-106.75,34.25,"SEV_BLACK",1996,7,1996-07-01
-1.3272168636322,-106.75,34.25,"SEV_BLUE",1996,7,1996-07-01
-0.269640326499939,-104.75,40.75,"SGS",1996,7,1996-07-01
-0.305367529392242,-104.75,41.25,"CHY",1996,8,1996-08-01
1.49688076972961,-99.25,38.75,"HAYS",1996,8,1996-08-01
0.680070281028748,-96.75,39.25,"KNZ",1996,8,1996-08-01
-1.15780675411224,-106.75,34.25,"SEV_BLACK",1996,8,1996-08-01
-1.15780675411224,-106.75,34.25,"SEV_BLUE",1996,8,1996-08-01
-0.234193369746208,-104.75,40.75,"SGS",1996,8,1996-08-01
-0.00113580969627947,-104.75,41.25,"CHY",1996,9,1996-09-01
1.81191825866699,-99.25,38.75,"HAYS",1996,9,1996-09-01
0.919359683990479,-96.75,39.25,"KNZ",1996,9,1996-09-01
-0.52552205324173,-106.75,34.25,"SEV_BLACK",1996,9,1996-09-01
-0.52552205324173,-106.75,34.25,"SEV_BLUE",1996,9,1996-09-01
0.178216010332108,-104.75,40.75,"SGS",1996,9,1996-09-01
0.191816091537476,-104.75,41.25,"CHY",1996,10,1996-10-01
1.96314179897308,-99.25,38.75,"HAYS",1996,10,1996-10-01
1.08183681964874,-96.75,39.25,"KNZ",1996,10,1996-10-01
0.0681780725717545,-106.75,34.25,"SEV_BLACK",1996,10,1996-10-01
0.0681780725717545,-106.75,34.25,"SEV_BLUE",1996,10,1996-10-01
0.409787505865097,-104.75,40.75,"SGS",1996,10,1996-10-01
-0.218616545200348,-104.75,41.25,"CHY",1996,11,1996-11-01
1.98526811599731,-99.25,38.75,"HAYS",1996,11,1996-11-01
0.889498889446259,-96.75,39.25,"KNZ",1996,11,1996-11-01
0.629604697227478,-106.75,34.25,"SEV_BLACK",1996,11,1996-11-01
0.629604697227478,-106.75,34.25,"SEV_BLUE",1996,11,1996-11-01
0.0832980573177338,-104.75,40.75,"SGS",1996,11,1996-11-01
-0.155949577689171,-104.75,41.25,"CHY",1996,12,1996-12-01
2.06241035461426,-99.25,38.75,"HAYS",1996,12,1996-12-01
1.1297459602356,-96.75,39.25,"KNZ",1996,12,1996-12-01
-0.167311117053032,-106.75,34.25,"SEV_BLACK",1996,12,1996-12-01
-0.167311117053032,-106.75,34.25,"SEV_BLUE",1996,12,1996-12-01
0.0477555729448795,-104.75,40.75,"SGS",1996,12,1996-12-01
0.324036955833435,-104.75,41.25,"CHY",1997,1,1997-01-01
2.0212562084198,-99.25,38.75,"HAYS",1997,1,1997-01-01
1.22475397586823,-96.75,39.25,"KNZ",1997,1,1997-01-01
0.189786568284035,-106.75,34.25,"SEV_BLACK",1997,1,1997-01-01
0.189786568284035,-106.75,34.25,"SEV_BLUE",1997,1,1997-01-01
0.416418671607971,-104.75,40.75,"SGS",1997,1,1997-01-01
0.53952544927597,-104.75,41.25,"CHY",1997,2,1997-02-01
1.62173187732697,-99.25,38.75,"HAYS",1997,2,1997-02-01
1.08105552196503,-96.75,39.25,"KNZ",1997,2,1997-02-01
0.519155263900757,-106.75,34.25,"SEV_BLACK",1997,2,1997-02-01
0.519155263900757,-106.75,34.25,"SEV_BLUE",1997,2,1997-02-01
0.827717065811157,-104.75,40.75,"SGS",1997,2,1997-02-01
-0.435047268867493,-104.75,41.25,"CHY",1997,3,1997-03-01
0.202656835317612,-99.25,38.75,"HAYS",1997,3,1997-03-01
0.293523728847504,-96.75,39.25,"KNZ",1997,3,1997-03-01
-0.0517811700701714,-106.75,34.25,"SEV_BLACK",1997,3,1997-03-01
-0.0517811700701714,-106.75,34.25,"SEV_BLUE",1997,3,1997-03-01
-0.473759114742279,-104.75,40.75,"SGS",1997,3,1997-03-01
0.354449599981308,-104.75,41.25,"CHY",1997,4,1997-04-01
0.678223431110382,-99.25,38.75,"HAYS",1997,4,1997-04-01
1.01891791820526,-96.75,39.25,"KNZ",1997,4,1997-04-01
0.466304272413254,-106.75,34.25,"SEV_BLACK",1997,4,1997-04-01
0.466304272413254,-106.75,34.25,"SEV_BLUE",1997,4,1997-04-01
0.566585302352905,-104.75,40.75,"SGS",1997,4,1997-04-01
0.725107789039612,-104.75,41.25,"CHY",1997,5,1997-05-01
0.0209841318428516,-99.25,38.75,"HAYS",1997,5,1997-05-01
0.206581935286522,-96.75,39.25,"KNZ",1997,5,1997-05-01
0.766576588153839,-106.75,34.25,"SEV_BLACK",1997,5,1997-05-01
0.766576588153839,-106.75,34.25,"SEV_BLUE",1997,5,1997-05-01
0.760170340538025,-104.75,40.75,"SGS",1997,5,1997-05-01
1.05368614196777,-104.75,41.25,"CHY",1997,6,1997-06-01
0.407312661409378,-99.25,38.75,"HAYS",1997,6,1997-06-01
0.262587457895279,-96.75,39.25,"KNZ",1997,6,1997-06-01
1.50484502315521,-106.75,34.25,"SEV_BLACK",1997,6,1997-06-01
1.50484502315521,-106.75,34.25,"SEV_BLUE",1997,6,1997-06-01
1.20160162448883,-104.75,40.75,"SGS",1997,6,1997-06-01
1.2582870721817,-104.75,41.25,"CHY",1997,7,1997-07-01
0.554386854171753,-99.25,38.75,"HAYS",1997,7,1997-07-01
0.356362789869308,-96.75,39.25,"KNZ",1997,7,1997-07-01
1.52851116657257,-106.75,34.25,"SEV_BLACK",1997,7,1997-07-01
1.52851116657257,-106.75,34.25,"SEV_BLUE",1997,7,1997-07-01
1.38369822502136,-104.75,40.75,"SGS",1997,7,1997-07-01
1.6105397939682,-104.75,41.25,"CHY",1997,8,1997-08-01
0.920287430286407,-99.25,38.75,"HAYS",1997,8,1997-08-01
0.189317315816879,-96.75,39.25,"KNZ",1997,8,1997-08-01
1.60892856121063,-106.75,34.25,"SEV_BLACK",1997,8,1997-08-01
1.60892856121063,-106.75,34.25,"SEV_BLUE",1997,8,1997-08-01
1.80545079708099,-104.75,40.75,"SGS",1997,8,1997-08-01
1.86236929893494,-104.75,41.25,"CHY",1997,9,1997-09-01
1.2995194196701,-99.25,38.75,"HAYS",1997,9,1997-09-01
0.491434216499329,-96.75,39.25,"KNZ",1997,9,1997-09-01
2.25418615341187,-106.75,34.25,"SEV_BLACK",1997,9,1997-09-01
2.25418615341187,-106.75,34.25,"SEV_BLUE",1997,9,1997-09-01
2.05353999137878,-104.75,40.75,"SGS",1997,9,1997-09-01
1.81127607822418,-104.75,41.25,"CHY",1997,10,1997-10-01
1.36124980449677,-99.25,38.75,"HAYS",1997,10,1997-10-01
0.352490991353989,-96.75,39.25,"KNZ",1997,10,1997-10-01
1.6120685338974,-106.75,34.25,"SEV_BLACK",1997,10,1997-10-01
1.6120685338974,-106.75,34.25,"SEV_BLUE",1997,10,1997-10-01
2.01222014427185,-104.75,40.75,"SGS",1997,10,1997-10-01
1.76939594745636,-104.75,41.25,"CHY",1997,11,1997-11-01
1.47063755989075,-99.25,38.75,"HAYS",1997,11,1997-11-01
0.527607440948486,-96.75,39.25,"KNZ",1997,11,1997-11-01
1.52232766151428,-106.75,34.25,"SEV_BLACK",1997,11,1997-11-01
1.52232766151428,-106.75,34.25,"SEV_BLUE",1997,11,1997-11-01
2.06392073631287,-104.75,40.75,"SGS",1997,11,1997-11-01
1.92119944095612,-104.75,41.25,"CHY",1997,12,1997-12-01
1.79043960571289,-99.25,38.75,"HAYS",1997,12,1997-12-01
0.90334951877594,-96.75,39.25,"KNZ",1997,12,1997-12-01
1.56924486160278,-106.75,34.25,"SEV_BLACK",1997,12,1997-12-01
1.56924486160278,-106.75,34.25,"SEV_BLUE",1997,12,1997-12-01
2.14000916481018,-104.75,40.75,"SGS",1997,12,1997-12-01
1.6821790933609,-104.75,41.25,"CHY",1998,1,1998-01-01
2.03661227226257,-99.25,38.75,"HAYS",1998,1,1998-01-01
1.02087140083313,-96.75,39.25,"KNZ",1998,1,1998-01-01
1.36741995811462,-106.75,34.25,"SEV_BLACK",1998,1,1998-01-01
1.36741995811462,-106.75,34.25,"SEV_BLUE",1998,1,1998-01-01
1.88859272003174,-104.75,40.75,"SGS",1998,1,1998-01-01
1.17675769329071,-104.75,41.25,"CHY",1998,2,1998-02-01
1.68082439899445,-99.25,38.75,"HAYS",1998,2,1998-02-01
1.18214094638824,-96.75,39.25,"KNZ",1998,2,1998-02-01
1.46335458755493,-106.75,34.25,"SEV_BLACK",1998,2,1998-02-01
1.46335458755493,-106.75,34.25,"SEV_BLUE",1998,2,1998-02-01
1.26602780818939,-104.75,40.75,"SGS",1998,2,1998-02-01
1.22319579124451,-104.75,41.25,"CHY",1998,3,1998-03-01
1.90195822715759,-99.25,38.75,"HAYS",1998,3,1998-03-01
1.8796112537384,-96.75,39.25,"KNZ",1998,3,1998-03-01
1.19485008716583,-106.75,34.25,"SEV_BLACK",1998,3,1998-03-01
1.19485008716583,-106.75,34.25,"SEV_BLUE",1998,3,1998-03-01
1.31049704551697,-104.75,40.75,"SGS",1998,3,1998-03-01
0.91381561756134,-104.75,41.25,"CHY",1998,4,1998-04-01
1.70361304283142,-99.25,38.75,"HAYS",1998,4,1998-04-01
1.7046285867691,-96.75,39.25,"KNZ",1998,4,1998-04-01
1.44563269615173,-106.75,34.25,"SEV_BLACK",1998,4,1998-04-01
1.44563269615173,-106.75,34.25,"SEV_BLUE",1998,4,1998-04-01
1.04639375209808,-104.75,40.75,"SGS",1998,4,1998-04-01
0.420795887708664,-104.75,41.25,"CHY",1998,5,1998-05-01
1.28533482551575,-99.25,38.75,"HAYS",1998,5,1998-05-01
0.83335155248642,-96.75,39.25,"KNZ",1998,5,1998-05-01
1.16867005825043,-106.75,34.25,"SEV_BLACK",1998,5,1998-05-01
1.16867005825043,-106.75,34.25,"SEV_BLUE",1998,5,1998-05-01
0.387085974216461,-104.75,40.75,"SGS",1998,5,1998-05-01
0.648150026798248,-104.75,41.25,"CHY",1998,6,1998-06-01
0.590521395206451,-99.25,38.75,"HAYS",1998,6,1998-06-01
0.683972835540771,-96.75,39.25,"KNZ",1998,6,1998-06-01
0.496716111898422,-106.75,34.25,"SEV_BLACK",1998,6,1998-06-01
0.496716111898422,-106.75,34.25,"SEV_BLUE",1998,6,1998-06-01
0.465956509113312,-104.75,40.75,"SGS",1998,6,1998-06-01
1.10631418228149,-104.75,41.25,"CHY",1998,7,1998-07-01
1.36904454231262,-99.25,38.75,"HAYS",1998,7,1998-07-01
1.30929124355316,-96.75,39.25,"KNZ",1998,7,1998-07-01
1.40565156936646,-106.75,34.25,"SEV_BLACK",1998,7,1998-07-01
1.40565156936646,-106.75,34.25,"SEV_BLUE",1998,7,1998-07-01
1.25783538818359,-104.75,40.75,"SGS",1998,7,1998-07-01
1.16907179355621,-104.75,41.25,"CHY",1998,8,1998-08-01
1.15826272964478,-99.25,38.75,"HAYS",1998,8,1998-08-01
0.960746705532074,-96.75,39.25,"KNZ",1998,8,1998-08-01
1.26247656345367,-106.75,34.25,"SEV_BLACK",1998,8,1998-08-01
1.26247656345367,-106.75,34.25,"SEV_BLUE",1998,8,1998-08-01
1.12743699550629,-104.75,40.75,"SGS",1998,8,1998-08-01
0.684031546115875,-104.75,41.25,"CHY",1998,9,1998-09-01
0.348087430000305,-99.25,38.75,"HAYS",1998,9,1998-09-01
0.357542008161545,-96.75,39.25,"KNZ",1998,9,1998-09-01
0.413801938295364,-106.75,34.25,"SEV_BLACK",1998,9,1998-09-01
0.413801938295364,-106.75,34.25,"SEV_BLUE",1998,9,1998-09-01
0.677907466888428,-104.75,40.75,"SGS",1998,9,1998-09-01
1.14109218120575,-104.75,41.25,"CHY",1998,10,1998-10-01
0.389553278684616,-99.25,38.75,"HAYS",1998,10,1998-10-01
0.442572325468063,-96.75,39.25,"KNZ",1998,10,1998-10-01
0.9912428855896,-106.75,34.25,"SEV_BLACK",1998,10,1998-10-01
0.9912428855896,-106.75,34.25,"SEV_BLUE",1998,10,1998-10-01
1.07823288440704,-104.75,40.75,"SGS",1998,10,1998-10-01
1.46787762641907,-104.75,41.25,"CHY",1998,11,1998-11-01
1.05499935150146,-99.25,38.75,"HAYS",1998,11,1998-11-01
1.4242250919342,-96.75,39.25,"KNZ",1998,11,1998-11-01
1.19391226768494,-106.75,34.25,"SEV_BLACK",1998,11,1998-11-01
1.19391226768494,-106.75,34.25,"SEV_BLUE",1998,11,1998-11-01
1.44255316257477,-104.75,40.75,"SGS",1998,11,1998-11-01
1.46189785003662,-104.75,41.25,"CHY",1998,12,1998-12-01
1.33975088596344,-99.25,38.75,"HAYS",1998,12,1998-12-01
1.29944920539856,-96.75,39.25,"KNZ",1998,12,1998-12-01
1.15261220932007,-106.75,34.25,"SEV_BLACK",1998,12,1998-12-01
1.15261220932007,-106.75,34.25,"SEV_BLUE",1998,12,1998-12-01
1.43942105770111,-104.75,40.75,"SGS",1998,12,1998-12-01
0.944416522979736,-104.75,41.25,"CHY",1999,1,1999-01-01
0.616906464099884,-99.25,38.75,"HAYS",1999,1,1999-01-01
0.662021040916443,-96.75,39.25,"KNZ",1999,1,1999-01-01
0.143464475870132,-106.75,34.25,"SEV_BLACK",1999,1,1999-01-01
0.143464475870132,-106.75,34.25,"SEV_BLUE",1999,1,1999-01-01
0.46093875169754,-104.75,40.75,"SGS",1999,1,1999-01-01
0.0640966817736626,-104.75,41.25,"CHY",1999,2,1999-02-01
0.207793638110161,-99.25,38.75,"HAYS",1999,2,1999-02-01
0.811353623867035,-96.75,39.25,"KNZ",1999,2,1999-02-01
-0.306882679462433,-106.75,34.25,"SEV_BLACK",1999,2,1999-02-01
-0.306882679462433,-106.75,34.25,"SEV_BLUE",1999,2,1999-02-01
-0.0362070016562939,-104.75,40.75,"SGS",1999,2,1999-02-01
0.0959639623761177,-104.75,41.25,"CHY",1999,3,1999-03-01
0.889259815216064,-99.25,38.75,"HAYS",1999,3,1999-03-01
0.877741098403931,-96.75,39.25,"KNZ",1999,3,1999-03-01
0.345221549272537,-106.75,34.25,"SEV_BLACK",1999,3,1999-03-01
0.345221549272537,-106.75,34.25,"SEV_BLUE",1999,3,1999-03-01
-0.090328074991703,-104.75,40.75,"SGS",1999,3,1999-03-01
0.40536242723465,-104.75,41.25,"CHY",1999,4,1999-04-01
1.25120794773102,-99.25,38.75,"HAYS",1999,4,1999-04-01
1.43239283561707,-96.75,39.25,"KNZ",1999,4,1999-04-01
-0.339387685060501,-106.75,34.25,"SEV_BLACK",1999,4,1999-04-01
-0.339387685060501,-106.75,34.25,"SEV_BLUE",1999,4,1999-04-01
0.260759890079498,-104.75,40.75,"SGS",1999,4,1999-04-01
0.310954004526138,-104.75,41.25,"CHY",1999,5,1999-05-01
0.833838522434235,-99.25,38.75,"HAYS",1999,5,1999-05-01
1.28405261039734,-96.75,39.25,"KNZ",1999,5,1999-05-01
0.029793543741107,-106.75,34.25,"SEV_BLACK",1999,5,1999-05-01
0.029793543741107,-106.75,34.25,"SEV_BLUE",1999,5,1999-05-01
0.336072027683258,-104.75,40.75,"SGS",1999,5,1999-05-01
0.401571452617645,-104.75,41.25,"CHY",1999,6,1999-06-01
1.1543515920639,-99.25,38.75,"HAYS",1999,6,1999-06-01
1.48751389980316,-96.75,39.25,"KNZ",1999,6,1999-06-01
0.689159870147705,-106.75,34.25,"SEV_BLACK",1999,6,1999-06-01
0.689159870147705,-106.75,34.25,"SEV_BLUE",1999,6,1999-06-01
0.324089586734772,-104.75,40.75,"SGS",1999,6,1999-06-01
0.406067937612534,-104.75,41.25,"CHY",1999,7,1999-07-01
1.10616707801819,-99.25,38.75,"HAYS",1999,7,1999-07-01
0.943149268627167,-96.75,39.25,"KNZ",1999,7,1999-07-01
1.30445384979248,-106.75,34.25,"SEV_BLACK",1999,7,1999-07-01
1.30445384979248,-106.75,34.25,"SEV_BLUE",1999,7,1999-07-01
0.480603665113449,-104.75,40.75,"SGS",1999,7,1999-07-01
0.862872242927551,-104.75,41.25,"CHY",1999,8,1999-08-01
1.44474673271179,-99.25,38.75,"HAYS",1999,8,1999-08-01
0.857156932353973,-96.75,39.25,"KNZ",1999,8,1999-08-01
2.14395833015442,-106.75,34.25,"SEV_BLACK",1999,8,1999-08-01
2.14395833015442,-106.75,34.25,"SEV_BLUE",1999,8,1999-08-01
1.01296877861023,-104.75,40.75,"SGS",1999,8,1999-08-01
1.48836040496826,-104.75,41.25,"CHY",1999,9,1999-09-01
1.39853477478027,-99.25,38.75,"HAYS",1999,9,1999-09-01
0.82226175069809,-96.75,39.25,"KNZ",1999,9,1999-09-01
2.20864343643188,-106.75,34.25,"SEV_BLACK",1999,9,1999-09-01
2.20864343643188,-106.75,34.25,"SEV_BLUE",1999,9,1999-09-01
1.67606854438782,-104.75,40.75,"SGS",1999,9,1999-09-01
0.665741741657257,-104.75,41.25,"CHY",1999,10,1999-10-01
0.682578444480896,-99.25,38.75,"HAYS",1999,10,1999-10-01
-0.132108613848686,-96.75,39.25,"KNZ",1999,10,1999-10-01
1.70334923267365,-106.75,34.25,"SEV_BLACK",1999,10,1999-10-01
1.70334923267365,-106.75,34.25,"SEV_BLUE",1999,10,1999-10-01
0.852058470249176,-104.75,40.75,"SGS",1999,10,1999-10-01
0.333338260650635,-104.75,41.25,"CHY",1999,11,1999-11-01
0.303121775388718,-99.25,38.75,"HAYS",1999,11,1999-11-01
-0.787728726863861,-96.75,39.25,"KNZ",1999,11,1999-11-01
1.25807857513428,-106.75,34.25,"SEV_BLACK",1999,11,1999-11-01
1.25807857513428,-106.75,34.25,"SEV_BLUE",1999,11,1999-11-01
0.500502943992615,-104.75,40.75,"SGS",1999,11,1999-11-01
-0.121480002999306,-104.75,41.25,"CHY",1999,12,1999-12-01
-0.211465403437614,-99.25,38.75,"HAYS",1999,12,1999-12-01
-1.29196071624756,-96.75,39.25,"KNZ",1999,12,1999-12-01
0.770199298858643,-106.75,34.25,"SEV_BLACK",1999,12,1999-12-01
0.770199298858643,-106.75,34.25,"SEV_BLUE",1999,12,1999-12-01
0.259036093950272,-104.75,40.75,"SGS",1999,12,1999-12-01
-0.320059359073639,-104.75,41.25,"CHY",2000,1,2000-01-01
-0.770027160644531,-99.25,38.75,"HAYS",2000,1,2000-01-01
-1.50629770755768,-96.75,39.25,"KNZ",2000,1,2000-01-01
0.0753272846341133,-106.75,34.25,"SEV_BLACK",2000,1,2000-01-01
0.0753272846341133,-106.75,34.25,"SEV_BLUE",2000,1,2000-01-01
-0.11319774389267,-104.75,40.75,"SGS",2000,1,2000-01-01
-0.96635764837265,-104.75,41.25,"CHY",2000,2,2000-02-01
-1.3469477891922,-99.25,38.75,"HAYS",2000,2,2000-02-01
-1.2728283405304,-96.75,39.25,"KNZ",2000,2,2000-02-01
-1.12664198875427,-106.75,34.25,"SEV_BLACK",2000,2,2000-02-01
-1.12664198875427,-106.75,34.25,"SEV_BLUE",2000,2,2000-02-01
-0.982814371585846,-104.75,40.75,"SGS",2000,2,2000-02-01
-1.6880806684494,-104.75,41.25,"CHY",2000,3,2000-03-01
-0.22747927904129,-99.25,38.75,"HAYS",2000,3,2000-03-01
-1.13645887374878,-96.75,39.25,"KNZ",2000,3,2000-03-01
-1.07920825481415,-106.75,34.25,"SEV_BLACK",2000,3,2000-03-01
-1.07920825481415,-106.75,34.25,"SEV_BLUE",2000,3,2000-03-01
-1.63139116764069,-104.75,40.75,"SGS",2000,3,2000-03-01
-1.5461859703064,-104.75,41.25,"CHY",2000,4,2000-04-01
0.12995333969593,-99.25,38.75,"HAYS",2000,4,2000-04-01
-0.682948529720306,-96.75,39.25,"KNZ",2000,4,2000-04-01
-0.99713009595871,-106.75,34.25,"SEV_BLACK",2000,4,2000-04-01
-0.99713009595871,-106.75,34.25,"SEV_BLUE",2000,4,2000-04-01
-1.61442720890045,-104.75,40.75,"SGS",2000,4,2000-04-01
-1.05917251110077,-104.75,41.25,"CHY",2000,5,2000-05-01
0.317023456096649,-99.25,38.75,"HAYS",2000,5,2000-05-01
-0.966254711151123,-96.75,39.25,"KNZ",2000,5,2000-05-01
-1.04722714424133,-106.75,34.25,"SEV_BLACK",2000,5,2000-05-01
-1.04722714424133,-106.75,34.25,"SEV_BLUE",2000,5,2000-05-01
-1.29782176017761,-104.75,40.75,"SGS",2000,5,2000-05-01
-1.24845361709595,-104.75,41.25,"CHY",2000,6,2000-06-01
0.228238165378571,-99.25,38.75,"HAYS",2000,6,2000-06-01
-0.54608029127121,-96.75,39.25,"KNZ",2000,6,2000-06-01
-0.138237044215202,-106.75,34.25,"SEV_BLACK",2000,6,2000-06-01
-0.138237044215202,-106.75,34.25,"SEV_BLUE",2000,6,2000-06-01
-1.3942403793335,-104.75,40.75,"SGS",2000,6,2000-06-01
-1.19447636604309,-104.75,41.25,"CHY",2000,7,2000-07-01
0.584603130817413,-99.25,38.75,"HAYS",2000,7,2000-07-01
-0.165110945701599,-96.75,39.25,"KNZ",2000,7,2000-07-01
0.0399015247821808,-106.75,34.25,"SEV_BLACK",2000,7,2000-07-01
0.0399015247821808,-106.75,34.25,"SEV_BLUE",2000,7,2000-07-01
-1.22646367549896,-104.75,40.75,"SGS",2000,7,2000-07-01
-1.20520460605621,-104.75,41.25,"CHY",2000,8,2000-08-01
-0.0426019206643105,-99.25,38.75,"HAYS",2000,8,2000-08-01
-0.763361811637878,-96.75,39.25,"KNZ",2000,8,2000-08-01
0.0388003066182137,-106.75,34.25,"SEV_BLACK",2000,8,2000-08-01
0.0388003066182137,-106.75,34.25,"SEV_BLUE",2000,8,2000-08-01
-1.1312347650528,-104.75,40.75,"SGS",2000,8,2000-08-01
-1.01281476020813,-104.75,41.25,"CHY",2000,9,2000-09-01
-1.01633214950562,-99.25,38.75,"HAYS",2000,9,2000-09-01
-1.2003401517868,-96.75,39.25,"KNZ",2000,9,2000-09-01
-0.804900169372559,-106.75,34.25,"SEV_BLACK",2000,9,2000-09-01
-0.804900169372559,-106.75,34.25,"SEV_BLUE",2000,9,2000-09-01
-1.04714894294739,-104.75,40.75,"SGS",2000,9,2000-09-01
-0.756902992725372,-104.75,41.25,"CHY",2000,10,2000-10-01
-0.582571387290955,-99.25,38.75,"HAYS",2000,10,2000-10-01
-0.867369532585144,-96.75,39.25,"KNZ",2000,10,2000-10-01
0.334362506866455,-106.75,34.25,"SEV_BLACK",2000,10,2000-10-01
0.334362506866455,-106.75,34.25,"SEV_BLUE",2000,10,2000-10-01
-0.667105793952942,-104.75,40.75,"SGS",2000,10,2000-10-01
-0.190824627876282,-104.75,41.25,"CHY",2000,11,2000-11-01
-0.233584016561508,-99.25,38.75,"HAYS",2000,11,2000-11-01
-0.434041857719421,-96.75,39.25,"KNZ",2000,11,2000-11-01
1.07977449893951,-106.75,34.25,"SEV_BLACK",2000,11,2000-11-01
1.07977449893951,-106.75,34.25,"SEV_BLUE",2000,11,2000-11-01
-0.0605590157210827,-104.75,40.75,"SGS",2000,11,2000-11-01
0.570387959480286,-104.75,41.25,"CHY",2000,12,2000-12-01
-0.174129486083984,-99.25,38.75,"HAYS",2000,12,2000-12-01
-0.586049258708954,-96.75,39.25,"KNZ",2000,12,2000-12-01
0.535965204238892,-106.75,34.25,"SEV_BLACK",2000,12,2000-12-01
0.535965204238892,-106.75,34.25,"SEV_BLUE",2000,12,2000-12-01
0.585101127624512,-104.75,40.75,"SGS",2000,12,2000-12-01
1.01613664627075,-104.75,41.25,"CHY",2001,1,2001-01-01
-0.533514678478241,-99.25,38.75,"HAYS",2001,1,2001-01-01
-0.776144087314606,-96.75,39.25,"KNZ",2001,1,2001-01-01
0.944681346416473,-106.75,34.25,"SEV_BLACK",2001,1,2001-01-01
0.944681346416473,-106.75,34.25,"SEV_BLUE",2001,1,2001-01-01
0.931644141674042,-104.75,40.75,"SGS",2001,1,2001-01-01
1.52806234359741,-104.75,41.25,"CHY",2001,2,2001-02-01
1.05202543735504,-99.25,38.75,"HAYS",2001,2,2001-02-01
0.620308995246887,-96.75,39.25,"KNZ",2001,2,2001-02-01
1.34001433849335,-106.75,34.25,"SEV_BLACK",2001,2,2001-02-01
1.34001433849335,-106.75,34.25,"SEV_BLUE",2001,2,2001-02-01
1.3124852180481,-104.75,40.75,"SGS",2001,2,2001-02-01
1.08373939990997,-104.75,41.25,"CHY",2001,3,2001-03-01
1.58937561511993,-99.25,38.75,"HAYS",2001,3,2001-03-01
1.53352832794189,-96.75,39.25,"KNZ",2001,3,2001-03-01
1.88978576660156,-106.75,34.25,"SEV_BLACK",2001,3,2001-03-01
1.88978576660156,-106.75,34.25,"SEV_BLUE",2001,3,2001-03-01
1.05491852760315,-104.75,40.75,"SGS",2001,3,2001-03-01
1.19176864624023,-104.75,41.25,"CHY",2001,4,2001-04-01
1.09494209289551,-99.25,38.75,"HAYS",2001,4,2001-04-01
1.3303827047348,-96.75,39.25,"KNZ",2001,4,2001-04-01
1.26517510414124,-106.75,34.25,"SEV_BLACK",2001,4,2001-04-01
1.26517510414124,-106.75,34.25,"SEV_BLUE",2001,4,2001-04-01
0.953024923801422,-104.75,40.75,"SGS",2001,4,2001-04-01
0.307886034250259,-104.75,41.25,"CHY",2001,5,2001-05-01
1.39959788322449,-99.25,38.75,"HAYS",2001,5,2001-05-01
1.3877432346344,-96.75,39.25,"KNZ",2001,5,2001-05-01
0.743826806545258,-106.75,34.25,"SEV_BLACK",2001,5,2001-05-01
0.743826806545258,-106.75,34.25,"SEV_BLUE",2001,5,2001-05-01
0.437704861164093,-104.75,40.75,"SGS",2001,5,2001-05-01
-0.426856905221939,-104.75,41.25,"CHY",2001,6,2001-06-01
0.9979647397995,-99.25,38.75,"HAYS",2001,6,2001-06-01
1.42312371730804,-96.75,39.25,"KNZ",2001,6,2001-06-01
0.491583585739136,-106.75,34.25,"SEV_BLACK",2001,6,2001-06-01
0.491583585739136,-106.75,34.25,"SEV_BLUE",2001,6,2001-06-01
-0.193344995379448,-104.75,40.75,"SGS",2001,6,2001-06-01
-0.222166076302528,-104.75,41.25,"CHY",2001,7,2001-07-01
0.698254704475403,-99.25,38.75,"HAYS",2001,7,2001-07-01
1.29073762893677,-96.75,39.25,"KNZ",2001,7,2001-07-01
-0.0231969617307186,-106.75,34.25,"SEV_BLACK",2001,7,2001-07-01
-0.0231969617307186,-106.75,34.25,"SEV_BLUE",2001,7,2001-07-01
-0.143122419714928,-104.75,40.75,"SGS",2001,7,2001-07-01
-0.563941955566406,-104.75,41.25,"CHY",2001,8,2001-08-01
0.287633329629898,-99.25,38.75,"HAYS",2001,8,2001-08-01
1.00100660324097,-96.75,39.25,"KNZ",2001,8,2001-08-01
0.0036333822645247,-106.75,34.25,"SEV_BLACK",2001,8,2001-08-01
0.0036333822645247,-106.75,34.25,"SEV_BLUE",2001,8,2001-08-01
-0.480080097913742,-104.75,40.75,"SGS",2001,8,2001-08-01
-0.432714372873306,-104.75,41.25,"CHY",2001,9,2001-09-01
0.675104022026062,-99.25,38.75,"HAYS",2001,9,2001-09-01
1.22749507427216,-96.75,39.25,"KNZ",2001,9,2001-09-01
-0.569442927837372,-106.75,34.25,"SEV_BLACK",2001,9,2001-09-01
-0.569442927837372,-106.75,34.25,"SEV_BLUE",2001,9,2001-09-01
-0.430669844150543,-104.75,40.75,"SGS",2001,9,2001-09-01
-0.663512110710144,-104.75,41.25,"CHY",2001,10,2001-10-01
0.644213914871216,-99.25,38.75,"HAYS",2001,10,2001-10-01
1.18717205524445,-96.75,39.25,"KNZ",2001,10,2001-10-01
-0.872075617313385,-106.75,34.25,"SEV_BLACK",2001,10,2001-10-01
-0.872075617313385,-106.75,34.25,"SEV_BLUE",2001,10,2001-10-01
-0.637063026428223,-104.75,40.75,"SGS",2001,10,2001-10-01
-0.686967730522156,-104.75,41.25,"CHY",2001,11,2001-11-01
-0.00212748069316149,-99.25,38.75,"HAYS",2001,11,2001-11-01
0.935130953788757,-96.75,39.25,"KNZ",2001,11,2001-11-01
-0.589837610721588,-106.75,34.25,"SEV_BLACK",2001,11,2001-11-01
-0.589837610721588,-106.75,34.25,"SEV_BLUE",2001,11,2001-11-01
-0.765559375286102,-104.75,40.75,"SGS",2001,11,2001-11-01
-0.346273273229599,-104.75,41.25,"CHY",2001,12,2001-12-01
0.0717318877577782,-99.25,38.75,"HAYS",2001,12,2001-12-01
0.634383380413055,-96.75,39.25,"KNZ",2001,12,2001-12-01
-0.446829527616501,-106.75,34.25,"SEV_BLACK",2001,12,2001-12-01
-0.446829527616501,-106.75,34.25,"SEV_BLUE",2001,12,2001-12-01
-0.514125883579254,-104.75,40.75,"SGS",2001,12,2001-12-01
-0.992476463317871,-104.75,41.25,"CHY",2002,1,2002-01-01
0.0321882553398609,-99.25,38.75,"HAYS",2002,1,2002-01-01
0.425364375114441,-96.75,39.25,"KNZ",2002,1,2002-01-01
-0.359980076551437,-106.75,34.25,"SEV_BLACK",2002,1,2002-01-01
-0.359980076551437,-106.75,34.25,"SEV_BLUE",2002,1,2002-01-01
-0.889438807964325,-104.75,40.75,"SGS",2002,1,2002-01-01
-0.778656601905823,-104.75,41.25,"CHY",2002,2,2002-02-01
-0.00601177103817463,-99.25,38.75,"HAYS",2002,2,2002-02-01
0.1346645206213,-96.75,39.25,"KNZ",2002,2,2002-02-01
-0.638637363910675,-106.75,34.25,"SEV_BLACK",2002,2,2002-02-01
-0.638637363910675,-106.75,34.25,"SEV_BLUE",2002,2,2002-02-01
-0.719436883926392,-104.75,40.75,"SGS",2002,2,2002-02-01
-0.494768172502518,-104.75,41.25,"CHY",2002,3,2002-03-01
-0.887003183364868,-99.25,38.75,"HAYS",2002,3,2002-03-01
-0.792680859565735,-96.75,39.25,"KNZ",2002,3,2002-03-01
-0.675024926662445,-106.75,34.25,"SEV_BLACK",2002,3,2002-03-01
-0.675024926662445,-106.75,34.25,"SEV_BLUE",2002,3,2002-03-01
-0.418544441461563,-104.75,40.75,"SGS",2002,3,2002-03-01
-1.12029278278351,-104.75,41.25,"CHY",2002,4,2002-04-01
-0.939415276050568,-99.25,38.75,"HAYS",2002,4,2002-04-01
-0.844854295253754,-96.75,39.25,"KNZ",2002,4,2002-04-01
-0.430368781089783,-106.75,34.25,"SEV_BLACK",2002,4,2002-04-01
-0.430368781089783,-106.75,34.25,"SEV_BLUE",2002,4,2002-04-01
-1.02127695083618,-104.75,40.75,"SGS",2002,4,2002-04-01
-1.49163842201233,-104.75,41.25,"CHY",2002,5,2002-05-01
-0.988986849784851,-99.25,38.75,"HAYS",2002,5,2002-05-01
-0.0988494902849197,-96.75,39.25,"KNZ",2002,5,2002-05-01
-0.826572179794312,-106.75,34.25,"SEV_BLACK",2002,5,2002-05-01
-0.826572179794312,-106.75,34.25,"SEV_BLUE",2002,5,2002-05-01
-1.33322072029114,-104.75,40.75,"SGS",2002,5,2002-05-01
-1.79559540748596,-104.75,41.25,"CHY",2002,6,2002-06-01
-1.06380069255829,-99.25,38.75,"HAYS",2002,6,2002-06-01
-0.556586921215057,-96.75,39.25,"KNZ",2002,6,2002-06-01
-0.959063351154327,-106.75,34.25,"SEV_BLACK",2002,6,2002-06-01
-0.959063351154327,-106.75,34.25,"SEV_BLUE",2002,6,2002-06-01
-1.64068865776062,-104.75,40.75,"SGS",2002,6,2002-06-01
-1.97071528434753,-104.75,41.25,"CHY",2002,7,2002-07-01
-1.27315592765808,-99.25,38.75,"HAYS",2002,7,2002-07-01
-0.86950808763504,-96.75,39.25,"KNZ",2002,7,2002-07-01
-0.763863444328308,-106.75,34.25,"SEV_BLACK",2002,7,2002-07-01
-0.763863444328308,-106.75,34.25,"SEV_BLUE",2002,7,2002-07-01
-1.9388427734375,-104.75,40.75,"SGS",2002,7,2002-07-01
-1.62347733974457,-104.75,41.25,"CHY",2002,8,2002-08-01
-1.06067526340485,-99.25,38.75,"HAYS",2002,8,2002-08-01
-0.760042607784271,-96.75,39.25,"KNZ",2002,8,2002-08-01
-0.828847825527191,-106.75,34.25,"SEV_BLACK",2002,8,2002-08-01
-0.828847825527191,-106.75,34.25,"SEV_BLUE",2002,8,2002-08-01
-1.6822497844696,-104.75,40.75,"SGS",2002,8,2002-08-01
-1.70142364501953,-104.75,41.25,"CHY",2002,9,2002-09-01
-1.24999582767487,-99.25,38.75,"HAYS",2002,9,2002-09-01
-0.978949964046478,-96.75,39.25,"KNZ",2002,9,2002-09-01
-0.0167648438364267,-106.75,34.25,"SEV_BLACK",2002,9,2002-09-01
-0.0167648438364267,-106.75,34.25,"SEV_BLUE",2002,9,2002-09-01
-1.79558575153351,-104.75,40.75,"SGS",2002,9,2002-09-01
-1.20491087436676,-104.75,41.25,"CHY",2002,10,2002-10-01
-0.457582086324692,-99.25,38.75,"HAYS",2002,10,2002-10-01
-0.34590744972229,-96.75,39.25,"KNZ",2002,10,2002-10-01
0.472371160984039,-106.75,34.25,"SEV_BLACK",2002,10,2002-10-01
0.472371160984039,-106.75,34.25,"SEV_BLUE",2002,10,2002-10-01
-1.22573435306549,-104.75,40.75,"SGS",2002,10,2002-10-01
-0.762495815753937,-104.75,41.25,"CHY",2002,11,2002-11-01
-0.380457043647766,-99.25,38.75,"HAYS",2002,11,2002-11-01
-0.732283473014832,-96.75,39.25,"KNZ",2002,11,2002-11-01
0.734270691871643,-106.75,34.25,"SEV_BLACK",2002,11,2002-11-01
0.734270691871643,-106.75,34.25,"SEV_BLUE",2002,11,2002-11-01
-0.891233325004578,-104.75,40.75,"SGS",2002,11,2002-11-01
-0.212473899126053,-104.75,41.25,"CHY",2002,12,2002-12-01
-0.243555665016174,-99.25,38.75,"HAYS",2002,12,2002-12-01
-0.513902068138123,-96.75,39.25,"KNZ",2002,12,2002-12-01
1.11080169677734,-106.75,34.25,"SEV_BLACK",2002,12,2002-12-01
1.11080169677734,-106.75,34.25,"SEV_BLUE",2002,12,2002-12-01
-0.43988049030304,-104.75,40.75,"SGS",2002,12,2002-12-01
0.282542645931244,-104.75,41.25,"CHY",2003,1,2003-01-01
0.195401564240456,-99.25,38.75,"HAYS",2003,1,2003-01-01
-0.207599878311157,-96.75,39.25,"KNZ",2003,1,2003-01-01
0.743457913398743,-106.75,34.25,"SEV_BLACK",2003,1,2003-01-01
0.743457913398743,-106.75,34.25,"SEV_BLUE",2003,1,2003-01-01
0.0937174037098885,-104.75,40.75,"SGS",2003,1,2003-01-01
0.110076032578945,-104.75,41.25,"CHY",2003,2,2003-02-01
0.321377843618393,-99.25,38.75,"HAYS",2003,2,2003-02-01
-0.0641535073518753,-96.75,39.25,"KNZ",2003,2,2003-02-01
1.29757714271545,-106.75,34.25,"SEV_BLACK",2003,2,2003-02-01
1.29757714271545,-106.75,34.25,"SEV_BLUE",2003,2,2003-02-01
0.167216196656227,-104.75,40.75,"SGS",2003,2,2003-02-01
0.714169979095459,-104.75,41.25,"CHY",2003,3,2003-03-01
0.930717527866364,-99.25,38.75,"HAYS",2003,3,2003-03-01
0.573849201202393,-96.75,39.25,"KNZ",2003,3,2003-03-01
0.879818797111511,-106.75,34.25,"SEV_BLACK",2003,3,2003-03-01
0.879818797111511,-106.75,34.25,"SEV_BLUE",2003,3,2003-03-01
0.829268634319305,-104.75,40.75,"SGS",2003,3,2003-03-01
0.337993443012238,-104.75,41.25,"CHY",2003,4,2003-04-01
0.0511610731482506,-99.25,38.75,"HAYS",2003,4,2003-04-01
-0.410224765539169,-96.75,39.25,"KNZ",2003,4,2003-04-01
0.516191303730011,-106.75,34.25,"SEV_BLACK",2003,4,2003-04-01
0.516191303730011,-106.75,34.25,"SEV_BLUE",2003,4,2003-04-01
0.359871655702591,-104.75,40.75,"SGS",2003,4,2003-04-01
-0.105952225625515,-104.75,41.25,"CHY",2003,5,2003-05-01
0.204167306423187,-99.25,38.75,"HAYS",2003,5,2003-05-01
-0.284508854150772,-96.75,39.25,"KNZ",2003,5,2003-05-01
0.177247777581215,-106.75,34.25,"SEV_BLACK",2003,5,2003-05-01
0.177247777581215,-106.75,34.25,"SEV_BLUE",2003,5,2003-05-01
0.0490880683064461,-104.75,40.75,"SGS",2003,5,2003-05-01
0.536002457141876,-104.75,41.25,"CHY",2003,6,2003-06-01
0.528166949748993,-99.25,38.75,"HAYS",2003,6,2003-06-01
0.213411182165146,-96.75,39.25,"KNZ",2003,6,2003-06-01
0.12401407957077,-106.75,34.25,"SEV_BLACK",2003,6,2003-06-01
0.12401407957077,-106.75,34.25,"SEV_BLUE",2003,6,2003-06-01
0.521687865257263,-104.75,40.75,"SGS",2003,6,2003-06-01
0.0905948281288147,-104.75,41.25,"CHY",2003,7,2003-07-01
-0.225074604153633,-99.25,38.75,"HAYS",2003,7,2003-07-01
-0.386352509260178,-96.75,39.25,"KNZ",2003,7,2003-07-01
-0.137653991580009,-106.75,34.25,"SEV_BLACK",2003,7,2003-07-01
-0.137653991580009,-106.75,34.25,"SEV_BLUE",2003,7,2003-07-01
0.118713654577732,-104.75,40.75,"SGS",2003,7,2003-07-01
-0.201604813337326,-104.75,41.25,"CHY",2003,8,2003-08-01
-0.26686504483223,-99.25,38.75,"HAYS",2003,8,2003-08-01
-0.486067801713943,-96.75,39.25,"KNZ",2003,8,2003-08-01
-0.699303865432739,-106.75,34.25,"SEV_BLACK",2003,8,2003-08-01
-0.699303865432739,-106.75,34.25,"SEV_BLUE",2003,8,2003-08-01
-0.114118799567223,-104.75,40.75,"SGS",2003,8,2003-08-01
-0.549417018890381,-104.75,41.25,"CHY",2003,9,2003-09-01
-0.143158450722694,-99.25,38.75,"HAYS",2003,9,2003-09-01
-0.29559651017189,-96.75,39.25,"KNZ",2003,9,2003-09-01
-0.9430051445961,-106.75,34.25,"SEV_BLACK",2003,9,2003-09-01
-0.9430051445961,-106.75,34.25,"SEV_BLUE",2003,9,2003-09-01
-0.627339065074921,-104.75,40.75,"SGS",2003,9,2003-09-01
-1.00777113437653,-104.75,41.25,"CHY",2003,10,2003-10-01
-0.51422917842865,-99.25,38.75,"HAYS",2003,10,2003-10-01
-0.6597039103508,-96.75,39.25,"KNZ",2003,10,2003-10-01
-0.604008734226227,-106.75,34.25,"SEV_BLACK",2003,10,2003-10-01
-0.604008734226227,-106.75,34.25,"SEV_BLUE",2003,10,2003-10-01
-1.09030103683472,-104.75,40.75,"SGS",2003,10,2003-10-01
-0.736997008323669,-104.75,41.25,"CHY",2003,11,2003-11-01
-0.529290020465851,-99.25,38.75,"HAYS",2003,11,2003-11-01
-0.502797842025757,-96.75,39.25,"KNZ",2003,11,2003-11-01
-0.192236140370369,-106.75,34.25,"SEV_BLACK",2003,11,2003-11-01
-0.192236140370369,-106.75,34.25,"SEV_BLUE",2003,11,2003-11-01
-0.883018612861633,-104.75,40.75,"SGS",2003,11,2003-11-01
-1.39187371730804,-104.75,41.25,"CHY",2003,12,2003-12-01
-0.900137305259705,-99.25,38.75,"HAYS",2003,12,2003-12-01
-0.676834046840668,-96.75,39.25,"KNZ",2003,12,2003-12-01
-0.697936177253723,-106.75,34.25,"SEV_BLACK",2003,12,2003-12-01
-0.697936177253723,-106.75,34.25,"SEV_BLUE",2003,12,2003-12-01
-1.42738926410675,-104.75,40.75,"SGS",2003,12,2003-12-01
-0.82659912109375,-104.75,41.25,"CHY",2004,1,2004-01-01
-0.15643884241581,-99.25,38.75,"HAYS",2004,1,2004-01-01
0.0710180252790451,-96.75,39.25,"KNZ",2004,1,2004-01-01
-0.127139627933502,-106.75,34.25,"SEV_BLACK",2004,1,2004-01-01
-0.127139627933502,-106.75,34.25,"SEV_BLUE",2004,1,2004-01-01
-0.854325652122498,-104.75,40.75,"SGS",2004,1,2004-01-01
-0.549954831600189,-104.75,41.25,"CHY",2004,2,2004-02-01
-0.0466590449213982,-99.25,38.75,"HAYS",2004,2,2004-02-01
0.431579113006592,-96.75,39.25,"KNZ",2004,2,2004-02-01
0.267487227916718,-106.75,34.25,"SEV_BLACK",2004,2,2004-02-01
0.267487227916718,-106.75,34.25,"SEV_BLUE",2004,2,2004-02-01
-0.670832574367523,-104.75,40.75,"SGS",2004,2,2004-02-01
-1.25834655761719,-104.75,41.25,"CHY",2004,3,2004-03-01
-0.263856053352356,-99.25,38.75,"HAYS",2004,3,2004-03-01
0.768276929855347,-96.75,39.25,"KNZ",2004,3,2004-03-01
0.59641969203949,-106.75,34.25,"SEV_BLACK",2004,3,2004-03-01
0.59641969203949,-106.75,34.25,"SEV_BLUE",2004,3,2004-03-01
-1.13822078704834,-104.75,40.75,"SGS",2004,3,2004-03-01
-0.850988447666168,-104.75,41.25,"CHY",2004,4,2004-04-01
0.0716258808970451,-99.25,38.75,"HAYS",2004,4,2004-04-01
0.706963121891022,-96.75,39.25,"KNZ",2004,4,2004-04-01
0.972041130065918,-106.75,34.25,"SEV_BLACK",2004,4,2004-04-01
0.972041130065918,-106.75,34.25,"SEV_BLUE",2004,4,2004-04-01
-0.439004987478256,-104.75,40.75,"SGS",2004,4,2004-04-01
-1.47351694107056,-104.75,41.25,"CHY",2004,5,2004-05-01
-0.546757996082306,-99.25,38.75,"HAYS",2004,5,2004-05-01
0.331924885511398,-96.75,39.25,"KNZ",2004,5,2004-05-01
0.546989381313324,-106.75,34.25,"SEV_BLACK",2004,5,2004-05-01
0.546989381313324,-106.75,34.25,"SEV_BLUE",2004,5,2004-05-01
-1.21279966831207,-104.75,40.75,"SGS",2004,5,2004-05-01
-0.979756951332092,-104.75,41.25,"CHY",2004,6,2004-06-01
0.155791267752647,-99.25,38.75,"HAYS",2004,6,2004-06-01
0.305937945842743,-96.75,39.25,"KNZ",2004,6,2004-06-01
1.11077010631561,-106.75,34.25,"SEV_BLACK",2004,6,2004-06-01
1.11077010631561,-106.75,34.25,"SEV_BLUE",2004,6,2004-06-01
-0.647101163864136,-104.75,40.75,"SGS",2004,6,2004-06-01
-0.699182271957397,-104.75,41.25,"CHY",2004,7,2004-07-01
0.871390998363495,-99.25,38.75,"HAYS",2004,7,2004-07-01
0.740417957305908,-96.75,39.25,"KNZ",2004,7,2004-07-01
1.08910524845123,-106.75,34.25,"SEV_BLACK",2004,7,2004-07-01
1.08910524845123,-106.75,34.25,"SEV_BLUE",2004,7,2004-07-01
-0.408245176076889,-104.75,40.75,"SGS",2004,7,2004-07-01
-0.60076493024826,-104.75,41.25,"CHY",2004,8,2004-08-01
0.659252405166626,-99.25,38.75,"HAYS",2004,8,2004-08-01
0.645819008350372,-96.75,39.25,"KNZ",2004,8,2004-08-01
0.89520263671875,-106.75,34.25,"SEV_BLACK",2004,8,2004-08-01
0.89520263671875,-106.75,34.25,"SEV_BLUE",2004,8,2004-08-01
-0.229932308197021,-104.75,40.75,"SGS",2004,8,2004-08-01
0.435680091381073,-104.75,41.25,"CHY",2004,9,2004-09-01
0.685301303863525,-99.25,38.75,"HAYS",2004,9,2004-09-01
0.109775267541409,-96.75,39.25,"KNZ",2004,9,2004-09-01
0.763713955879211,-106.75,34.25,"SEV_BLACK",2004,9,2004-09-01
0.763713955879211,-106.75,34.25,"SEV_BLUE",2004,9,2004-09-01
0.671640157699585,-104.75,40.75,"SGS",2004,9,2004-09-01
0.787140369415283,-104.75,41.25,"CHY",2004,10,2004-10-01
0.780304789543152,-99.25,38.75,"HAYS",2004,10,2004-10-01
0.192449688911438,-96.75,39.25,"KNZ",2004,10,2004-10-01
0.605721473693848,-106.75,34.25,"SEV_BLACK",2004,10,2004-10-01
0.605721473693848,-106.75,34.25,"SEV_BLUE",2004,10,2004-10-01
0.855216383934021,-104.75,40.75,"SGS",2004,10,2004-10-01
1.5335932970047,-104.75,41.25,"CHY",2004,11,2004-11-01
1.34520888328552,-99.25,38.75,"HAYS",2004,11,2004-11-01
0.364630401134491,-96.75,39.25,"KNZ",2004,11,2004-11-01
1.17581570148468,-106.75,34.25,"SEV_BLACK",2004,11,2004-11-01
1.17581570148468,-106.75,34.25,"SEV_BLUE",2004,11,2004-11-01
1.61050915718079,-104.75,40.75,"SGS",2004,11,2004-11-01
1.36839389801025,-104.75,41.25,"CHY",2004,12,2004-12-01
0.975740015506744,-99.25,38.75,"HAYS",2004,12,2004-12-01
0.215930074453354,-96.75,39.25,"KNZ",2004,12,2004-12-01
0.965015590190887,-106.75,34.25,"SEV_BLACK",2004,12,2004-12-01
0.965015590190887,-106.75,34.25,"SEV_BLUE",2004,12,2004-12-01
1.34040403366089,-104.75,40.75,"SGS",2004,12,2004-12-01
1.4073144197464,-104.75,41.25,"CHY",2005,1,2005-01-01
0.555022418498993,-99.25,38.75,"HAYS",2005,1,2005-01-01
-0.403298854827881,-96.75,39.25,"KNZ",2005,1,2005-01-01
1.27955138683319,-106.75,34.25,"SEV_BLACK",2005,1,2005-01-01
1.27955138683319,-106.75,34.25,"SEV_BLUE",2005,1,2005-01-01
1.38552618026733,-104.75,40.75,"SGS",2005,1,2005-01-01
1.01608538627625,-104.75,41.25,"CHY",2005,2,2005-02-01
0.96605259180069,-99.25,38.75,"HAYS",2005,2,2005-02-01
-0.248731702566147,-96.75,39.25,"KNZ",2005,2,2005-02-01
1.74265170097351,-106.75,34.25,"SEV_BLACK",2005,2,2005-02-01
1.74265170097351,-106.75,34.25,"SEV_BLUE",2005,2,2005-02-01
0.814165413379669,-104.75,40.75,"SGS",2005,2,2005-02-01
-0.387039303779602,-104.75,41.25,"CHY",2005,3,2005-03-01
0.825563669204712,-99.25,38.75,"HAYS",2005,3,2005-03-01
0.0550034381449223,-96.75,39.25,"KNZ",2005,3,2005-03-01
1.91517162322998,-106.75,34.25,"SEV_BLACK",2005,3,2005-03-01
1.91517162322998,-106.75,34.25,"SEV_BLUE",2005,3,2005-03-01
-0.315229326486588,-104.75,40.75,"SGS",2005,3,2005-03-01
-0.447975218296051,-104.75,41.25,"CHY",2005,4,2005-04-01
0.743334352970123,-99.25,38.75,"HAYS",2005,4,2005-04-01
0.282746911048889,-96.75,39.25,"KNZ",2005,4,2005-04-01
2.00939917564392,-106.75,34.25,"SEV_BLACK",2005,4,2005-04-01
2.00939917564392,-106.75,34.25,"SEV_BLUE",2005,4,2005-04-01
-0.323586851358414,-104.75,40.75,"SGS",2005,4,2005-04-01
-0.954891800880432,-104.75,41.25,"CHY",2005,5,2005-05-01
-0.00773552758619189,-99.25,38.75,"HAYS",2005,5,2005-05-01
-0.610943019390106,-96.75,39.25,"KNZ",2005,5,2005-05-01
1.83176279067993,-106.75,34.25,"SEV_BLACK",2005,5,2005-05-01
1.83176279067993,-106.75,34.25,"SEV_BLUE",2005,5,2005-05-01
-0.801378607749939,-104.75,40.75,"SGS",2005,5,2005-05-01
0.152469873428345,-104.75,41.25,"CHY",2005,6,2005-06-01
0.460678696632385,-99.25,38.75,"HAYS",2005,6,2005-06-01
0.218978941440582,-96.75,39.25,"KNZ",2005,6,2005-06-01
1.72616362571716,-106.75,34.25,"SEV_BLACK",2005,6,2005-06-01
1.72616362571716,-106.75,34.25,"SEV_BLUE",2005,6,2005-06-01
0.318949550390244,-104.75,40.75,"SGS",2005,6,2005-06-01
-0.13465228676796,-104.75,41.25,"CHY",2005,7,2005-07-01
-0.00759564945474267,-99.25,38.75,"HAYS",2005,7,2005-07-01
-0.143880814313889,-96.75,39.25,"KNZ",2005,7,2005-07-01
0.933627068996429,-106.75,34.25,"SEV_BLACK",2005,7,2005-07-01
0.933627068996429,-106.75,34.25,"SEV_BLUE",2005,7,2005-07-01
-0.123659648001194,-104.75,40.75,"SGS",2005,7,2005-07-01
0.167579427361488,-104.75,41.25,"CHY",2005,8,2005-08-01
0.032579030841589,-99.25,38.75,"HAYS",2005,8,2005-08-01
-0.0774700716137886,-96.75,39.25,"KNZ",2005,8,2005-08-01
0.41444143652916,-106.75,34.25,"SEV_BLACK",2005,8,2005-08-01
0.41444143652916,-106.75,34.25,"SEV_BLUE",2005,8,2005-08-01
0.089011438190937,-104.75,40.75,"SGS",2005,8,2005-08-01
0.00311568262986839,-104.75,41.25,"CHY",2005,9,2005-09-01
-0.162527769804001,-99.25,38.75,"HAYS",2005,9,2005-09-01
-0.117496907711029,-96.75,39.25,"KNZ",2005,9,2005-09-01
0.156492546200752,-106.75,34.25,"SEV_BLACK",2005,9,2005-09-01
0.156492546200752,-106.75,34.25,"SEV_BLUE",2005,9,2005-09-01
-0.0960179939866066,-104.75,40.75,"SGS",2005,9,2005-09-01
0.319316238164902,-104.75,41.25,"CHY",2005,10,2005-10-01
-0.0477186739444733,-99.25,38.75,"HAYS",2005,10,2005-10-01
-0.015089362859726,-96.75,39.25,"KNZ",2005,10,2005-10-01
0.0837407410144806,-106.75,34.25,"SEV_BLACK",2005,10,2005-10-01
0.0837407410144806,-106.75,34.25,"SEV_BLUE",2005,10,2005-10-01
0.272913426160812,-104.75,40.75,"SGS",2005,10,2005-10-01
0.392749100923538,-104.75,41.25,"CHY",2005,11,2005-11-01
0.106477342545986,-99.25,38.75,"HAYS",2005,11,2005-11-01
0.292058378458023,-96.75,39.25,"KNZ",2005,11,2005-11-01
-0.384176164865494,-106.75,34.25,"SEV_BLACK",2005,11,2005-11-01
-0.384176164865494,-106.75,34.25,"SEV_BLUE",2005,11,2005-11-01
0.315297454595566,-104.75,40.75,"SGS",2005,11,2005-11-01
-0.456475675106049,-104.75,41.25,"CHY",2005,12,2005-12-01
-0.199313879013062,-99.25,38.75,"HAYS",2005,12,2005-12-01
-0.104785963892937,-96.75,39.25,"KNZ",2005,12,2005-12-01
-0.583875715732574,-106.75,34.25,"SEV_BLACK",2005,12,2005-12-01
-0.583875715732574,-106.75,34.25,"SEV_BLUE",2005,12,2005-12-01
-0.647891163825989,-104.75,40.75,"SGS",2005,12,2005-12-01
-0.75007826089859,-104.75,41.25,"CHY",2006,1,2006-01-01
-0.511316895484924,-99.25,38.75,"HAYS",2006,1,2006-01-01
-0.269890159368515,-96.75,39.25,"KNZ",2006,1,2006-01-01
-0.464756906032562,-106.75,34.25,"SEV_BLACK",2006,1,2006-01-01
-0.464756906032562,-106.75,34.25,"SEV_BLUE",2006,1,2006-01-01
-0.660292267799377,-104.75,40.75,"SGS",2006,1,2006-01-01
-1.04873466491699,-104.75,41.25,"CHY",2006,2,2006-02-01
-1.27675998210907,-99.25,38.75,"HAYS",2006,2,2006-02-01
-1.10935699939728,-96.75,39.25,"KNZ",2006,2,2006-02-01
-0.842043101787567,-106.75,34.25,"SEV_BLACK",2006,2,2006-02-01
-0.842043101787567,-106.75,34.25,"SEV_BLUE",2006,2,2006-02-01
-0.833132684230804,-104.75,40.75,"SGS",2006,2,2006-02-01
-0.197563037276268,-104.75,41.25,"CHY",2006,3,2006-03-01
-0.874223351478577,-99.25,38.75,"HAYS",2006,3,2006-03-01
-0.697913110256195,-96.75,39.25,"KNZ",2006,3,2006-03-01
-1.02546560764313,-106.75,34.25,"SEV_BLACK",2006,3,2006-03-01
-1.02546560764313,-106.75,34.25,"SEV_BLUE",2006,3,2006-03-01
-0.032705832272768,-104.75,40.75,"SGS",2006,3,2006-03-01
-1.51871693134308,-104.75,41.25,"CHY",2006,4,2006-04-01
-1.64574468135834,-99.25,38.75,"HAYS",2006,4,2006-04-01
-1.20544326305389,-96.75,39.25,"KNZ",2006,4,2006-04-01
-1.56418585777283,-106.75,34.25,"SEV_BLACK",2006,4,2006-04-01
-1.56418585777283,-106.75,34.25,"SEV_BLUE",2006,4,2006-04-01
-1.499720454216,-104.75,40.75,"SGS",2006,4,2006-04-01
-1.77887356281281,-104.75,41.25,"CHY",2006,5,2006-05-01
-1.68747532367706,-99.25,38.75,"HAYS",2006,5,2006-05-01
-1.37425231933594,-96.75,39.25,"KNZ",2006,5,2006-05-01
-1.59484577178955,-106.75,34.25,"SEV_BLACK",2006,5,2006-05-01
-1.59484577178955,-106.75,34.25,"SEV_BLUE",2006,5,2006-05-01
-1.87777924537659,-104.75,40.75,"SGS",2006,5,2006-05-01
-2.2044985294342,-104.75,41.25,"CHY",2006,6,2006-06-01
-1.45664346218109,-99.25,38.75,"HAYS",2006,6,2006-06-01
-1.53561174869537,-96.75,39.25,"KNZ",2006,6,2006-06-01
-1.13736236095428,-106.75,34.25,"SEV_BLACK",2006,6,2006-06-01
-1.13736236095428,-106.75,34.25,"SEV_BLUE",2006,6,2006-06-01
-2.12413716316223,-104.75,40.75,"SGS",2006,6,2006-06-01
-1.97504150867462,-104.75,41.25,"CHY",2006,7,2006-07-01
-1.34768950939178,-99.25,38.75,"HAYS",2006,7,2006-07-01
-1.2671525478363,-96.75,39.25,"KNZ",2006,7,2006-07-01
-0.32132688164711,-106.75,34.25,"SEV_BLACK",2006,7,2006-07-01
-0.32132688164711,-106.75,34.25,"SEV_BLUE",2006,7,2006-07-01
-1.94408476352692,-104.75,40.75,"SGS",2006,7,2006-07-01
-1.81633651256561,-104.75,41.25,"CHY",2006,8,2006-08-01
-0.706012547016144,-99.25,38.75,"HAYS",2006,8,2006-08-01
-0.533456683158875,-96.75,39.25,"KNZ",2006,8,2006-08-01
1.10261356830597,-106.75,34.25,"SEV_BLACK",2006,8,2006-08-01
1.10261356830597,-106.75,34.25,"SEV_BLUE",2006,8,2006-08-01
-1.78703188896179,-104.75,40.75,"SGS",2006,8,2006-08-01
-1.80292761325836,-104.75,41.25,"CHY",2006,9,2006-09-01
-0.521202147006989,-99.25,38.75,"HAYS",2006,9,2006-09-01
-0.385439604520798,-96.75,39.25,"KNZ",2006,9,2006-09-01
1.54704892635345,-106.75,34.25,"SEV_BLACK",2006,9,2006-09-01
1.54704892635345,-106.75,34.25,"SEV_BLUE",2006,9,2006-09-01
-1.74122953414917,-104.75,40.75,"SGS",2006,9,2006-09-01
-1.47864091396332,-104.75,41.25,"CHY",2006,10,2006-10-01
-0.16067673265934,-99.25,38.75,"HAYS",2006,10,2006-10-01
-0.372913897037506,-96.75,39.25,"KNZ",2006,10,2006-10-01
2.10151934623718,-106.75,34.25,"SEV_BLACK",2006,10,2006-10-01
2.10151934623718,-106.75,34.25,"SEV_BLUE",2006,10,2006-10-01
-1.23881196975708,-104.75,40.75,"SGS",2006,10,2006-10-01
-1.18741261959076,-104.75,41.25,"CHY",2006,11,2006-11-01
-0.068046472966671,-99.25,38.75,"HAYS",2006,11,2006-11-01
-0.266408741474152,-96.75,39.25,"KNZ",2006,11,2006-11-01
2.1641674041748,-106.75,34.25,"SEV_BLACK",2006,11,2006-11-01
2.1641674041748,-106.75,34.25,"SEV_BLUE",2006,11,2006-11-01
-0.789476633071899,-104.75,40.75,"SGS",2006,11,2006-11-01
-0.201473087072372,-104.75,41.25,"CHY",2006,12,2006-12-01
0.408840894699097,-99.25,38.75,"HAYS",2006,12,2006-12-01
0.470133572816849,-96.75,39.25,"KNZ",2006,12,2006-12-01
2.16906070709229,-106.75,34.25,"SEV_BLACK",2006,12,2006-12-01
2.16906070709229,-106.75,34.25,"SEV_BLUE",2006,12,2006-12-01
0.199577584862709,-104.75,40.75,"SGS",2006,12,2006-12-01
0.518971562385559,-104.75,41.25,"CHY",2007,1,2007-01-01
1.36933529376984,-99.25,38.75,"HAYS",2007,1,2007-01-01
1.01232528686523,-96.75,39.25,"KNZ",2007,1,2007-01-01
2.20730209350586,-106.75,34.25,"SEV_BLACK",2007,1,2007-01-01
2.20730209350586,-106.75,34.25,"SEV_BLUE",2007,1,2007-01-01
0.936179399490356,-104.75,40.75,"SGS",2007,1,2007-01-01
0.545204102993011,-104.75,41.25,"CHY",2007,2,2007-02-01
1.18531930446625,-99.25,38.75,"HAYS",2007,2,2007-02-01
0.580748200416565,-96.75,39.25,"KNZ",2007,2,2007-02-01
1.57402086257935,-106.75,34.25,"SEV_BLACK",2007,2,2007-02-01
1.57402086257935,-106.75,34.25,"SEV_BLUE",2007,2,2007-02-01
1.01351606845856,-104.75,40.75,"SGS",2007,2,2007-02-01
0.206496268510818,-104.75,41.25,"CHY",2007,3,2007-03-01
1.08273911476135,-99.25,38.75,"HAYS",2007,3,2007-03-01
0.511545777320862,-96.75,39.25,"KNZ",2007,3,2007-03-01
1.05324470996857,-106.75,34.25,"SEV_BLACK",2007,3,2007-03-01
1.05324470996857,-106.75,34.25,"SEV_BLUE",2007,3,2007-03-01
0.441836565732956,-104.75,40.75,"SGS",2007,3,2007-03-01
0.109256573021412,-104.75,41.25,"CHY",2007,4,2007-04-01
1.11964762210846,-99.25,38.75,"HAYS",2007,4,2007-04-01
0.804112613201141,-96.75,39.25,"KNZ",2007,4,2007-04-01
0.697265088558197,-106.75,34.25,"SEV_BLACK",2007,4,2007-04-01
0.697265088558197,-106.75,34.25,"SEV_BLUE",2007,4,2007-04-01
0.0695387423038483,-104.75,40.75,"SGS",2007,4,2007-04-01
0.0791069939732552,-104.75,41.25,"CHY",2007,5,2007-05-01
1.55521631240845,-99.25,38.75,"HAYS",2007,5,2007-05-01
1.85266387462616,-96.75,39.25,"KNZ",2007,5,2007-05-01
1.33753967285156,-106.75,34.25,"SEV_BLACK",2007,5,2007-05-01
1.33753967285156,-106.75,34.25,"SEV_BLUE",2007,5,2007-05-01
-0.030899440869689,-104.75,40.75,"SGS",2007,5,2007-05-01
-0.699558913707733,-104.75,41.25,"CHY",2007,6,2007-06-01
1.12442684173584,-99.25,38.75,"HAYS",2007,6,2007-06-01
1.26088738441467,-96.75,39.25,"KNZ",2007,6,2007-06-01
1.2444794178009,-106.75,34.25,"SEV_BLACK",2007,6,2007-06-01
1.2444794178009,-106.75,34.25,"SEV_BLUE",2007,6,2007-06-01
-0.785939157009125,-104.75,40.75,"SGS",2007,6,2007-06-01
-0.842130839824677,-104.75,41.25,"CHY",2007,7,2007-07-01
0.970003545284271,-99.25,38.75,"HAYS",2007,7,2007-07-01
0.854818344116211,-96.75,39.25,"KNZ",2007,7,2007-07-01
1.04951870441437,-106.75,34.25,"SEV_BLACK",2007,7,2007-07-01
1.04951870441437,-106.75,34.25,"SEV_BLUE",2007,7,2007-07-01
-0.949245393276215,-104.75,40.75,"SGS",2007,7,2007-07-01
-0.742920577526093,-104.75,41.25,"CHY",2007,8,2007-08-01
0.734601318836212,-99.25,38.75,"HAYS",2007,8,2007-08-01
0.788914144039154,-96.75,39.25,"KNZ",2007,8,2007-08-01
0.937126696109772,-106.75,34.25,"SEV_BLACK",2007,8,2007-08-01
0.937126696109772,-106.75,34.25,"SEV_BLUE",2007,8,2007-08-01
-0.855048298835754,-104.75,40.75,"SGS",2007,8,2007-08-01
-0.747710049152374,-104.75,41.25,"CHY",2007,9,2007-09-01
0.633461117744446,-99.25,38.75,"HAYS",2007,9,2007-09-01
0.648977220058441,-96.75,39.25,"KNZ",2007,9,2007-09-01
0.869672417640686,-106.75,34.25,"SEV_BLACK",2007,9,2007-09-01
0.869672417640686,-106.75,34.25,"SEV_BLUE",2007,9,2007-09-01
-0.748552560806274,-104.75,40.75,"SGS",2007,9,2007-09-01
-0.642327487468719,-104.75,41.25,"CHY",2007,10,2007-10-01
0.504756033420563,-99.25,38.75,"HAYS",2007,10,2007-10-01
0.98817503452301,-96.75,39.25,"KNZ",2007,10,2007-10-01
0.100840851664543,-106.75,34.25,"SEV_BLACK",2007,10,2007-10-01
0.100840851664543,-106.75,34.25,"SEV_BLUE",2007,10,2007-10-01
-0.670314729213715,-104.75,40.75,"SGS",2007,10,2007-10-01
-0.799973547458649,-104.75,41.25,"CHY",2007,11,2007-11-01
-0.044392567127943,-99.25,38.75,"HAYS",2007,11,2007-11-01
0.0671895295381546,-96.75,39.25,"KNZ",2007,11,2007-11-01
-0.562642872333527,-106.75,34.25,"SEV_BLACK",2007,11,2007-11-01
-0.562642872333527,-106.75,34.25,"SEV_BLUE",2007,11,2007-11-01
-0.711414575576782,-104.75,40.75,"SGS",2007,11,2007-11-01
0.279418766498566,-104.75,41.25,"CHY",2007,12,2007-12-01
0.376827448606491,-99.25,38.75,"HAYS",2007,12,2007-12-01
0.649381875991821,-96.75,39.25,"KNZ",2007,12,2007-12-01
-0.407690465450287,-106.75,34.25,"SEV_BLACK",2007,12,2007-12-01
-0.407690465450287,-106.75,34.25,"SEV_BLUE",2007,12,2007-12-01
0.29154634475708,-104.75,40.75,"SGS",2007,12,2007-12-01
0.336619466543198,-104.75,41.25,"CHY",2008,1,2008-01-01
0.22773140668869,-99.25,38.75,"HAYS",2008,1,2008-01-01
0.92092090845108,-96.75,39.25,"KNZ",2008,1,2008-01-01
-0.565382838249207,-106.75,34.25,"SEV_BLACK",2008,1,2008-01-01
-0.565382838249207,-106.75,34.25,"SEV_BLUE",2008,1,2008-01-01
0.437013626098633,-104.75,40.75,"SGS",2008,1,2008-01-01
0.137997999787331,-104.75,41.25,"CHY",2008,2,2008-02-01
0.395839124917984,-99.25,38.75,"HAYS",2008,2,2008-02-01
0.91910195350647,-96.75,39.25,"KNZ",2008,2,2008-02-01
-0.696444809436798,-106.75,34.25,"SEV_BLACK",2008,2,2008-02-01
-0.696444809436798,-106.75,34.25,"SEV_BLUE",2008,2,2008-02-01
0.335680574178696,-104.75,40.75,"SGS",2008,2,2008-02-01
0.0899132490158081,-104.75,41.25,"CHY",2008,3,2008-03-01
0.138405039906502,-99.25,38.75,"HAYS",2008,3,2008-03-01
1.11557567119598,-96.75,39.25,"KNZ",2008,3,2008-03-01
-0.841456532478333,-106.75,34.25,"SEV_BLACK",2008,3,2008-03-01
-0.841456532478333,-106.75,34.25,"SEV_BLUE",2008,3,2008-03-01
0.248846590518951,-104.75,40.75,"SGS",2008,3,2008-03-01
-0.661784410476685,-104.75,41.25,"CHY",2008,4,2008-04-01
0.309766381978989,-99.25,38.75,"HAYS",2008,4,2008-04-01
0.632594227790833,-96.75,39.25,"KNZ",2008,4,2008-04-01
-0.684264063835144,-106.75,34.25,"SEV_BLACK",2008,4,2008-04-01
-0.684264063835144,-106.75,34.25,"SEV_BLUE",2008,4,2008-04-01
-0.430008441209793,-104.75,40.75,"SGS",2008,4,2008-04-01
0.284851729869843,-104.75,41.25,"CHY",2008,5,2008-05-01
0.888683676719666,-99.25,38.75,"HAYS",2008,5,2008-05-01
1.03407835960388,-96.75,39.25,"KNZ",2008,5,2008-05-01
-0.423556059598923,-106.75,34.25,"SEV_BLACK",2008,5,2008-05-01
-0.423556059598923,-106.75,34.25,"SEV_BLUE",2008,5,2008-05-01
0.0716604813933372,-104.75,40.75,"SGS",2008,5,2008-05-01
-0.357816487550735,-104.75,41.25,"CHY",2008,6,2008-06-01
0.0507444404065609,-99.25,38.75,"HAYS",2008,6,2008-06-01
0.630391061306,-96.75,39.25,"KNZ",2008,6,2008-06-01
-0.913271605968475,-106.75,34.25,"SEV_BLACK",2008,6,2008-06-01
-0.913271605968475,-106.75,34.25,"SEV_BLUE",2008,6,2008-06-01
-0.487157434225082,-104.75,40.75,"SGS",2008,6,2008-06-01
-0.557330846786499,-104.75,41.25,"CHY",2008,7,2008-07-01
-0.0276204291731119,-99.25,38.75,"HAYS",2008,7,2008-07-01
0.849600195884705,-96.75,39.25,"KNZ",2008,7,2008-07-01
-0.134125396609306,-106.75,34.25,"SEV_BLACK",2008,7,2008-07-01
-0.134125396609306,-106.75,34.25,"SEV_BLUE",2008,7,2008-07-01
-0.712279558181763,-104.75,40.75,"SGS",2008,7,2008-07-01
0.0688860267400742,-104.75,41.25,"CHY",2008,8,2008-08-01
0.0353882238268852,-99.25,38.75,"HAYS",2008,8,2008-08-01
0.637800216674805,-96.75,39.25,"KNZ",2008,8,2008-08-01
0.49286413192749,-106.75,34.25,"SEV_BLACK",2008,8,2008-08-01
0.49286413192749,-106.75,34.25,"SEV_BLUE",2008,8,2008-08-01
-0.139973342418671,-104.75,40.75,"SGS",2008,8,2008-08-01
0.31768274307251,-104.75,41.25,"CHY",2008,9,2008-09-01
0.403753310441971,-99.25,38.75,"HAYS",2008,9,2008-09-01
0.907469272613525,-96.75,39.25,"KNZ",2008,9,2008-09-01
0.685692012310028,-106.75,34.25,"SEV_BLACK",2008,9,2008-09-01
0.685692012310028,-106.75,34.25,"SEV_BLUE",2008,9,2008-09-01
0.115239627659321,-104.75,40.75,"SGS",2008,9,2008-09-01
0.61555427312851,-104.75,41.25,"CHY",2008,10,2008-10-01
0.824852705001831,-99.25,38.75,"HAYS",2008,10,2008-10-01
0.991115570068359,-96.75,39.25,"KNZ",2008,10,2008-10-01
0.960888862609863,-106.75,34.25,"SEV_BLACK",2008,10,2008-10-01
0.960888862609863,-106.75,34.25,"SEV_BLUE",2008,10,2008-10-01
0.35680016875267,-104.75,40.75,"SGS",2008,10,2008-10-01
0.221709698438644,-104.75,41.25,"CHY",2008,11,2008-11-01
0.682301938533783,-99.25,38.75,"HAYS",2008,11,2008-11-01
1.03725528717041,-96.75,39.25,"KNZ",2008,11,2008-11-01
0.827875256538391,-106.75,34.25,"SEV_BLACK",2008,11,2008-11-01
0.827875256538391,-106.75,34.25,"SEV_BLUE",2008,11,2008-11-01
0.17863692343235,-104.75,40.75,"SGS",2008,11,2008-11-01
0.532155394554138,-104.75,41.25,"CHY",2008,12,2008-12-01
0.943350493907928,-99.25,38.75,"HAYS",2008,12,2008-12-01
0.991683900356293,-96.75,39.25,"KNZ",2008,12,2008-12-01
0.874293386936188,-106.75,34.25,"SEV_BLACK",2008,12,2008-12-01
0.874293386936188,-106.75,34.25,"SEV_BLUE",2008,12,2008-12-01
0.491837680339813,-104.75,40.75,"SGS",2008,12,2008-12-01
1.05448877811432,-104.75,41.25,"CHY",2009,1,2009-01-01
1.07926762104034,-99.25,38.75,"HAYS",2009,1,2009-01-01
0.609017550945282,-96.75,39.25,"KNZ",2009,1,2009-01-01
-0.0165207646787167,-106.75,34.25,"SEV_BLACK",2009,1,2009-01-01
-0.0165207646787167,-106.75,34.25,"SEV_BLUE",2009,1,2009-01-01
0.925586819648743,-104.75,40.75,"SGS",2009,1,2009-01-01
-0.27746245265007,-104.75,41.25,"CHY",2009,2,2009-02-01
0.744548678398132,-99.25,38.75,"HAYS",2009,2,2009-02-01
0.598691701889038,-96.75,39.25,"KNZ",2009,2,2009-02-01
-0.82483845949173,-106.75,34.25,"SEV_BLACK",2009,2,2009-02-01
-0.82483845949173,-106.75,34.25,"SEV_BLUE",2009,2,2009-02-01
-0.355513721704483,-104.75,40.75,"SGS",2009,2,2009-02-01
-0.585613548755646,-104.75,41.25,"CHY",2009,3,2009-03-01
0.217327609658241,-99.25,38.75,"HAYS",2009,3,2009-03-01
0.134808495640755,-96.75,39.25,"KNZ",2009,3,2009-03-01
-1.04566359519958,-106.75,34.25,"SEV_BLACK",2009,3,2009-03-01
-1.04566359519958,-106.75,34.25,"SEV_BLUE",2009,3,2009-03-01
-0.758426308631897,-104.75,40.75,"SGS",2009,3,2009-03-01
0.236537829041481,-104.75,41.25,"CHY",2009,4,2009-04-01
-0.342855542898178,-99.25,38.75,"HAYS",2009,4,2009-04-01
-0.00904584676027298,-96.75,39.25,"KNZ",2009,4,2009-04-01
-1.30899524688721,-106.75,34.25,"SEV_BLACK",2009,4,2009-04-01
-1.30899524688721,-106.75,34.25,"SEV_BLUE",2009,4,2009-04-01
0.18863633275032,-104.75,40.75,"SGS",2009,4,2009-04-01
-0.202135473489761,-104.75,41.25,"CHY",2009,5,2009-05-01
-0.66471803188324,-99.25,38.75,"HAYS",2009,5,2009-05-01
-0.802924990653992,-96.75,39.25,"KNZ",2009,5,2009-05-01
-1.11337614059448,-106.75,34.25,"SEV_BLACK",2009,5,2009-05-01
-1.11337614059448,-106.75,34.25,"SEV_BLUE",2009,5,2009-05-01
-0.120237953960896,-104.75,40.75,"SGS",2009,5,2009-05-01
0.985086619853973,-104.75,41.25,"CHY",2009,6,2009-06-01
-0.20123752951622,-99.25,38.75,"HAYS",2009,6,2009-06-01
-0.0933816581964493,-96.75,39.25,"KNZ",2009,6,2009-06-01
-0.680181682109833,-106.75,34.25,"SEV_BLACK",2009,6,2009-06-01
-0.680181682109833,-106.75,34.25,"SEV_BLUE",2009,6,2009-06-01
0.835653185844421,-104.75,40.75,"SGS",2009,6,2009-06-01
1.1728253364563,-104.75,41.25,"CHY",2009,7,2009-07-01
0.222925633192062,-99.25,38.75,"HAYS",2009,7,2009-07-01
0.310234099626541,-96.75,39.25,"KNZ",2009,7,2009-07-01
-0.171193569898605,-106.75,34.25,"SEV_BLACK",2009,7,2009-07-01
-0.171193569898605,-106.75,34.25,"SEV_BLUE",2009,7,2009-07-01
1.19477200508118,-104.75,40.75,"SGS",2009,7,2009-07-01
1.30173814296722,-104.75,41.25,"CHY",2009,8,2009-08-01
0.808861672878265,-99.25,38.75,"HAYS",2009,8,2009-08-01
0.615984976291656,-96.75,39.25,"KNZ",2009,8,2009-08-01
-0.369437575340271,-106.75,34.25,"SEV_BLACK",2009,8,2009-08-01
-0.369437575340271,-106.75,34.25,"SEV_BLUE",2009,8,2009-08-01
1.22486817836761,-104.75,40.75,"SGS",2009,8,2009-08-01
1.18456077575684,-104.75,41.25,"CHY",2009,9,2009-09-01
1.20790469646454,-99.25,38.75,"HAYS",2009,9,2009-09-01
0.572332739830017,-96.75,39.25,"KNZ",2009,9,2009-09-01
0.15319487452507,-106.75,34.25,"SEV_BLACK",2009,9,2009-09-01
0.15319487452507,-106.75,34.25,"SEV_BLUE",2009,9,2009-09-01
1.22253215312958,-104.75,40.75,"SGS",2009,9,2009-09-01
1.44966208934784,-104.75,41.25,"CHY",2009,10,2009-10-01
1.31093370914459,-99.25,38.75,"HAYS",2009,10,2009-10-01
0.648987531661987,-96.75,39.25,"KNZ",2009,10,2009-10-01
0.557755827903748,-106.75,34.25,"SEV_BLACK",2009,10,2009-10-01
0.557755827903748,-106.75,34.25,"SEV_BLUE",2009,10,2009-10-01
1.43646144866943,-104.75,40.75,"SGS",2009,10,2009-10-01
1.75329506397247,-104.75,41.25,"CHY",2009,11,2009-11-01
1.54645109176636,-99.25,38.75,"HAYS",2009,11,2009-11-01
1.14879894256592,-96.75,39.25,"KNZ",2009,11,2009-11-01
0.404495418071747,-106.75,34.25,"SEV_BLACK",2009,11,2009-11-01
0.404495418071747,-106.75,34.25,"SEV_BLUE",2009,11,2009-11-01
1.72182095050812,-104.75,40.75,"SGS",2009,11,2009-11-01
1.43253183364868,-104.75,41.25,"CHY",2009,12,2009-12-01
1.76479768753052,-99.25,38.75,"HAYS",2009,12,2009-12-01
1.19871461391449,-96.75,39.25,"KNZ",2009,12,2009-12-01
0.187673896551132,-106.75,34.25,"SEV_BLACK",2009,12,2009-12-01
0.187673896551132,-106.75,34.25,"SEV_BLUE",2009,12,2009-12-01
1.40681278705597,-104.75,40.75,"SGS",2009,12,2009-12-01
1.11493396759033,-104.75,41.25,"CHY",2010,1,2010-01-01
1.95335817337036,-99.25,38.75,"HAYS",2010,1,2010-01-01
1.22110772132874,-96.75,39.25,"KNZ",2010,1,2010-01-01
0.201336711645126,-106.75,34.25,"SEV_BLACK",2010,1,2010-01-01
0.201336711645126,-106.75,34.25,"SEV_BLUE",2010,1,2010-01-01
1.00936305522919,-104.75,40.75,"SGS",2010,1,2010-01-01
1.48597896099091,-104.75,41.25,"CHY",2010,2,2010-02-01
1.72072815895081,-99.25,38.75,"HAYS",2010,2,2010-02-01
1.21503555774689,-96.75,39.25,"KNZ",2010,2,2010-02-01
1.10013520717621,-106.75,34.25,"SEV_BLACK",2010,2,2010-02-01
1.10013520717621,-106.75,34.25,"SEV_BLUE",2010,2,2010-02-01
1.54640626907349,-104.75,40.75,"SGS",2010,2,2010-02-01
1.75801086425781,-104.75,41.25,"CHY",2010,3,2010-03-01
1.35981452465057,-99.25,38.75,"HAYS",2010,3,2010-03-01
1.52153086662292,-96.75,39.25,"KNZ",2010,3,2010-03-01
0.846777439117432,-106.75,34.25,"SEV_BLACK",2010,3,2010-03-01
0.846777439117432,-106.75,34.25,"SEV_BLUE",2010,3,2010-03-01
1.72655308246613,-104.75,40.75,"SGS",2010,3,2010-03-01
1.42400884628296,-104.75,41.25,"CHY",2010,4,2010-04-01
0.766040563583374,-99.25,38.75,"HAYS",2010,4,2010-04-01
0.960507214069366,-96.75,39.25,"KNZ",2010,4,2010-04-01
0.804028451442719,-106.75,34.25,"SEV_BLACK",2010,4,2010-04-01
0.804028451442719,-106.75,34.25,"SEV_BLUE",2010,4,2010-04-01
1.47768533229828,-104.75,40.75,"SGS",2010,4,2010-04-01
1.69440495967865,-104.75,41.25,"CHY",2010,5,2010-05-01
0.916501820087433,-99.25,38.75,"HAYS",2010,5,2010-05-01
0.8513543009758,-96.75,39.25,"KNZ",2010,5,2010-05-01
0.841975271701813,-106.75,34.25,"SEV_BLACK",2010,5,2010-05-01
0.841975271701813,-106.75,34.25,"SEV_BLUE",2010,5,2010-05-01
1.57212126255035,-104.75,40.75,"SGS",2010,5,2010-05-01
1.44251012802124,-104.75,41.25,"CHY",2010,6,2010-06-01
0.553034067153931,-99.25,38.75,"HAYS",2010,6,2010-06-01
0.809577584266663,-96.75,39.25,"KNZ",2010,6,2010-06-01
0.62818568944931,-106.75,34.25,"SEV_BLACK",2010,6,2010-06-01
0.62818568944931,-106.75,34.25,"SEV_BLUE",2010,6,2010-06-01
1.39019381999969,-104.75,40.75,"SGS",2010,6,2010-06-01
1.5062563419342,-104.75,41.25,"CHY",2010,7,2010-07-01
0.638054132461548,-99.25,38.75,"HAYS",2010,7,2010-07-01
0.975941300392151,-96.75,39.25,"KNZ",2010,7,2010-07-01
0.936574637889862,-106.75,34.25,"SEV_BLACK",2010,7,2010-07-01
0.936574637889862,-106.75,34.25,"SEV_BLUE",2010,7,2010-07-01
1.34535074234009,-104.75,40.75,"SGS",2010,7,2010-07-01
1.20930647850037,-104.75,41.25,"CHY",2010,8,2010-08-01
0.537270724773407,-99.25,38.75,"HAYS",2010,8,2010-08-01
0.741235196590424,-96.75,39.25,"KNZ",2010,8,2010-08-01
0.142017245292664,-106.75,34.25,"SEV_BLACK",2010,8,2010-08-01
0.142017245292664,-106.75,34.25,"SEV_BLUE",2010,8,2010-08-01
1.08253836631775,-104.75,40.75,"SGS",2010,8,2010-08-01
0.655450701713562,-104.75,41.25,"CHY",2010,9,2010-09-01
0.350779324769974,-99.25,38.75,"HAYS",2010,9,2010-09-01
0.770325362682343,-96.75,39.25,"KNZ",2010,9,2010-09-01
-0.241581037640572,-106.75,34.25,"SEV_BLACK",2010,9,2010-09-01
-0.241581037640572,-106.75,34.25,"SEV_BLUE",2010,9,2010-09-01
0.51760870218277,-104.75,40.75,"SGS",2010,9,2010-09-01
0.114337615668774,-104.75,41.25,"CHY",2010,10,2010-10-01
-0.0463966391980648,-99.25,38.75,"HAYS",2010,10,2010-10-01
0.355719447135925,-96.75,39.25,"KNZ",2010,10,2010-10-01
-0.519387185573578,-106.75,34.25,"SEV_BLACK",2010,10,2010-10-01
-0.519387185573578,-106.75,34.25,"SEV_BLUE",2010,10,2010-10-01
-0.114483803510666,-104.75,40.75,"SGS",2010,10,2010-10-01
-0.0620525144040585,-104.75,41.25,"CHY",2010,11,2010-11-01
-0.0752155482769012,-99.25,38.75,"HAYS",2010,11,2010-11-01
0.58935010433197,-96.75,39.25,"KNZ",2010,11,2010-11-01
-0.604215502738953,-106.75,34.25,"SEV_BLACK",2010,11,2010-11-01
-0.604215502738953,-106.75,34.25,"SEV_BLUE",2010,11,2010-11-01
-0.223666206002235,-104.75,40.75,"SGS",2010,11,2010-11-01
-0.574166059494019,-104.75,41.25,"CHY",2010,12,2010-12-01
-0.232285067439079,-99.25,38.75,"HAYS",2010,12,2010-12-01
0.160863906145096,-96.75,39.25,"KNZ",2010,12,2010-12-01
-0.6487677693367,-106.75,34.25,"SEV_BLACK",2010,12,2010-12-01
-0.6487677693367,-106.75,34.25,"SEV_BLUE",2010,12,2010-12-01
-0.817972958087921,-104.75,40.75,"SGS",2010,12,2010-12-01
-0.956206977367401,-104.75,41.25,"CHY",2011,1,2011-01-01
-0.564989864826202,-99.25,38.75,"HAYS",2011,1,2011-01-01
-0.307027488946915,-96.75,39.25,"KNZ",2011,1,2011-01-01
-1.44657945632935,-106.75,34.25,"SEV_BLACK",2011,1,2011-01-01
-1.44657945632935,-106.75,34.25,"SEV_BLUE",2011,1,2011-01-01
-1.01441383361816,-104.75,40.75,"SGS",2011,1,2011-01-01
-0.516473531723022,-104.75,41.25,"CHY",2011,2,2011-02-01
-0.548099756240845,-99.25,38.75,"HAYS",2011,2,2011-02-01
-0.00684376386925578,-96.75,39.25,"KNZ",2011,2,2011-02-01
-1.27938282489777,-106.75,34.25,"SEV_BLACK",2011,2,2011-02-01
-1.27938282489777,-106.75,34.25,"SEV_BLUE",2011,2,2011-02-01
-0.744614779949188,-104.75,40.75,"SGS",2011,2,2011-02-01
0.212499648332596,-104.75,41.25,"CHY",2011,3,2011-03-01
-0.382360696792603,-99.25,38.75,"HAYS",2011,3,2011-03-01
-0.58035534620285,-96.75,39.25,"KNZ",2011,3,2011-03-01
-1.52888095378876,-106.75,34.25,"SEV_BLACK",2011,3,2011-03-01
-1.52888095378876,-106.75,34.25,"SEV_BLUE",2011,3,2011-03-01
-0.0192758552730083,-104.75,40.75,"SGS",2011,3,2011-03-01
0.304954290390015,-104.75,41.25,"CHY",2011,4,2011-04-01
-0.00816237833350897,-99.25,38.75,"HAYS",2011,4,2011-04-01
0.171224623918533,-96.75,39.25,"KNZ",2011,4,2011-04-01
-1.79907214641571,-106.75,34.25,"SEV_BLACK",2011,4,2011-04-01
-1.79907214641571,-106.75,34.25,"SEV_BLUE",2011,4,2011-04-01
0.130149111151695,-104.75,40.75,"SGS",2011,4,2011-04-01
0.930709958076477,-104.75,41.25,"CHY",2011,5,2011-05-01
-0.0586510300636292,-99.25,38.75,"HAYS",2011,5,2011-05-01
0.142279207706451,-96.75,39.25,"KNZ",2011,5,2011-05-01
-1.76964735984802,-106.75,34.25,"SEV_BLACK",2011,5,2011-05-01
-1.76964735984802,-106.75,34.25,"SEV_BLUE",2011,5,2011-05-01
0.450653851032257,-104.75,40.75,"SGS",2011,5,2011-05-01
0.798189342021942,-104.75,41.25,"CHY",2011,6,2011-06-01
-0.340059995651245,-99.25,38.75,"HAYS",2011,6,2011-06-01
0.0383231230080128,-96.75,39.25,"KNZ",2011,6,2011-06-01
-2.0516345500946,-106.75,34.25,"SEV_BLACK",2011,6,2011-06-01
-2.0516345500946,-106.75,34.25,"SEV_BLUE",2011,6,2011-06-01
0.394586831331253,-104.75,40.75,"SGS",2011,6,2011-06-01
1.14736270904541,-104.75,41.25,"CHY",2011,7,2011-07-01
-0.635450839996338,-99.25,38.75,"HAYS",2011,7,2011-07-01
-0.352679997682571,-96.75,39.25,"KNZ",2011,7,2011-07-01
-2.00388956069946,-106.75,34.25,"SEV_BLACK",2011,7,2011-07-01
-2.00388956069946,-106.75,34.25,"SEV_BLUE",2011,7,2011-07-01
0.872717261314392,-104.75,40.75,"SGS",2011,7,2011-07-01
0.66489714384079,-104.75,41.25,"CHY",2011,8,2011-08-01
-0.706012487411499,-99.25,38.75,"HAYS",2011,8,2011-08-01
-0.322045981884003,-96.75,39.25,"KNZ",2011,8,2011-08-01
-2.42313146591187,-106.75,34.25,"SEV_BLACK",2011,8,2011-08-01
-2.42313146591187,-106.75,34.25,"SEV_BLUE",2011,8,2011-08-01
0.377612888813019,-104.75,40.75,"SGS",2011,8,2011-08-01
0.548328459262848,-104.75,41.25,"CHY",2011,9,2011-09-01
-0.811846256256104,-99.25,38.75,"HAYS",2011,9,2011-09-01
-0.546055734157562,-96.75,39.25,"KNZ",2011,9,2011-09-01
-1.98990452289581,-106.75,34.25,"SEV_BLACK",2011,9,2011-09-01
-1.98990452289581,-106.75,34.25,"SEV_BLUE",2011,9,2011-09-01
0.294200032949448,-104.75,40.75,"SGS",2011,9,2011-09-01
0.776966273784637,-104.75,41.25,"CHY",2011,10,2011-10-01
-0.799460828304291,-99.25,38.75,"HAYS",2011,10,2011-10-01
-0.797223329544067,-96.75,39.25,"KNZ",2011,10,2011-10-01
-1.75960505008698,-106.75,34.25,"SEV_BLACK",2011,10,2011-10-01
-1.75960505008698,-106.75,34.25,"SEV_BLUE",2011,10,2011-10-01
0.573618590831757,-104.75,40.75,"SGS",2011,10,2011-10-01
0.184584826231003,-104.75,41.25,"CHY",2011,11,2011-11-01
-0.848052024841309,-99.25,38.75,"HAYS",2011,11,2011-11-01
-0.889606416225433,-96.75,39.25,"KNZ",2011,11,2011-11-01
-1.70554065704346,-106.75,34.25,"SEV_BLACK",2011,11,2011-11-01
-1.70554065704346,-106.75,34.25,"SEV_BLUE",2011,11,2011-11-01
0.307892769575119,-104.75,40.75,"SGS",2011,11,2011-11-01
0.495012789964676,-104.75,41.25,"CHY",2011,12,2011-12-01
-0.48273104429245,-99.25,38.75,"HAYS",2011,12,2011-12-01
-0.574647545814514,-96.75,39.25,"KNZ",2011,12,2011-12-01
-0.636437594890594,-106.75,34.25,"SEV_BLACK",2011,12,2011-12-01
-0.636437594890594,-106.75,34.25,"SEV_BLUE",2011,12,2011-12-01
0.649025976657867,-104.75,40.75,"SGS",2011,12,2011-12-01
-0.67636513710022,-104.75,41.25,"CHY",2012,1,2012-01-01
-0.539349615573883,-99.25,38.75,"HAYS",2012,1,2012-01-01
-0.621979296207428,-96.75,39.25,"KNZ",2012,1,2012-01-01
-0.586701154708862,-106.75,34.25,"SEV_BLACK",2012,1,2012-01-01
-0.586701154708862,-106.75,34.25,"SEV_BLUE",2012,1,2012-01-01
-0.55188000202179,-104.75,40.75,"SGS",2012,1,2012-01-01
0.024023087695241,-104.75,41.25,"CHY",2012,2,2012-02-01
-0.14746367931366,-99.25,38.75,"HAYS",2012,2,2012-02-01
-0.487359941005707,-96.75,39.25,"KNZ",2012,2,2012-02-01
0.11683289706707,-106.75,34.25,"SEV_BLACK",2012,2,2012-02-01
0.11683289706707,-106.75,34.25,"SEV_BLUE",2012,2,2012-02-01
0.149772837758064,-104.75,40.75,"SGS",2012,2,2012-02-01
-0.817472815513611,-104.75,41.25,"CHY",2012,3,2012-03-01
-0.138125449419022,-99.25,38.75,"HAYS",2012,3,2012-03-01
-0.140137881040573,-96.75,39.25,"KNZ",2012,3,2012-03-01
-0.0448296256363392,-106.75,34.25,"SEV_BLACK",2012,3,2012-03-01
-0.0448296256363392,-106.75,34.25,"SEV_BLUE",2012,3,2012-03-01
-0.66581654548645,-104.75,40.75,"SGS",2012,3,2012-03-01
-1.70762491226196,-104.75,41.25,"CHY",2012,4,2012-04-01
0.322970062494278,-99.25,38.75,"HAYS",2012,4,2012-04-01
0.589386641979218,-96.75,39.25,"KNZ",2012,4,2012-04-01
-0.28546068072319,-106.75,34.25,"SEV_BLACK",2012,4,2012-04-01
-0.28546068072319,-106.75,34.25,"SEV_BLUE",2012,4,2012-04-01
-1.6751092672348,-104.75,40.75,"SGS",2012,4,2012-04-01
-2.1820216178894,-104.75,41.25,"CHY",2012,5,2012-05-01
-0.98406195640564,-99.25,38.75,"HAYS",2012,5,2012-05-01
-0.914518773555756,-96.75,39.25,"KNZ",2012,5,2012-05-01
-0.340708255767822,-106.75,34.25,"SEV_BLACK",2012,5,2012-05-01
-0.340708255767822,-106.75,34.25,"SEV_BLUE",2012,5,2012-05-01
-2.30417370796204,-104.75,40.75,"SGS",2012,5,2012-05-01
-2.45420479774475,-104.75,41.25,"CHY",2012,6,2012-06-01
-1.61555826663971,-99.25,38.75,"HAYS",2012,6,2012-06-01
-1.50035107135773,-96.75,39.25,"KNZ",2012,6,2012-06-01
-1.53983664512634,-106.75,34.25,"SEV_BLACK",2012,6,2012-06-01
-1.53983664512634,-106.75,34.25,"SEV_BLUE",2012,6,2012-06-01
-2.49269962310791,-104.75,40.75,"SGS",2012,6,2012-06-01
-2.27255058288574,-104.75,41.25,"CHY",2012,7,2012-07-01
-1.79562759399414,-99.25,38.75,"HAYS",2012,7,2012-07-01
-1.67993938922882,-96.75,39.25,"KNZ",2012,7,2012-07-01
-1.3873393535614,-106.75,34.25,"SEV_BLACK",2012,7,2012-07-01
-1.3873393535614,-106.75,34.25,"SEV_BLUE",2012,7,2012-07-01
-2.32624340057373,-104.75,40.75,"SGS",2012,7,2012-07-01
-2.47019195556641,-104.75,41.25,"CHY",2012,8,2012-08-01
-1.92165064811707,-99.25,38.75,"HAYS",2012,8,2012-08-01
-1.91015326976776,-96.75,39.25,"KNZ",2012,8,2012-08-01
-1.64448654651642,-106.75,34.25,"SEV_BLACK",2012,8,2012-08-01
-1.64448654651642,-106.75,34.25,"SEV_BLUE",2012,8,2012-08-01
-2.53341746330261,-104.75,40.75,"SGS",2012,8,2012-08-01
-2.38500905036926,-104.75,41.25,"CHY",2012,9,2012-09-01
-2.04573082923889,-99.25,38.75,"HAYS",2012,9,2012-09-01
-2.00987100601196,-96.75,39.25,"KNZ",2012,9,2012-09-01
-1.34645736217499,-106.75,34.25,"SEV_BLACK",2012,9,2012-09-01
-1.34645736217499,-106.75,34.25,"SEV_BLUE",2012,9,2012-09-01
-2.38861751556396,-104.75,40.75,"SGS",2012,9,2012-09-01
-2.31707692146301,-104.75,41.25,"CHY",2012,10,2012-10-01
-2.03939747810364,-99.25,38.75,"HAYS",2012,10,2012-10-01
-1.96000158786774,-96.75,39.25,"KNZ",2012,10,2012-10-01
-1.51773595809937,-106.75,34.25,"SEV_BLACK",2012,10,2012-10-01
-1.51773595809937,-106.75,34.25,"SEV_BLUE",2012,10,2012-10-01
-2.25681781768799,-104.75,40.75,"SGS",2012,10,2012-10-01
-2.24828767776489,-104.75,41.25,"CHY",2012,11,2012-11-01
-1.87028276920319,-99.25,38.75,"HAYS",2012,11,2012-11-01
-1.89797985553741,-96.75,39.25,"KNZ",2012,11,2012-11-01
-1.72034156322479,-106.75,34.25,"SEV_BLACK",2012,11,2012-11-01
-1.72034156322479,-106.75,34.25,"SEV_BLUE",2012,11,2012-11-01
-2.11902070045471,-104.75,40.75,"SGS",2012,11,2012-11-01
-2.06780433654785,-104.75,41.25,"CHY",2012,12,2012-12-01
-1.72427177429199,-99.25,38.75,"HAYS",2012,12,2012-12-01
-1.87578725814819,-96.75,39.25,"KNZ",2012,12,2012-12-01
-1.42558634281158,-106.75,34.25,"SEV_BLACK",2012,12,2012-12-01
-1.42558634281158,-106.75,34.25,"SEV_BLUE",2012,12,2012-12-01
-1.75880146026611,-104.75,40.75,"SGS",2012,12,2012-12-01
-1.95552051067352,-104.75,41.25,"CHY",2013,1,2013-01-01
-1.36756038665771,-99.25,38.75,"HAYS",2013,1,2013-01-01
-1.45945835113525,-96.75,39.25,"KNZ",2013,1,2013-01-01
-1.34489417076111,-106.75,34.25,"SEV_BLACK",2013,1,2013-01-01
-1.34489417076111,-106.75,34.25,"SEV_BLUE",2013,1,2013-01-01
-1.70168912410736,-104.75,40.75,"SGS",2013,1,2013-01-01
-0.970047295093536,-104.75,41.25,"CHY",2013,2,2013-02-01
-1.12494051456451,-99.25,38.75,"HAYS",2013,2,2013-02-01
-1.13382160663605,-96.75,39.25,"KNZ",2013,2,2013-02-01
-1.09195446968079,-106.75,34.25,"SEV_BLACK",2013,2,2013-02-01
-1.09195446968079,-106.75,34.25,"SEV_BLUE",2013,2,2013-02-01
-0.606335878372192,-104.75,40.75,"SGS",2013,2,2013-02-01
-0.55806565284729,-104.75,41.25,"CHY",2013,3,2013-03-01
-0.32764333486557,-99.25,38.75,"HAYS",2013,3,2013-03-01
-0.346075147390366,-96.75,39.25,"KNZ",2013,3,2013-03-01
-1.19869744777679,-106.75,34.25,"SEV_BLACK",2013,3,2013-03-01
-1.19869744777679,-106.75,34.25,"SEV_BLUE",2013,3,2013-03-01
-0.445227265357971,-104.75,40.75,"SGS",2013,3,2013-03-01
0.304954469203949,-104.75,41.25,"CHY",2013,4,2013-04-01
-0.0590025447309017,-99.25,38.75,"HAYS",2013,4,2013-04-01
0.21264161169529,-96.75,39.25,"KNZ",2013,4,2013-04-01
-0.953235805034637,-106.75,34.25,"SEV_BLACK",2013,4,2013-04-01
-0.953235805034637,-106.75,34.25,"SEV_BLUE",2013,4,2013-04-01
0.223898679018021,-104.75,40.75,"SGS",2013,4,2013-04-01
0.178390383720398,-104.75,41.25,"CHY",2013,5,2013-05-01
0.416114628314972,-99.25,38.75,"HAYS",2013,5,2013-05-01
1.05239593982697,-96.75,39.25,"KNZ",2013,5,2013-05-01
-0.990644812583923,-106.75,34.25,"SEV_BLACK",2013,5,2013-05-01
-0.990644812583923,-106.75,34.25,"SEV_BLUE",2013,5,2013-05-01
0.0746674314141273,-104.75,40.75,"SGS",2013,5,2013-05-01
-0.709268093109131,-104.75,41.25,"CHY",2013,6,2013-06-01
-0.141060650348663,-99.25,38.75,"HAYS",2013,6,2013-06-01
0.443483948707581,-96.75,39.25,"KNZ",2013,6,2013-06-01
-1.2304208278656,-106.75,34.25,"SEV_BLACK",2013,6,2013-06-01
-1.2304208278656,-106.75,34.25,"SEV_BLUE",2013,6,2013-06-01
-0.847475588321686,-104.75,40.75,"SGS",2013,6,2013-06-01
-0.722615003585815,-104.75,41.25,"CHY",2013,7,2013-07-01
0.0547804534435272,-99.25,38.75,"HAYS",2013,7,2013-07-01
0.372108727693558,-96.75,39.25,"KNZ",2013,7,2013-07-01
-0.477977216243744,-106.75,34.25,"SEV_BLACK",2013,7,2013-07-01
-0.477977216243744,-106.75,34.25,"SEV_BLUE",2013,7,2013-07-01
-0.826058864593506,-104.75,40.75,"SGS",2013,7,2013-07-01
-0.847506642341614,-104.75,41.25,"CHY",2013,8,2013-08-01
0.680982053279877,-99.25,38.75,"HAYS",2013,8,2013-08-01
0.653255999088287,-96.75,39.25,"KNZ",2013,8,2013-08-01
-0.840665221214294,-106.75,34.25,"SEV_BLACK",2013,8,2013-08-01
-0.840665221214294,-106.75,34.25,"SEV_BLUE",2013,8,2013-08-01
-0.827685236930847,-104.75,40.75,"SGS",2013,8,2013-08-01
-0.523223400115967,-104.75,41.25,"CHY",2013,9,2013-09-01
0.636676609516144,-99.25,38.75,"HAYS",2013,9,2013-09-01
0.358639806509018,-96.75,39.25,"KNZ",2013,9,2013-09-01
0.0772941038012505,-106.75,34.25,"SEV_BLACK",2013,9,2013-09-01
0.0772941038012505,-106.75,34.25,"SEV_BLUE",2013,9,2013-09-01
-0.375261723995209,-104.75,40.75,"SGS",2013,9,2013-09-01
-0.483533382415771,-104.75,41.25,"CHY",2013,10,2013-10-01
0.655999183654785,-99.25,38.75,"HAYS",2013,10,2013-10-01
0.306136965751648,-96.75,39.25,"KNZ",2013,10,2013-10-01
0.0525996685028076,-106.75,34.25,"SEV_BLACK",2013,10,2013-10-01
0.0525996685028076,-106.75,34.25,"SEV_BLUE",2013,10,2013-10-01
-0.363426297903061,-104.75,40.75,"SGS",2013,10,2013-10-01
-0.285532355308533,-104.75,41.25,"CHY",2013,11,2013-11-01
0.637229859828949,-99.25,38.75,"HAYS",2013,11,2013-11-01
-0.056315541267395,-96.75,39.25,"KNZ",2013,11,2013-11-01
0.547062516212463,-106.75,34.25,"SEV_BLACK",2013,11,2013-11-01
0.547062516212463,-106.75,34.25,"SEV_BLUE",2013,11,2013-11-01
-0.0201123524457216,-104.75,40.75,"SGS",2013,11,2013-11-01
0.687050044536591,-104.75,41.25,"CHY",2013,12,2013-12-01
1.04927718639374,-99.25,38.75,"HAYS",2013,12,2013-12-01
0.296432882547379,-96.75,39.25,"KNZ",2013,12,2013-12-01
0.911401748657227,-106.75,34.25,"SEV_BLACK",2013,12,2013-12-01
0.911401748657227,-106.75,34.25,"SEV_BLUE",2013,12,2013-12-01
0.974527180194855,-104.75,40.75,"SGS",2013,12,2013-12-01
1.02384233474731,-104.75,41.25,"CHY",2014,1,2014-01-01
1.00611865520477,-99.25,38.75,"HAYS",2014,1,2014-01-01
0.177785858511925,-96.75,39.25,"KNZ",2014,1,2014-01-01
-0.0650909692049026,-106.75,34.25,"SEV_BLACK",2014,1,2014-01-01
-0.0650909692049026,-106.75,34.25,"SEV_BLUE",2014,1,2014-01-01
1.28542745113373,-104.75,40.75,"SGS",2014,1,2014-01-01
1.44030869007111,-104.75,41.25,"CHY",2014,2,2014-02-01
0.0748076662421227,-99.25,38.75,"HAYS",2014,2,2014-02-01
-0.366573423147202,-96.75,39.25,"KNZ",2014,2,2014-02-01
-0.0203517600893974,-106.75,34.25,"SEV_BLACK",2014,2,2014-02-01
-0.0203517600893974,-106.75,34.25,"SEV_BLUE",2014,2,2014-02-01
1.51598000526428,-104.75,40.75,"SGS",2014,2,2014-02-01
1.06675791740417,-104.75,41.25,"CHY",2014,3,2014-03-01
-0.0229403842240572,-99.25,38.75,"HAYS",2014,3,2014-03-01
-0.223870486021042,-96.75,39.25,"KNZ",2014,3,2014-03-01
-0.813884437084198,-106.75,34.25,"SEV_BLACK",2014,3,2014-03-01
-0.813884437084198,-106.75,34.25,"SEV_BLUE",2014,3,2014-03-01
0.963431417942047,-104.75,40.75,"SGS",2014,3,2014-03-01
-0.0729648768901825,-104.75,41.25,"CHY",2014,4,2014-04-01
-0.953429162502289,-99.25,38.75,"HAYS",2014,4,2014-04-01
-1.03818118572235,-96.75,39.25,"KNZ",2014,4,2014-04-01
-0.658733606338501,-106.75,34.25,"SEV_BLACK",2014,4,2014-04-01
-0.658733606338501,-106.75,34.25,"SEV_BLUE",2014,4,2014-04-01
0.260759890079498,-104.75,40.75,"SGS",2014,4,2014-04-01
-0.0359808094799519,-104.75,41.25,"CHY",2014,5,2014-05-01
-1.3255387544632,-99.25,38.75,"HAYS",2014,5,2014-05-01
-1.38529992103577,-96.75,39.25,"KNZ",2014,5,2014-05-01
-0.730540931224823,-106.75,34.25,"SEV_BLACK",2014,5,2014-05-01
-0.730540931224823,-106.75,34.25,"SEV_BLUE",2014,5,2014-05-01
0.259613901376724,-104.75,40.75,"SGS",2014,5,2014-05-01
0.119518212974072,-104.75,41.25,"CHY",2014,6,2014-06-01
0.0892180427908897,-99.25,38.75,"HAYS",2014,6,2014-06-01
-0.134198889136314,-96.75,39.25,"KNZ",2014,6,2014-06-01
-1.02890932559967,-106.75,34.25,"SEV_BLACK",2014,6,2014-06-01
-1.02890932559967,-106.75,34.25,"SEV_BLUE",2014,6,2014-06-01
0.171907156705856,-104.75,40.75,"SGS",2014,6,2014-06-01
0.182554125785828,-104.75,41.25,"CHY",2014,7,2014-07-01
0.0393823534250259,-99.25,38.75,"HAYS",2014,7,2014-07-01
-0.196606695652008,-96.75,39.25,"KNZ",2014,7,2014-07-01
0.0399015285074711,-106.75,34.25,"SEV_BLACK",2014,7,2014-07-01
0.0399015285074711,-106.75,34.25,"SEV_BLUE",2014,7,2014-07-01
0.353102624416351,-104.75,40.75,"SGS",2014,7,2014-07-01
0.306193798780441,-104.75,41.25,"CHY",2014,8,2014-08-01
0.28069943189621,-99.25,38.75,"HAYS",2014,8,2014-08-01
0.174327000975609,-96.75,39.25,"KNZ",2014,8,2014-08-01
0.594554603099823,-106.75,34.25,"SEV_BLACK",2014,8,2014-08-01
0.594554603099823,-106.75,34.25,"SEV_BLUE",2014,8,2014-08-01
0.395052373409271,-104.75,40.75,"SGS",2014,8,2014-08-01
0.559725880622864,-104.75,41.25,"CHY",2014,9,2014-09-01
0.545252501964569,-99.25,38.75,"HAYS",2014,9,2014-09-01
0.470913231372833,-96.75,39.25,"KNZ",2014,9,2014-09-01
1.22948682308197,-106.75,34.25,"SEV_BLACK",2014,9,2014-09-01
1.22948682308197,-106.75,34.25,"SEV_BLUE",2014,9,2014-09-01
0.646518886089325,-104.75,40.75,"SGS",2014,9,2014-09-01
0.525626242160797,-104.75,41.25,"CHY",2014,10,2014-10-01
0.713319540023804,-99.25,38.75,"HAYS",2014,10,2014-10-01
0.573047757148743,-96.75,39.25,"KNZ",2014,10,2014-10-01
1.15909838676453,-106.75,34.25,"SEV_BLACK",2014,10,2014-10-01
1.15909838676453,-106.75,34.25,"SEV_BLUE",2014,10,2014-10-01
0.485962361097336,-104.75,40.75,"SGS",2014,10,2014-10-01
0.849728107452393,-104.75,41.25,"CHY",2014,11,2014-11-01
0.962267398834229,-99.25,38.75,"HAYS",2014,11,2014-11-01
0.85343611240387,-96.75,39.25,"KNZ",2014,11,2014-11-01
1.02286720275879,-106.75,34.25,"SEV_BLACK",2014,11,2014-11-01
1.02286720275879,-106.75,34.25,"SEV_BLUE",2014,11,2014-11-01
0.792793095111847,-104.75,40.75,"SGS",2014,11,2014-11-01
1.00156509876251,-104.75,41.25,"CHY",2014,12,2014-12-01
0.322621613740921,-99.25,38.75,"HAYS",2014,12,2014-12-01
0.387690603733063,-96.75,39.25,"KNZ",2014,12,2014-12-01
1.30714762210846,-106.75,34.25,"SEV_BLACK",2014,12,2014-12-01
1.30714762210846,-106.75,34.25,"SEV_BLUE",2014,12,2014-12-01
1.02349305152893,-104.75,40.75,"SGS",2014,12,2014-12-01
0.85025429725647,-104.75,41.25,"CHY",2015,1,2015-01-01
0.650216579437256,-99.25,38.75,"HAYS",2015,1,2015-01-01
0.754574298858643,-96.75,39.25,"KNZ",2015,1,2015-01-01
1.02951109409332,-106.75,34.25,"SEV_BLACK",2015,1,2015-01-01
1.02951109409332,-106.75,34.25,"SEV_BLUE",2015,1,2015-01-01
0.709808766841888,-104.75,40.75,"SGS",2015,1,2015-01-01
0.286475449800491,-104.75,41.25,"CHY",2015,2,2015-02-01
0.124284282326698,-99.25,38.75,"HAYS",2015,2,2015-02-01
0.171487897634506,-96.75,39.25,"KNZ",2015,2,2015-02-01
0.839010179042816,-106.75,34.25,"SEV_BLACK",2015,2,2015-02-01
0.839010179042816,-106.75,34.25,"SEV_BLUE",2015,2,2015-02-01
0.330006510019302,-104.75,40.75,"SGS",2015,2,2015-02-01
-0.928274750709534,-104.75,41.25,"CHY",2015,3,2015-03-01
-0.76508492231369,-99.25,38.75,"HAYS",2015,3,2015-03-01
-0.685116708278656,-96.75,39.25,"KNZ",2015,3,2015-03-01
0.123955816030502,-106.75,34.25,"SEV_BLACK",2015,3,2015-03-01
0.123955816030502,-106.75,34.25,"SEV_BLUE",2015,3,2015-03-01
-0.822542726993561,-104.75,40.75,"SGS",2015,3,2015-03-01
-0.162835359573364,-104.75,41.25,"CHY",2015,4,2015-04-01
-0.964639186859131,-99.25,38.75,"HAYS",2015,4,2015-04-01
-1.0753561258316,-96.75,39.25,"KNZ",2015,4,2015-04-01
0.310199707746506,-106.75,34.25,"SEV_BLACK",2015,4,2015-04-01
0.310199707746506,-106.75,34.25,"SEV_BLUE",2015,4,2015-04-01
0.078472226858139,-104.75,40.75,"SGS",2015,4,2015-04-01
1.31013977527618,-104.75,41.25,"CHY",2015,5,2015-05-01
0.383749395608902,-99.25,38.75,"HAYS",2015,5,2015-05-01
0.572439730167389,-96.75,39.25,"KNZ",2015,5,2015-05-01
1.1772792339325,-106.75,34.25,"SEV_BLACK",2015,5,2015-05-01
1.1772792339325,-106.75,34.25,"SEV_BLUE",2015,5,2015-05-01
1.3665177822113,-104.75,40.75,"SGS",2015,5,2015-05-01
0.846150696277618,-104.75,41.25,"CHY",2015,6,2015-06-01
0.125746756792068,-99.25,38.75,"HAYS",2015,6,2015-06-01
0.657634139060974,-96.75,39.25,"KNZ",2015,6,2015-06-01
1.11508941650391,-106.75,34.25,"SEV_BLACK",2015,6,2015-06-01
1.11508941650391,-106.75,34.25,"SEV_BLUE",2015,6,2015-06-01
1.00296974182129,-104.75,40.75,"SGS",2015,6,2015-06-01
0.881510078907013,-104.75,41.25,"CHY",2015,7,2015-07-01
0.347022294998169,-99.25,38.75,"HAYS",2015,7,2015-07-01
0.982130706310272,-96.75,39.25,"KNZ",2015,7,2015-07-01
1.34589695930481,-106.75,34.25,"SEV_BLACK",2015,7,2015-07-01
1.34589695930481,-106.75,34.25,"SEV_BLUE",2015,7,2015-07-01
0.985097646713257,-104.75,40.75,"SGS",2015,7,2015-07-01
0.736015498638153,-104.75,41.25,"CHY",2015,8,2015-08-01
0.570838630199432,-99.25,38.75,"HAYS",2015,8,2015-08-01
1.07255232334137,-96.75,39.25,"KNZ",2015,8,2015-08-01
0.98882383108139,-106.75,34.25,"SEV_BLACK",2015,8,2015-08-01
0.98882383108139,-106.75,34.25,"SEV_BLUE",2015,8,2015-08-01
0.889968514442444,-104.75,40.75,"SGS",2015,8,2015-08-01
0.819107115268707,-104.75,41.25,"CHY",2015,9,2015-09-01
0.847312986850739,-99.25,38.75,"HAYS",2015,9,2015-09-01
1.31545209884644,-96.75,39.25,"KNZ",2015,9,2015-09-01
0.887886583805084,-106.75,34.25,"SEV_BLACK",2015,9,2015-09-01
0.887886583805084,-106.75,34.25,"SEV_BLUE",2015,9,2015-09-01
0.921749174594879,-104.75,40.75,"SGS",2015,9,2015-09-01
0.791204154491425,-104.75,41.25,"CHY",2015,10,2015-10-01
0.93550705909729,-99.25,38.75,"HAYS",2015,10,2015-10-01
1.23979020118713,-96.75,39.25,"KNZ",2015,10,2015-10-01
1.49763906002045,-106.75,34.25,"SEV_BLACK",2015,10,2015-10-01
1.49763906002045,-106.75,34.25,"SEV_BLUE",2015,10,2015-10-01
0.819313049316406,-104.75,40.75,"SGS",2015,10,2015-10-01
-0.267864435911179,-104.75,41.25,"CHY",2015,11,2015-11-01
0.595786333084106,-99.25,38.75,"HAYS",2015,11,2015-11-01
0.973246335983276,-96.75,39.25,"KNZ",2015,11,2015-11-01
0.963550269603729,-106.75,34.25,"SEV_BLACK",2015,11,2015-11-01
0.963550269603729,-106.75,34.25,"SEV_BLUE",2015,11,2015-11-01
-0.251437097787857,-104.75,40.75,"SGS",2015,11,2015-11-01
0.0218049809336662,-104.75,41.25,"CHY",2015,12,2015-12-01
0.892346620559692,-99.25,38.75,"HAYS",2015,12,2015-12-01
1.09666347503662,-96.75,39.25,"KNZ",2015,12,2015-12-01
0.990856289863586,-106.75,34.25,"SEV_BLACK",2015,12,2015-12-01
0.990856289863586,-106.75,34.25,"SEV_BLUE",2015,12,2015-12-01
0.00229032686911523,-104.75,40.75,"SGS",2015,12,2015-12-01
-0.124578133225441,-104.75,41.25,"CHY",2016,1,2016-01-01
0.759065687656403,-99.25,38.75,"HAYS",2016,1,2016-01-01
0.727012574672699,-96.75,39.25,"KNZ",2016,1,2016-01-01
0.518182337284088,-106.75,34.25,"SEV_BLACK",2016,1,2016-01-01
0.518182337284088,-106.75,34.25,"SEV_BLUE",2016,1,2016-01-01
0.0105948578566313,-104.75,40.75,"SGS",2016,1,2016-01-01
-0.227266311645508,-104.75,41.25,"CHY",2016,2,2016-02-01
0.224900558590889,-99.25,38.75,"HAYS",2016,2,2016-02-01
0.284882515668869,-96.75,39.25,"KNZ",2016,2,2016-02-01
0.656227827072144,-106.75,34.25,"SEV_BLACK",2016,2,2016-02-01
0.656227827072144,-106.75,34.25,"SEV_BLUE",2016,2,2016-02-01
-0.129144251346588,-104.75,40.75,"SGS",2016,2,2016-02-01
0.646873712539673,-104.75,41.25,"CHY",2016,3,2016-03-01
0.0105801085010171,-99.25,38.75,"HAYS",2016,3,2016-03-01
-0.0164920389652252,-96.75,39.25,"KNZ",2016,3,2016-03-01
0.441294103860855,-106.75,34.25,"SEV_BLACK",2016,3,2016-03-01
0.441294103860855,-106.75,34.25,"SEV_BLUE",2016,3,2016-03-01
0.780070126056671,-104.75,40.75,"SGS",2016,3,2016-03-01
1.39552390575409,-104.75,41.25,"CHY",2016,4,2016-04-01
0.51606297492981,-99.25,38.75,"HAYS",2016,4,2016-04-01
0.888295352458954,-96.75,39.25,"KNZ",2016,4,2016-04-01
-0.515480816364288,-106.75,34.25,"SEV_BLACK",2016,4,2016-04-01
-0.515480816364288,-106.75,34.25,"SEV_BLUE",2016,4,2016-04-01
1.59196722507477,-104.75,40.75,"SGS",2016,4,2016-04-01
1.26969313621521,-104.75,41.25,"CHY",2016,5,2016-05-01
0.601686358451843,-99.25,38.75,"HAYS",2016,5,2016-05-01
1.12051725387573,-96.75,39.25,"KNZ",2016,5,2016-05-01
-0.568075120449066,-106.75,34.25,"SEV_BLACK",2016,5,2016-05-01
-0.568075120449066,-106.75,34.25,"SEV_BLUE",2016,5,2016-05-01
1.56062686443329,-104.75,40.75,"SGS",2016,5,2016-05-01
0.461254507303238,-104.75,41.25,"CHY",2016,6,2016-06-01
-0.267907381057739,-99.25,38.75,"HAYS",2016,6,2016-06-01
-0.176698729395866,-96.75,39.25,"KNZ",2016,6,2016-06-01
-1.11000382900238,-106.75,34.25,"SEV_BLACK",2016,6,2016-06-01
-1.11000382900238,-106.75,34.25,"SEV_BLUE",2016,6,2016-06-01
0.836858689785004,-104.75,40.75,"SGS",2016,6,2016-06-01
0.0708035454154015,-104.75,41.25,"CHY",2016,7,2016-07-01
0.416459053754807,-99.25,38.75,"HAYS",2016,7,2016-07-01
0.524195194244385,-96.75,39.25,"KNZ",2016,7,2016-07-01
-1.64072334766388,-106.75,34.25,"SEV_BLACK",2016,7,2016-07-01
-1.64072334766388,-106.75,34.25,"SEV_BLUE",2016,7,2016-07-01
0.392762571573257,-104.75,40.75,"SGS",2016,7,2016-07-01
0.0710741654038429,-104.75,41.25,"CHY",2016,8,2016-08-01
0.883872210979462,-99.25,38.75,"HAYS",2016,8,2016-08-01
1.1423807144165,-96.75,39.25,"KNZ",2016,8,2016-08-01
-0.592118442058563,-106.75,34.25,"SEV_BLACK",2016,8,2016-08-01
-0.592118442058563,-106.75,34.25,"SEV_BLUE",2016,8,2016-08-01
0.337236046791077,-104.75,40.75,"SGS",2016,8,2016-08-01
-0.0457442589104176,-104.75,41.25,"CHY",2016,9,2016-09-01
1.22289288043976,-99.25,38.75,"HAYS",2016,9,2016-09-01
1.46720004081726,-96.75,39.25,"KNZ",2016,9,2016-09-01
-0.0645554512739182,-106.75,34.25,"SEV_BLACK",2016,9,2016-09-01
-0.0645554512739182,-106.75,34.25,"SEV_BLUE",2016,9,2016-09-01
0.100037790834904,-104.75,40.75,"SGS",2016,9,2016-09-01
-0.880380749702454,-104.75,41.25,"CHY",2016,10,2016-10-01
0.771829783916473,-99.25,38.75,"HAYS",2016,10,2016-10-01
1.09813702106476,-96.75,39.25,"KNZ",2016,10,2016-10-01
-0.488450199365616,-106.75,34.25,"SEV_BLACK",2016,10,2016-10-01
-0.488450199365616,-106.75,34.25,"SEV_BLUE",2016,10,2016-10-01
-0.992879271507263,-104.75,40.75,"SGS",2016,10,2016-10-01
-1.37710452079773,-104.75,41.25,"CHY",2016,11,2016-11-01
0.418659090995789,-99.25,38.75,"HAYS",2016,11,2016-11-01
0.58232319355011,-96.75,39.25,"KNZ",2016,11,2016-11-01
-0.28091886639595,-106.75,34.25,"SEV_BLACK",2016,11,2016-11-01
-0.28091886639595,-106.75,34.25,"SEV_BLUE",2016,11,2016-11-01
-1.54500186443329,-104.75,40.75,"SGS",2016,11,2016-11-01
-0.998404383659363,-104.75,41.25,"CHY",2016,12,2016-12-01
0.991459727287292,-99.25,38.75,"HAYS",2016,12,2016-12-01
1.32977378368378,-96.75,39.25,"KNZ",2016,12,2016-12-01
0.0827803462743759,-106.75,34.25,"SEV_BLACK",2016,12,2016-12-01
0.0827803462743759,-106.75,34.25,"SEV_BLUE",2016,12,2016-12-01
-1.26639676094055,-104.75,40.75,"SGS",2016,12,2016-12-01
-0.292172253131866,-104.75,41.25,"CHY",2017,1,2017-01-01
0.638425290584564,-99.25,38.75,"HAYS",2017,1,2017-01-01
1.07093930244446,-96.75,39.25,"KNZ",2017,1,2017-01-01
0.948971033096313,-106.75,34.25,"SEV_BLACK",2017,1,2017-01-01
0.948971033096313,-106.75,34.25,"SEV_BLUE",2017,1,2017-01-01
-0.731983125209808,-104.75,40.75,"SGS",2017,1,2017-01-01
-0.375529915094376,-104.75,41.25,"CHY",2017,2,2017-02-01
-0.42604985833168,-99.25,38.75,"HAYS",2017,2,2017-02-01
-0.00892353896051645,-96.75,39.25,"KNZ",2017,2,2017-02-01
0.0923372656106949,-106.75,34.25,"SEV_BLACK",2017,2,2017-02-01
0.0923372656106949,-106.75,34.25,"SEV_BLUE",2017,2,2017-02-01
-0.932011783123016,-104.75,40.75,"SGS",2017,2,2017-02-01
-0.723783433437347,-104.75,41.25,"CHY",2017,3,2017-03-01
-0.46233206987381,-99.25,38.75,"HAYS",2017,3,2017-03-01
-0.53704047203064,-96.75,39.25,"KNZ",2017,3,2017-03-01
-0.584037482738495,-106.75,34.25,"SEV_BLACK",2017,3,2017-03-01
-0.584037482738495,-106.75,34.25,"SEV_BLUE",2017,3,2017-03-01
-1.10194420814514,-104.75,40.75,"SGS",2017,3,2017-03-01
0.178740069270134,-104.75,41.25,"CHY",2017,4,2017-04-01
0.861725747585297,-99.25,38.75,"HAYS",2017,4,2017-04-01
0.78931713104248,-96.75,39.25,"KNZ",2017,4,2017-04-01
-0.0941181257367134,-106.75,34.25,"SEV_BLACK",2017,4,2017-04-01
-0.0941181257367134,-106.75,34.25,"SEV_BLUE",2017,4,2017-04-01
-0.236789688467979,-104.75,40.75,"SGS",2017,4,2017-04-01
0.663957178592682,-104.75,41.25,"CHY",2017,5,2017-05-01
1.18553483486176,-99.25,38.75,"HAYS",2017,5,2017-05-01
1.16643619537354,-96.75,39.25,"KNZ",2017,5,2017-05-01
-0.429068565368652,-106.75,34.25,"SEV_BLACK",2017,5,2017-05-01
-0.429068565368652,-106.75,34.25,"SEV_BLUE",2017,5,2017-05-01
0.675767242908478,-104.75,40.75,"SGS",2017,5,2017-05-01
-0.301134496927261,-104.75,41.25,"CHY",2017,6,2017-06-01
0.756234884262085,-99.25,38.75,"HAYS",2017,6,2017-06-01
0.968330919742584,-96.75,39.25,"KNZ",2017,6,2017-06-01
-0.698329746723175,-106.75,34.25,"SEV_BLACK",2017,6,2017-06-01
-0.698329746723175,-106.75,34.25,"SEV_BLUE",2017,6,2017-06-01
-0.0982918813824654,-104.75,40.75,"SGS",2017,6,2017-06-01
-0.895550847053528,-104.75,41.25,"CHY",2017,7,2017-07-01
0.437488824129105,-99.25,38.75,"HAYS",2017,7,2017-07-01
0.648162186145782,-96.75,39.25,"KNZ",2017,7,2017-07-01
-0.872342109680176,-106.75,34.25,"SEV_BLACK",2017,7,2017-07-01
-0.872342109680176,-106.75,34.25,"SEV_BLUE",2017,7,2017-07-01
-0.502727448940277,-104.75,40.75,"SGS",2017,7,2017-07-01
-0.663707733154297,-104.75,41.25,"CHY",2017,8,2017-08-01
0.797954916954041,-99.25,38.75,"HAYS",2017,8,2017-08-01
1.10396587848663,-96.75,39.25,"KNZ",2017,8,2017-08-01
-0.557295560836792,-106.75,34.25,"SEV_BLACK",2017,8,2017-08-01
-0.557295560836792,-106.75,34.25,"SEV_BLUE",2017,8,2017-08-01
-0.283032983541489,-104.75,40.75,"SGS",2017,8,2017-08-01
-0.203193455934525,-104.75,41.25,"CHY",2017,9,2017-09-01
0.869360566139221,-99.25,38.75,"HAYS",2017,9,2017-09-01
0.918370068073273,-96.75,39.25,"KNZ",2017,9,2017-09-01
0.324126183986664,-106.75,34.25,"SEV_BLACK",2017,9,2017-09-01
0.324126183986664,-106.75,34.25,"SEV_BLUE",2017,9,2017-09-01
0.17387393116951,-104.75,40.75,"SGS",2017,9,2017-09-01
-0.294216334819794,-104.75,41.25,"CHY",2017,10,2017-10-01
0.448010951280594,-99.25,38.75,"HAYS",2017,10,2017-10-01
0.707601487636566,-96.75,39.25,"KNZ",2017,10,2017-10-01
0.0292046014219522,-106.75,34.25,"SEV_BLACK",2017,10,2017-10-01
0.0292046014219522,-106.75,34.25,"SEV_BLUE",2017,10,2017-10-01
0.109716951847076,-104.75,40.75,"SGS",2017,10,2017-10-01
-0.91116327047348,-104.75,41.25,"CHY",2017,11,2017-11-01
0.096497505903244,-99.25,38.75,"HAYS",2017,11,2017-11-01
0.428892880678177,-96.75,39.25,"KNZ",2017,11,2017-11-01
-0.255106121301651,-106.75,34.25,"SEV_BLACK",2017,11,2017-11-01
-0.255106121301651,-106.75,34.25,"SEV_BLUE",2017,11,2017-11-01
-0.735534369945526,-104.75,40.75,"SGS",2017,11,2017-11-01
-0.236059993505478,-104.75,41.25,"CHY",2017,12,2017-12-01
0.204668655991554,-99.25,38.75,"HAYS",2017,12,2017-12-01
0.304086565971375,-96.75,39.25,"KNZ",2017,12,2017-12-01
-0.333945512771606,-106.75,34.25,"SEV_BLACK",2017,12,2017-12-01
-0.333945512771606,-106.75,34.25,"SEV_BLUE",2017,12,2017-12-01
-0.284460663795471,-104.75,40.75,"SGS",2017,12,2017-12-01
0.306023806333542,-104.75,41.25,"CHY",2018,1,2018-01-01
0.320530921220779,-99.25,38.75,"HAYS",2018,1,2018-01-01
0.272641062736511,-96.75,39.25,"KNZ",2018,1,2018-01-01
-0.871315479278564,-106.75,34.25,"SEV_BLACK",2018,1,2018-01-01
-0.871315479278564,-106.75,34.25,"SEV_BLUE",2018,1,2018-01-01
-0.0457275658845901,-104.75,40.75,"SGS",2018,1,2018-01-01
0.262863129377365,-104.75,41.25,"CHY",2018,2,2018-02-01
0.0935635641217232,-99.25,38.75,"HAYS",2018,2,2018-02-01
-0.218237295746803,-96.75,39.25,"KNZ",2018,2,2018-02-01
-0.995120584964752,-106.75,34.25,"SEV_BLACK",2018,2,2018-02-01
-0.995120584964752,-106.75,34.25,"SEV_BLUE",2018,2,2018-02-01
-0.131125822663307,-104.75,40.75,"SGS",2018,2,2018-02-01
-0.229932948946953,-104.75,41.25,"CHY",2018,3,2018-03-01
-0.397472620010376,-99.25,38.75,"HAYS",2018,3,2018-03-01
-0.2972472012043,-96.75,39.25,"KNZ",2018,3,2018-03-01
-1.56929731369019,-106.75,34.25,"SEV_BLACK",2018,3,2018-03-01
-1.56929731369019,-106.75,34.25,"SEV_BLUE",2018,3,2018-03-01
-0.728916168212891,-104.75,40.75,"SGS",2018,3,2018-03-01
-0.682388305664062,-104.75,41.25,"CHY",2018,4,2018-04-01
-0.928203284740448,-99.25,38.75,"HAYS",2018,4,2018-04-01
-1.37328732013702,-96.75,39.25,"KNZ",2018,4,2018-04-01
-1.82446420192719,-106.75,34.25,"SEV_BLACK",2018,4,2018-04-01
-1.82446420192719,-106.75,34.25,"SEV_BLUE",2018,4,2018-04-01
-1.16074681282043,-104.75,40.75,"SGS",2018,4,2018-04-01
0.0106898220255971,-104.75,41.25,"CHY",2018,5,2018-05-01
-0.749756515026093,-99.25,38.75,"HAYS",2018,5,2018-05-01
-1.17575931549072,-96.75,39.25,"KNZ",2018,5,2018-05-01
-1.81481432914734,-106.75,34.25,"SEV_BLACK",2018,5,2018-05-01
-1.81481432914734,-106.75,34.25,"SEV_BLUE",2018,5,2018-05-01
-0.676015436649323,-104.75,40.75,"SGS",2018,5,2018-05-01
-0.21679550409317,-104.75,41.25,"CHY",2018,6,2018-06-01
-0.541441440582275,-99.25,38.75,"HAYS",2018,6,2018-06-01
-0.546888709068298,-96.75,39.25,"KNZ",2018,6,2018-06-01
-1.63831925392151,-106.75,34.25,"SEV_BLACK",2018,6,2018-06-01
-1.63831925392151,-106.75,34.25,"SEV_BLUE",2018,6,2018-06-01
-0.974594235420227,-104.75,40.75,"SGS",2018,6,2018-06-01
-0.136962339282036,-104.75,41.25,"CHY",2018,7,2018-07-01
-0.408190488815308,-99.25,38.75,"HAYS",2018,7,2018-07-01
-0.48546427488327,-96.75,39.25,"KNZ",2018,7,2018-07-01
-1.2110743522644,-106.75,34.25,"SEV_BLACK",2018,7,2018-07-01
-1.2110743522644,-106.75,34.25,"SEV_BLUE",2018,7,2018-07-01
-0.893219351768494,-104.75,40.75,"SGS",2018,7,2018-07-01
-0.0780421793460846,-104.75,41.25,"CHY",2018,8,2018-08-01
0.0129100298509002,-99.25,38.75,"HAYS",2018,8,2018-08-01
-0.222303450107574,-96.75,39.25,"KNZ",2018,8,2018-08-01
-1.52654588222504,-106.75,34.25,"SEV_BLACK",2018,8,2018-08-01
-1.52654588222504,-106.75,34.25,"SEV_BLUE",2018,8,2018-08-01
-0.748257756233215,-104.75,40.75,"SGS",2018,8,2018-08-01
-0.249344125390053,-104.75,41.25,"CHY",2018,9,2018-09-01
0.340680688619614,-99.25,38.75,"HAYS",2018,9,2018-09-01
0.143941357731819,-96.75,39.25,"KNZ",2018,9,2018-09-01
-1.29705119132996,-106.75,34.25,"SEV_BLACK",2018,9,2018-09-01
-1.29705119132996,-106.75,34.25,"SEV_BLUE",2018,9,2018-09-01
-0.881765723228455,-104.75,40.75,"SGS",2018,9,2018-09-01
0.145366787910461,-104.75,41.25,"CHY",2018,10,2018-10-01
0.877273082733154,-99.25,38.75,"HAYS",2018,10,2018-10-01
0.884122490882874,-96.75,39.25,"KNZ",2018,10,2018-10-01
0.303987085819244,-106.75,34.25,"SEV_BLACK",2018,10,2018-10-01
0.303987085819244,-106.75,34.25,"SEV_BLUE",2018,10,2018-10-01
-0.383549839258194,-104.75,40.75,"SGS",2018,10,2018-10-01
0.16224168241024,-104.75,41.25,"CHY",2018,11,2018-11-01
1.1722799539566,-99.25,38.75,"HAYS",2018,11,2018-11-01
1.25612413883209,-96.75,39.25,"KNZ",2018,11,2018-11-01
0.596494793891907,-106.75,34.25,"SEV_BLACK",2018,11,2018-11-01
0.596494793891907,-106.75,34.25,"SEV_BLUE",2018,11,2018-11-01
-0.218614459037781,-104.75,40.75,"SGS",2018,11,2018-11-01
0.479203999042511,-104.75,41.25,"CHY",2018,12,2018-12-01
1.59977543354034,-99.25,38.75,"HAYS",2018,12,2018-12-01
1.5791894197464,-96.75,39.25,"KNZ",2018,12,2018-12-01
0.723294198513031,-106.75,34.25,"SEV_BLACK",2018,12,2018-12-01
0.723294198513031,-106.75,34.25,"SEV_BLUE",2018,12,2018-12-01
0.309217572212219,-104.75,40.75,"SGS",2018,12,2018-12-01
0.300611555576324,-104.75,41.25,"CHY",2019,1,2019-01-01
1.90539968013763,-99.25,38.75,"HAYS",2019,1,2019-01-01
2.03077244758606,-96.75,39.25,"KNZ",2019,1,2019-01-01
0.756990551948547,-106.75,34.25,"SEV_BLACK",2019,1,2019-01-01
0.756990551948547,-106.75,34.25,"SEV_BLUE",2019,1,2019-01-01
0.411257535219193,-104.75,40.75,"SGS",2019,1,2019-01-01
0.157907664775848,-104.75,41.25,"CHY",2019,2,2019-02-01
1.7992490530014,-99.25,38.75,"HAYS",2019,2,2019-02-01
2.07159972190857,-96.75,39.25,"KNZ",2019,2,2019-02-01
1.14156591892242,-106.75,34.25,"SEV_BLACK",2019,2,2019-02-01
1.14156591892242,-106.75,34.25,"SEV_BLUE",2019,2,2019-02-01
0.267253875732422,-104.75,40.75,"SGS",2019,2,2019-02-01
1.44921708106995,-104.75,41.25,"CHY",2019,3,2019-03-01
1.71665334701538,-99.25,38.75,"HAYS",2019,3,2019-03-01
2.10021948814392,-96.75,39.25,"KNZ",2019,3,2019-03-01
1.3060085773468,-106.75,34.25,"SEV_BLACK",2019,3,2019-03-01
1.3060085773468,-106.75,34.25,"SEV_BLUE",2019,3,2019-03-01
1.55927383899689,-104.75,40.75,"SGS",2019,3,2019-03-01
1.01026844978333,-104.75,41.25,"CHY",2019,4,2019-04-01
0.92020970582962,-99.25,38.75,"HAYS",2019,4,2019-04-01
1.25807273387909,-96.75,39.25,"KNZ",2019,4,2019-04-01
0.161074221134186,-106.75,34.25,"SEV_BLACK",2019,4,2019-04-01
0.161074221134186,-106.75,34.25,"SEV_BLUE",2019,4,2019-04-01
0.860067427158356,-104.75,40.75,"SGS",2019,4,2019-04-01
1.89476084709167,-104.75,41.25,"CHY",2019,5,2019-05-01
1.74498701095581,-99.25,38.75,"HAYS",2019,5,2019-05-01
2.09056735038757,-96.75,39.25,"KNZ",2019,5,2019-05-01
0.473127990961075,-106.75,34.25,"SEV_BLACK",2019,5,2019-05-01
0.473127990961075,-106.75,34.25,"SEV_BLUE",2019,5,2019-05-01
1.64819633960724,-104.75,40.75,"SGS",2019,5,2019-05-01
1.83088254928589,-104.75,41.25,"CHY",2019,6,2019-06-01
1.57062220573425,-99.25,38.75,"HAYS",2019,6,2019-06-01
1.75248456001282,-96.75,39.25,"KNZ",2019,6,2019-06-01
0.377333700656891,-106.75,34.25,"SEV_BLACK",2019,6,2019-06-01
0.377333700656891,-106.75,34.25,"SEV_BLUE",2019,6,2019-06-01
1.81993663311005,-104.75,40.75,"SGS",2019,6,2019-06-01
1.77318954467773,-104.75,41.25,"CHY",2019,7,2019-07-01
1.38618469238281,-99.25,38.75,"HAYS",2019,7,2019-07-01
1.42246758937836,-96.75,39.25,"KNZ",2019,7,2019-07-01
-0.0284663289785385,-106.75,34.25,"SEV_BLACK",2019,7,2019-07-01
-0.0284663289785385,-106.75,34.25,"SEV_BLUE",2019,7,2019-07-01
1.64893925189972,-104.75,40.75,"SGS",2019,7,2019-07-01
1.55928885936737,-104.75,41.25,"CHY",2019,8,2019-08-01
1.58885073661804,-99.25,38.75,"HAYS",2019,8,2019-08-01
1.6612811088562,-96.75,39.25,"KNZ",2019,8,2019-08-01
-0.862557530403137,-106.75,34.25,"SEV_BLACK",2019,8,2019-08-01
-0.862557530403137,-106.75,34.25,"SEV_BLUE",2019,8,2019-08-01
1.34900009632111,-104.75,40.75,"SGS",2019,8,2019-08-01
0.963726282119751,-104.75,41.25,"CHY",2019,9,2019-09-01
1.20177888870239,-99.25,38.75,"HAYS",2019,9,2019-09-01
1.30924689769745,-96.75,39.25,"KNZ",2019,9,2019-09-01
-1.14978039264679,-106.75,34.25,"SEV_BLACK",2019,9,2019-09-01
-1.14978039264679,-106.75,34.25,"SEV_BLUE",2019,9,2019-09-01
0.611843168735504,-104.75,40.75,"SGS",2019,9,2019-09-01
1.23134028911591,-104.75,41.25,"CHY",2019,10,2019-10-01
1.42972004413605,-99.25,38.75,"HAYS",2019,10,2019-10-01
1.51526284217834,-96.75,39.25,"KNZ",2019,10,2019-10-01
-0.537909090518951,-106.75,34.25,"SEV_BLACK",2019,10,2019-10-01
-0.537909090518951,-106.75,34.25,"SEV_BLUE",2019,10,2019-10-01
1.07823276519775,-104.75,40.75,"SGS",2019,10,2019-10-01
0.61873459815979,-104.75,41.25,"CHY",2019,11,2019-11-01
0.634566128253937,-99.25,38.75,"HAYS",2019,11,2019-11-01
0.726460337638855,-96.75,39.25,"KNZ",2019,11,2019-11-01
-0.321259707212448,-106.75,34.25,"SEV_BLACK",2019,11,2019-11-01
-0.321259707212448,-106.75,34.25,"SEV_BLUE",2019,11,2019-11-01
0.436480641365051,-104.75,40.75,"SGS",2019,11,2019-11-01
0.523612141609192,-104.75,41.25,"CHY",2019,12,2019-12-01
0.613293766975403,-99.25,38.75,"HAYS",2019,12,2019-12-01
0.709487557411194,-96.75,39.25,"KNZ",2019,12,2019-12-01
-0.326091051101685,-106.75,34.25,"SEV_BLACK",2019,12,2019-12-01
-0.326091051101685,-106.75,34.25,"SEV_BLUE",2019,12,2019-12-01
0.0189769547432661,-104.75,40.75,"SGS",2019,12,2019-12-01
0.11455761641264,-104.75,41.25,"CHY",2020,1,2020-01-01
0.885227024555206,-99.25,38.75,"HAYS",2020,1,2020-01-01
1.08619630336761,-96.75,39.25,"KNZ",2020,1,2020-01-01
-0.0717958956956863,-106.75,34.25,"SEV_BLACK",2020,1,2020-01-01
-0.0717958956956863,-106.75,34.25,"SEV_BLUE",2020,1,2020-01-01
-0.197336360812187,-104.75,40.75,"SGS",2020,1,2020-01-01
0.594172775745392,-104.75,41.25,"CHY",2020,2,2020-02-01
-0.0480162724852562,-99.25,38.75,"HAYS",2020,2,2020-02-01
0.226392433047295,-96.75,39.25,"KNZ",2020,2,2020-02-01
0.845047116279602,-106.75,34.25,"SEV_BLACK",2020,2,2020-02-01
0.845047116279602,-106.75,34.25,"SEV_BLUE",2020,2,2020-02-01
0.46280175447464,-104.75,40.75,"SGS",2020,2,2020-02-01
0.789669990539551,-104.75,41.25,"CHY",2020,3,2020-03-01
0.348989248275757,-99.25,38.75,"HAYS",2020,3,2020-03-01
0.598405838012695,-96.75,39.25,"KNZ",2020,3,2020-03-01
1.03704392910004,-106.75,34.25,"SEV_BLACK",2020,3,2020-03-01
1.03704392910004,-106.75,34.25,"SEV_BLUE",2020,3,2020-03-01
0.733725965023041,-104.75,40.75,"SGS",2020,3,2020-03-01
0.0146400462836027,-104.75,41.25,"CHY",2020,4,2020-04-01
-0.260031849145889,-99.25,38.75,"HAYS",2020,4,2020-04-01
0.0642778053879738,-96.75,39.25,"KNZ",2020,4,2020-04-01
0.281695544719696,-106.75,34.25,"SEV_BLACK",2020,4,2020-04-01
0.281695544719696,-106.75,34.25,"SEV_BLUE",2020,4,2020-04-01
-0.285625755786896,-104.75,40.75,"SGS",2020,4,2020-04-01
-1.17406380176544,-104.75,41.25,"CHY",2020,5,2020-05-01
-0.0540033839643002,-99.25,38.75,"HAYS",2020,5,2020-05-01
0.313076496124268,-96.75,39.25,"KNZ",2020,5,2020-05-01
-0.61709588766098,-106.75,34.25,"SEV_BLACK",2020,5,2020-05-01
-0.61709588766098,-106.75,34.25,"SEV_BLUE",2020,5,2020-05-01
-1.40832126140594,-104.75,40.75,"SGS",2020,5,2020-05-01
-1.39795708656311,-104.75,41.25,"CHY",2020,6,2020-06-01
-0.587936222553253,-99.25,38.75,"HAYS",2020,6,2020-06-01
-0.451174855232239,-96.75,39.25,"KNZ",2020,6,2020-06-01
-0.801119267940521,-106.75,34.25,"SEV_BLACK",2020,6,2020-06-01
-0.801119267940521,-106.75,34.25,"SEV_BLUE",2020,6,2020-06-01
-1.53134155273438,-104.75,40.75,"SGS",2020,6,2020-06-01
-1.26877665519714,-104.75,41.25,"CHY",2020,7,2020-07-01
0.271030247211456,-99.25,38.75,"HAYS",2020,7,2020-07-01
0.50813901424408,-96.75,39.25,"KNZ",2020,7,2020-07-01
-1.10037124156952,-106.75,34.25,"SEV_BLACK",2020,7,2020-07-01
-1.10037124156952,-106.75,34.25,"SEV_BLUE",2020,7,2020-07-01
-1.49211168289185,-104.75,40.75,"SGS",2020,7,2020-07-01
-1.72117674350739,-104.75,41.25,"CHY",2020,8,2020-08-01
-0.0538448467850685,-99.25,38.75,"HAYS",2020,8,2020-08-01
0.1749267578125,-96.75,39.25,"KNZ",2020,8,2020-08-01
-2.02098894119263,-106.75,34.25,"SEV_BLACK",2020,8,2020-08-01
-2.02098894119263,-106.75,34.25,"SEV_BLUE",2020,8,2020-08-01
-1.90000712871552,-104.75,40.75,"SGS",2020,8,2020-08-01
-1.88321685791016,-104.75,41.25,"CHY",2020,9,2020-09-01
-0.201246827840805,-99.25,38.75,"HAYS",2020,9,2020-09-01
-0.067929595708847,-96.75,39.25,"KNZ",2020,9,2020-09-01
-2.10025882720947,-106.75,34.25,"SEV_BLACK",2020,9,2020-09-01
-2.10025882720947,-106.75,34.25,"SEV_BLUE",2020,9,2020-09-01
-2.00477361679077,-104.75,40.75,"SGS",2020,9,2020-09-01
-1.86200356483459,-104.75,41.25,"CHY",2020,10,2020-10-01
-0.120409101247787,-99.25,38.75,"HAYS",2020,10,2020-10-01
-0.193041548132896,-96.75,39.25,"KNZ",2020,10,2020-10-01
-2.25688886642456,-106.75,34.25,"SEV_BLACK",2020,10,2020-10-01
-2.25688886642456,-106.75,34.25,"SEV_BLUE",2020,10,2020-10-01
-1.91492092609406,-104.75,40.75,"SGS",2020,10,2020-10-01
-1.90941548347473,-104.75,41.25,"CHY",2020,11,2020-11-01
-0.203520566225052,-99.25,38.75,"HAYS",2020,11,2020-11-01
-0.304746896028519,-96.75,39.25,"KNZ",2020,11,2020-11-01
-2.24119782447815,-106.75,34.25,"SEV_BLACK",2020,11,2020-11-01
-2.24119782447815,-106.75,34.25,"SEV_BLUE",2020,11,2020-11-01
-1.87328815460205,-104.75,40.75,"SGS",2020,11,2020-11-01
-1.97479164600372,-104.75,41.25,"CHY",2020,12,2020-12-01
0.0682658553123474,-99.25,38.75,"HAYS",2020,12,2020-12-01
0.104757629334927,-96.75,39.25,"KNZ",2020,12,2020-12-01
-2.1754047870636,-106.75,34.25,"SEV_BLACK",2020,12,2020-12-01
-2.1754047870636,-106.75,34.25,"SEV_BLUE",2020,12,2020-12-01
-1.89854872226715,-104.75,40.75,"SGS",2020,12,2020-12-01
-2.0647931098938,-104.75,41.25,"CHY",2021,1,2021-01-01
-1.07691848278046,-99.25,38.75,"HAYS",2021,1,2021-01-01
-1.13060069084167,-96.75,39.25,"KNZ",2021,1,2021-01-01
-2.09190559387207,-106.75,34.25,"SEV_BLACK",2021,1,2021-01-01
-2.09190559387207,-106.75,34.25,"SEV_BLUE",2021,1,2021-01-01
-1.97818970680237,-104.75,40.75,"SGS",2021,1,2021-01-01
-0.914429843425751,-104.75,41.25,"CHY",2021,2,2021-02-01
-0.29688286781311,-99.25,38.75,"HAYS",2021,2,2021-02-01
-0.591890037059784,-96.75,39.25,"KNZ",2021,2,2021-02-01
-1.50668978691101,-106.75,34.25,"SEV_BLACK",2021,2,2021-02-01
-1.50668978691101,-106.75,34.25,"SEV_BLUE",2021,2,2021-02-01
-0.725253045558929,-104.75,40.75,"SGS",2021,2,2021-02-01
0.582495748996735,-104.75,41.25,"CHY",2021,3,2021-03-01
0.700866281986237,-99.25,38.75,"HAYS",2021,3,2021-03-01
0.236008778214455,-96.75,39.25,"KNZ",2021,3,2021-03-01
-1.22497177124023,-106.75,34.25,"SEV_BLACK",2021,3,2021-03-01
-1.22497177124023,-106.75,34.25,"SEV_BLUE",2021,3,2021-03-01
0.527201354503632,-104.75,40.75,"SGS",2021,3,2021-03-01
0.657874405384064,-104.75,41.25,"CHY",2021,4,2021-04-01
0.510418713092804,-99.25,38.75,"HAYS",2021,4,2021-04-01
0.341411232948303,-96.75,39.25,"KNZ",2021,4,2021-04-01
-0.773098587989807,-106.75,34.25,"SEV_BLACK",2021,4,2021-04-01
-0.773098587989807,-106.75,34.25,"SEV_BLUE",2021,4,2021-04-01
0.514828026294708,-104.75,40.75,"SGS",2021,4,2021-04-01
0.96111524105072,-104.75,41.25,"CHY",2021,5,2021-05-01
0.847222864627838,-99.25,38.75,"HAYS",2021,5,2021-05-01
0.542467176914215,-96.75,39.25,"KNZ",2021,5,2021-05-01
-0.633386135101318,-106.75,34.25,"SEV_BLACK",2021,5,2021-05-01
-0.633386135101318,-106.75,34.25,"SEV_BLUE",2021,5,2021-05-01
0.858678877353668,-104.75,40.75,"SGS",2021,5,2021-05-01
0.304952174425125,-104.75,41.25,"CHY",2021,6,2021-06-01
0.26602840423584,-99.25,38.75,"HAYS",2021,6,2021-06-01
0.386363834142685,-96.75,39.25,"KNZ",2021,6,2021-06-01
-0.0902238339185715,-106.75,34.25,"SEV_BLACK",2021,6,2021-06-01
-0.0902238339185715,-106.75,34.25,"SEV_BLUE",2021,6,2021-06-01
0.242960974574089,-104.75,40.75,"SGS",2021,6,2021-06-01
0.136001497507095,-104.75,41.25,"CHY",2021,7,2021-07-01
0.0655570328235626,-99.25,38.75,"HAYS",2021,7,2021-07-01
0.0158705003559589,-96.75,39.25,"KNZ",2021,7,2021-07-01
0.738107621669769,-106.75,34.25,"SEV_BLACK",2021,7,2021-07-01
0.738107621669769,-106.75,34.25,"SEV_BLUE",2021,7,2021-07-01
0.199049040675163,-104.75,40.75,"SGS",2021,7,2021-07-01
-0.381578773260117,-104.75,41.25,"CHY",2021,8,2021-08-01
-0.218677431344986,-99.25,38.75,"HAYS",2021,8,2021-08-01
-0.115869268774986,-96.75,39.25,"KNZ",2021,8,2021-08-01
0.41276142001152,-106.75,34.25,"SEV_BLACK",2021,8,2021-08-01
0.41276142001152,-106.75,34.25,"SEV_BLUE",2021,8,2021-08-01
-0.385986864566803,-104.75,40.75,"SGS",2021,8,2021-08-01
-1.15488994121552,-104.75,41.25,"CHY",2021,9,2021-09-01
-0.70707893371582,-99.25,38.75,"HAYS",2021,9,2021-09-01
-0.589166700839996,-96.75,39.25,"KNZ",2021,9,2021-09-01
0.278248727321625,-106.75,34.25,"SEV_BLACK",2021,9,2021-09-01
0.278248727321625,-106.75,34.25,"SEV_BLUE",2021,9,2021-09-01
-1.11906278133392,-104.75,40.75,"SGS",2021,9,2021-09-01
-1.16223227977753,-104.75,41.25,"CHY",2021,10,2021-10-01
-0.294860333204269,-99.25,38.75,"HAYS",2021,10,2021-10-01
-0.0969576016068459,-96.75,39.25,"KNZ",2021,10,2021-10-01
-0.113240696489811,-106.75,34.25,"SEV_BLACK",2021,10,2021-10-01
-0.113240696489811,-106.75,34.25,"SEV_BLUE",2021,10,2021-10-01
-1.17957401275635,-104.75,40.75,"SGS",2021,10,2021-10-01
-1.70157361030579,-104.75,41.25,"CHY",2021,11,2021-11-01
-0.780790150165558,-99.25,38.75,"HAYS",2021,11,2021-11-01
-0.44184210896492,-96.75,39.25,"KNZ",2021,11,2021-11-01
-0.295440882444382,-106.75,34.25,"SEV_BLACK",2021,11,2021-11-01
-0.295440882444382,-106.75,34.25,"SEV_BLUE",2021,11,2021-11-01
-1.67396199703217,-104.75,40.75,"SGS",2021,11,2021-11-01
-1.85692095756531,-104.75,41.25,"CHY",2021,12,2021-12-01
-0.821932137012482,-99.25,38.75,"HAYS",2021,12,2021-12-01
-0.642174780368805,-96.75,39.25,"KNZ",2021,12,2021-12-01
-0.828724026679993,-106.75,34.25,"SEV_BLACK",2021,12,2021-12-01
-0.828724026679993,-106.75,34.25,"SEV_BLUE",2021,12,2021-12-01
-1.74664640426636,-104.75,40.75,"SGS",2021,12,2021-12-01
